question_id,task_id,difficulty,topic_tags,estimated_date,split,is_company_tagged,companies_count,companies,top_companies,companies_6months,companies_1year,companies_2year,companies_alltime,total_company_mentions,leetcode_url
1,two-sum,Easy,Array; Hash Table,2015-08-07,train,True,72,adobe; aetion; affirm; airbnb; alibaba; amazon; apple; audible; baidu; blackrock; bloomberg; bookingcom; box; bytedance; cisco; citadel; cloudera; deutsche-bank; didi; drawbridge; dropbox; ebay; emc; expedia; facebook; factset; ge-digital; godaddy; goldman-sachs; google; groupon; huawei; ibm; indeed; intel; intuit; jpmorgan; linkedin; lyft; mathworks; microsoft; morgan-stanley; netease; nvidia; oracle; paypal; qualcomm; quora; radius; roblox; salesforce; samsung; sap; servicenow; snapchat; splunk; spotify; tableau; tencent; twilio; twitter; uber; valve; visa; vmware; wish; works-applications; yahoo; yandex; yelp; zillow; zoho,google; amazon; facebook; microsoft; adobe; apple; bloomberg; alibaba; uber; linkedin; airbnb; goldman-sachs; yahoo; oracle; baidu; tencent; cisco; ebay; yandex; paypal; vmware; sap; intel; visa; salesforce; yelp; expedia; ibm; morgan-stanley; huawei; samsung; intuit; jpmorgan; box; servicenow; snapchat; twitter; godaddy; aetion; bytedance; affirm; works-applications; nvidia; blackrock; zillow; factset; groupon; lyft; mathworks; deutsche-bank; indeed; qualcomm; netease; citadel; dropbox; emc; quora; zoho; tableau; wish; bookingcom; audible; splunk; spotify; valve; didi; radius; twilio; cloudera; ge-digital; drawbridge; roblox,adobe; alibaba; amazon; apple; bloomberg; bytedance; cisco; cloudera; ebay; facebook; goldman-sachs; google; groupon; microsoft; oracle; paypal; salesforce; samsung; sap; servicenow; uber; visa; vmware; yahoo,adobe; alibaba; amazon; apple; bloomberg; bytedance; cisco; cloudera; ebay; expedia; facebook; factset; godaddy; goldman-sachs; google; groupon; huawei; ibm; intel; intuit; linkedin; mathworks; microsoft; morgan-stanley; nvidia; oracle; paypal; qualcomm; roblox; salesforce; samsung; sap; servicenow; splunk; tableau; twitter; uber; visa; vmware; yahoo; yandex,adobe; aetion; affirm; airbnb; alibaba; amazon; apple; audible; baidu; blackrock; bloomberg; bookingcom; box; bytedance; cisco; citadel; cloudera; deutsche-bank; didi; drawbridge; ebay; emc; expedia; facebook; factset; ge-digital; godaddy; goldman-sachs; google; groupon; huawei; ibm; indeed; intel; intuit; jpmorgan; linkedin; lyft; mathworks; microsoft; morgan-stanley; netease; nvidia; oracle; paypal; qualcomm; quora; radius; roblox; salesforce; samsung; sap; servicenow; snapchat; splunk; spotify; tableau; tencent; twilio; twitter; uber; valve; visa; vmware; wish; works-applications; yahoo; yandex; zillow; zoho,adobe; aetion; affirm; airbnb; alibaba; amazon; apple; audible; baidu; blackrock; bloomberg; bookingcom; box; bytedance; cisco; citadel; cloudera; deutsche-bank; didi; drawbridge; dropbox; ebay; emc; expedia; facebook; factset; ge-digital; godaddy; goldman-sachs; google; groupon; huawei; ibm; indeed; intel; intuit; jpmorgan; linkedin; lyft; mathworks; microsoft; morgan-stanley; netease; nvidia; oracle; paypal; qualcomm; quora; radius; roblox; salesforce; samsung; sap; servicenow; snapchat; splunk; spotify; tableau; tencent; twilio; twitter; uber; valve; visa; vmware; wish; works-applications; yahoo; yandex; yelp; zillow; zoho,207,https://leetcode.com/problems/two-sum
2,add-two-numbers,Medium,Recursion; Linked List; Math,2015-08-07,train,True,37,adobe; aetion; airbnb; alibaba; amazon; apple; baidu; bloomberg; bytedance; capital-one; cisco; dell; docusign; ebay; facebook; flipkart; google; grab; huawei; ibm; intel; lyft; mathworks; microsoft; nvidia; oracle; paypal; qualcomm; redfin; salesforce; servicenow; uber; vmware; wish; yahoo; yandex; zoho,amazon; google; microsoft; adobe; bloomberg; apple; facebook; capital-one; uber; yahoo; alibaba; baidu; airbnb; cisco; oracle; vmware; yandex; intel; paypal; bytedance; flipkart; aetion; grab; mathworks; nvidia; redfin; qualcomm; ebay; salesforce; servicenow; ibm; lyft; huawei; zoho; docusign; dell; wish,adobe; amazon; apple; bloomberg; docusign; facebook; google; microsoft; paypal; uber; vmware; yahoo,adobe; amazon; apple; bloomberg; bytedance; capital-one; cisco; docusign; facebook; google; huawei; microsoft; oracle; paypal; qualcomm; salesforce; servicenow; uber; vmware; yahoo; zoho,adobe; aetion; airbnb; alibaba; amazon; apple; baidu; bloomberg; bytedance; capital-one; cisco; dell; docusign; ebay; facebook; flipkart; google; grab; huawei; ibm; intel; lyft; mathworks; microsoft; nvidia; oracle; paypal; qualcomm; redfin; salesforce; servicenow; uber; vmware; wish; yahoo; yandex; zoho,adobe; aetion; airbnb; alibaba; amazon; apple; baidu; bloomberg; bytedance; capital-one; cisco; dell; docusign; ebay; facebook; flipkart; google; grab; huawei; ibm; intel; lyft; mathworks; microsoft; nvidia; oracle; paypal; qualcomm; redfin; salesforce; servicenow; uber; vmware; wish; yahoo; yandex; zoho,107,https://leetcode.com/problems/add-two-numbers
3,longest-substring-without-repeating-characters,Medium,Hash Table; String; Sliding Window,2015-08-07,train,True,33,adobe; alation; alibaba; amazon; apple; atlassian; baidu; bloomberg; bytedance; cisco; coupang; ebay; expedia; facebook; goldman-sachs; google; huawei; microsoft; oracle; paypal; salesforce; samsung; sap; snapchat; spotify; twitch; uber; vmware; yahoo; yandex; yelp; zillow; zoho,amazon; google; facebook; adobe; microsoft; bloomberg; apple; alibaba; uber; yahoo; baidu; cisco; yelp; goldman-sachs; alation; oracle; ebay; bytedance; yandex; vmware; huawei; expedia; paypal; sap; snapchat; samsung; zillow; atlassian; spotify; twitch; zoho; salesforce; coupang,adobe; amazon; apple; atlassian; bloomberg; bytedance; cisco; ebay; facebook; goldman-sachs; google; microsoft; oracle; spotify; uber; vmware; yahoo; yandex,adobe; alation; amazon; apple; atlassian; bloomberg; bytedance; cisco; coupang; ebay; expedia; facebook; goldman-sachs; google; huawei; microsoft; oracle; salesforce; spotify; uber; vmware; yahoo; yandex; zillow; zoho,adobe; alation; alibaba; amazon; apple; atlassian; baidu; bloomberg; bytedance; cisco; coupang; ebay; expedia; facebook; goldman-sachs; google; huawei; microsoft; oracle; paypal; salesforce; samsung; sap; snapchat; spotify; twitch; uber; vmware; yahoo; yandex; yelp; zillow; zoho,adobe; alation; alibaba; amazon; apple; atlassian; baidu; bloomberg; bytedance; cisco; coupang; ebay; expedia; facebook; goldman-sachs; google; huawei; microsoft; oracle; paypal; salesforce; samsung; sap; snapchat; spotify; twitch; uber; vmware; yahoo; yandex; yelp; zillow; zoho,109,https://leetcode.com/problems/longest-substring-without-repeating-characters
4,median-of-two-sorted-arrays,Hard,Array; Binary Search; Divide and Conquer,2015-08-07,train,True,31,adobe; airbnb; alibaba; amazon; apple; bloomberg; bytedance; didi; dropbox; ebay; facebook; garena; godaddy; goldman-sachs; google; houzz; huawei; jpmorgan; microsoft; oracle; rubrik; tencent; two-sigma; uber; visa; vmware; yahoo; yandex; zenefits; zillow; zulily,amazon; google; microsoft; goldman-sachs; adobe; apple; facebook; alibaba; bloomberg; yahoo; uber; tencent; vmware; ebay; oracle; two-sigma; airbnb; bytedance; jpmorgan; visa; yandex; zillow; dropbox; didi; huawei; rubrik; zenefits; zulily; godaddy; houzz; garena,adobe; amazon; apple; bloomberg; bytedance; facebook; goldman-sachs; google; microsoft; oracle,adobe; amazon; apple; bloomberg; bytedance; facebook; goldman-sachs; google; microsoft; oracle; uber; yahoo; zulily,adobe; airbnb; alibaba; amazon; apple; bloomberg; bytedance; didi; ebay; facebook; garena; godaddy; goldman-sachs; google; houzz; huawei; jpmorgan; microsoft; oracle; rubrik; tencent; two-sigma; uber; visa; vmware; yahoo; yandex; zillow; zulily,adobe; airbnb; alibaba; amazon; apple; bloomberg; bytedance; didi; dropbox; ebay; facebook; garena; godaddy; goldman-sachs; google; houzz; huawei; jpmorgan; microsoft; oracle; rubrik; tencent; two-sigma; uber; visa; vmware; yahoo; yandex; zenefits; zillow; zulily,83,https://leetcode.com/problems/median-of-two-sorted-arrays
5,longest-palindromic-substring,Medium,Two Pointers; String; Dynamic Programming,2015-08-07,train,True,30,adobe; airbnb; alibaba; amazon; appdynamics; apple; bloomberg; cisco; ebay; facebook; godaddy; google; huawei; jpmorgan; mathworks; microsoft; nutanix; oracle; paypal; pure-storage; roblox; samsung; sap; servicenow; tencent; uber; vmware; wayfair; yahoo; yandex,amazon; microsoft; google; facebook; adobe; apple; bloomberg; yahoo; tencent; alibaba; uber; cisco; oracle; airbnb; ebay; vmware; sap; jpmorgan; wayfair; paypal; yandex; servicenow; pure-storage; godaddy; huawei; samsung; roblox; mathworks; nutanix; appdynamics,adobe; amazon; apple; bloomberg; cisco; ebay; facebook; google; microsoft; nutanix; oracle; servicenow,adobe; amazon; apple; bloomberg; cisco; ebay; facebook; google; microsoft; nutanix; oracle; paypal; samsung; sap; servicenow; uber; wayfair; yahoo,adobe; airbnb; alibaba; amazon; appdynamics; apple; bloomberg; cisco; ebay; facebook; godaddy; google; huawei; jpmorgan; mathworks; microsoft; nutanix; oracle; paypal; pure-storage; roblox; samsung; sap; servicenow; tencent; uber; vmware; wayfair; yahoo; yandex,adobe; airbnb; alibaba; amazon; appdynamics; apple; bloomberg; cisco; ebay; facebook; godaddy; google; huawei; jpmorgan; mathworks; microsoft; nutanix; oracle; paypal; pure-storage; roblox; samsung; sap; servicenow; tencent; uber; vmware; wayfair; yahoo; yandex,90,https://leetcode.com/problems/longest-palindromic-substring
6,zigzag-conversion,Medium,String,2015-08-07,train,True,10,adobe; amazon; apple; bloomberg; facebook; google; microsoft; paypal; uber; wish,amazon; adobe; paypal; google; microsoft; apple; bloomberg; facebook; uber; wish,adobe; amazon; bloomberg; facebook,adobe; amazon; apple; bloomberg; facebook; google; microsoft; uber; wish,adobe; amazon; apple; bloomberg; facebook; google; microsoft; paypal; uber; wish,adobe; amazon; apple; bloomberg; facebook; google; microsoft; paypal; uber; wish,33,https://leetcode.com/problems/zigzag-conversion
7,reverse-integer,Medium,Math,2015-08-07,train,True,15,adobe; amazon; apple; barclays; bloomberg; cisco; facebook; google; jpmorgan; lyft; microsoft; netease; oracle; uber; yahoo,adobe; google; amazon; bloomberg; microsoft; apple; facebook; yahoo; uber; jpmorgan; oracle; lyft; cisco; netease; barclays,adobe; amazon; apple; bloomberg; facebook; microsoft; yahoo,adobe; amazon; apple; bloomberg; facebook; google; microsoft; oracle; yahoo,adobe; amazon; apple; barclays; bloomberg; cisco; facebook; google; jpmorgan; lyft; microsoft; netease; oracle; uber; yahoo,adobe; amazon; apple; barclays; bloomberg; cisco; facebook; google; jpmorgan; lyft; microsoft; netease; oracle; uber; yahoo,46,https://leetcode.com/problems/reverse-integer
8,string-to-integer-atoi,Medium,String,2015-08-07,train,True,20,adobe; amazon; apple; bloomberg; cisco; citadel; ebay; facebook; goldman-sachs; google; linkedin; microsoft; nvidia; oracle; redfin; sap; tencent; uber; vmware; zillow,microsoft; amazon; facebook; google; apple; goldman-sachs; adobe; bloomberg; linkedin; tencent; ebay; uber; vmware; cisco; sap; nvidia; oracle; redfin; zillow; citadel,amazon; apple; bloomberg; cisco; ebay; facebook; goldman-sachs; google; microsoft; oracle; vmware,adobe; amazon; apple; bloomberg; cisco; ebay; facebook; goldman-sachs; google; linkedin; microsoft; oracle; sap; vmware,adobe; amazon; apple; bloomberg; cisco; citadel; ebay; facebook; goldman-sachs; google; linkedin; microsoft; nvidia; oracle; redfin; sap; tencent; uber; vmware; zillow,adobe; amazon; apple; bloomberg; cisco; citadel; ebay; facebook; goldman-sachs; google; linkedin; microsoft; nvidia; oracle; redfin; sap; tencent; uber; vmware; zillow,65,https://leetcode.com/problems/string-to-integer-atoi
9,palindrome-number,Easy,Math,2015-08-07,train,True,10,adobe; amazon; apple; bloomberg; facebook; google; jpmorgan; microsoft; oracle; yahoo,adobe; amazon; microsoft; google; bloomberg; apple; facebook; yahoo; jpmorgan; oracle,amazon; apple; google,adobe; amazon; apple; bloomberg; google; microsoft; oracle,adobe; amazon; apple; bloomberg; facebook; google; jpmorgan; microsoft; oracle; yahoo,adobe; amazon; apple; bloomberg; facebook; google; jpmorgan; microsoft; oracle; yahoo,30,https://leetcode.com/problems/palindrome-number
10,regular-expression-matching,Hard,Recursion; String; Dynamic Programming,2015-08-07,train,True,22,adobe; airbnb; alibaba; amazon; apple; bloomberg; bytedance; coursera; databricks; ebay; facebook; flipkart; google; houzz; lyft; microsoft; oracle; palantir-technologies; pocket-gems; twitter; uber; zulily,facebook; google; microsoft; amazon; uber; coursera; adobe; bloomberg; alibaba; apple; twitter; airbnb; pocket-gems; oracle; lyft; flipkart; palantir-technologies; ebay; zulily; bytedance; databricks; houzz,adobe; amazon; bloomberg; coursera; databricks; facebook; google; microsoft; oracle,adobe; amazon; apple; bloomberg; coursera; databricks; ebay; facebook; google; lyft; microsoft; oracle; pocket-gems; twitter,adobe; alibaba; amazon; apple; bloomberg; bytedance; coursera; databricks; ebay; facebook; flipkart; google; houzz; lyft; microsoft; oracle; palantir-technologies; pocket-gems; twitter; uber; zulily,adobe; airbnb; alibaba; amazon; apple; bloomberg; bytedance; coursera; databricks; ebay; facebook; flipkart; google; houzz; lyft; microsoft; oracle; palantir-technologies; pocket-gems; twitter; uber; zulily,66,https://leetcode.com/problems/regular-expression-matching
11,container-with-most-water,Medium,Greedy; Array; Two Pointers,2015-08-07,train,True,14,adobe; amazon; apple; bloomberg; bytedance; facebook; goldman-sachs; google; lyft; microsoft; oracle; uber; vmware; yahoo,amazon; google; adobe; facebook; microsoft; goldman-sachs; bloomberg; uber; apple; yahoo; lyft; bytedance; vmware; oracle,adobe; amazon; apple; facebook; goldman-sachs,adobe; amazon; apple; bloomberg; bytedance; facebook; goldman-sachs; google; microsoft; yahoo,adobe; amazon; apple; bloomberg; bytedance; facebook; goldman-sachs; google; lyft; microsoft; oracle; uber; vmware; yahoo,adobe; amazon; apple; bloomberg; bytedance; facebook; goldman-sachs; google; lyft; microsoft; oracle; uber; vmware; yahoo,43,https://leetcode.com/problems/container-with-most-water
12,integer-to-roman,Medium,Hash Table; Math; String,2015-08-07,train,True,16,adobe; amazon; apple; blackrock; bloomberg; evernote; facebook; google; linkedin; microsoft; opendoor; oracle; paypal; salesforce; twitter; yahoo,amazon; microsoft; linkedin; bloomberg; google; adobe; apple; facebook; yahoo; oracle; twitter; paypal; evernote; blackrock; opendoor; salesforce,adobe; amazon; apple; bloomberg; google; paypal,adobe; amazon; apple; blackrock; bloomberg; evernote; google; linkedin; oracle; paypal,adobe; amazon; apple; blackrock; bloomberg; evernote; facebook; google; linkedin; microsoft; opendoor; oracle; paypal; salesforce; yahoo,adobe; amazon; apple; blackrock; bloomberg; evernote; facebook; google; linkedin; microsoft; opendoor; oracle; paypal; salesforce; twitter; yahoo,47,https://leetcode.com/problems/integer-to-roman
13,roman-to-integer,Easy,Hash Table; Math; String,2015-08-07,train,True,14,adobe; amazon; apple; bloomberg; facebook; goldman-sachs; google; linkedin; microsoft; oracle; qualtrics; uber; yahoo; zillow,amazon; facebook; microsoft; adobe; linkedin; google; yahoo; apple; uber; bloomberg; oracle; qualtrics; goldman-sachs; zillow,adobe; amazon; apple; bloomberg; facebook; google; microsoft; yahoo,adobe; amazon; apple; bloomberg; facebook; google; linkedin; microsoft; oracle; qualtrics; uber; yahoo,adobe; amazon; apple; bloomberg; facebook; goldman-sachs; google; linkedin; microsoft; oracle; qualtrics; uber; yahoo; zillow,adobe; amazon; apple; bloomberg; facebook; goldman-sachs; google; linkedin; microsoft; oracle; qualtrics; uber; yahoo; zillow,48,https://leetcode.com/problems/roman-to-integer
14,longest-common-prefix,Easy,Trie; String,2015-08-07,train,True,20,adobe; alibaba; amazon; apple; bloomberg; cisco; ebay; facebook; google; ibm; ixl; microsoft; oracle; pinterest; quora; snapchat; splunk; twilio; visa; yelp,amazon; google; adobe; apple; facebook; microsoft; ixl; quora; yelp; alibaba; bloomberg; cisco; oracle; snapchat; visa; ibm; ebay; pinterest; twilio; splunk,amazon; apple; bloomberg; ebay; facebook; google; oracle,adobe; amazon; apple; bloomberg; cisco; ebay; facebook; google; ixl; microsoft; oracle; snapchat; twilio,adobe; alibaba; amazon; apple; bloomberg; cisco; ebay; facebook; google; ibm; ixl; microsoft; oracle; pinterest; quora; snapchat; splunk; twilio; visa; yelp,adobe; alibaba; amazon; apple; bloomberg; cisco; ebay; facebook; google; ibm; ixl; microsoft; oracle; pinterest; quora; snapchat; splunk; twilio; visa; yelp,60,https://leetcode.com/problems/longest-common-prefix
15,3sum,Medium,Array; Two Pointers; Sorting,2015-08-07,train,True,41,adobe; akuna-capital; alibaba; amazon; apple; baidu; bloomberg; bytedance; cisco; citadel; citrix; coursera; doordash; ebay; expedia; facebook; goldman-sachs; google; groupon; ibm; mathworks; microsoft; oracle; paypal; postmates; qualtrics; quora; salesforce; samsung; servicenow; snapchat; splunk; square; tencent; uber; visa; vmware; works-applications; yahoo; yandex; zoho,facebook; amazon; google; microsoft; adobe; apple; bloomberg; uber; yahoo; ebay; alibaba; oracle; goldman-sachs; expedia; qualtrics; salesforce; snapchat; quora; tencent; visa; samsung; doordash; vmware; yandex; cisco; paypal; baidu; citadel; ibm; mathworks; servicenow; square; coursera; bytedance; groupon; akuna-capital; citrix; works-applications; splunk; postmates; zoho,adobe; amazon; apple; bloomberg; citrix; ebay; facebook; google; microsoft; oracle; uber; vmware,adobe; amazon; apple; bloomberg; citadel; citrix; doordash; ebay; facebook; google; ibm; mathworks; microsoft; oracle; paypal; qualtrics; samsung; servicenow; uber; visa; vmware; zoho,adobe; akuna-capital; alibaba; amazon; apple; baidu; bloomberg; bytedance; cisco; citadel; citrix; coursera; doordash; ebay; expedia; facebook; goldman-sachs; google; groupon; ibm; mathworks; microsoft; oracle; paypal; postmates; qualtrics; quora; salesforce; samsung; servicenow; snapchat; splunk; square; tencent; uber; visa; vmware; yahoo; yandex; zoho,adobe; akuna-capital; alibaba; amazon; apple; baidu; bloomberg; bytedance; cisco; citadel; citrix; coursera; doordash; ebay; expedia; facebook; goldman-sachs; google; groupon; ibm; mathworks; microsoft; oracle; paypal; postmates; qualtrics; quora; salesforce; samsung; servicenow; snapchat; splunk; square; tencent; uber; visa; vmware; works-applications; yahoo; yandex; zoho,115,https://leetcode.com/problems/3sum
16,3sum-closest,Medium,Array; Two Pointers; Sorting,2015-08-07,train,True,12,adobe; amazon; apple; bloomberg; facebook; goldman-sachs; google; microsoft; sap; uber; vmware; yandex,amazon; google; adobe; apple; facebook; bloomberg; microsoft; uber; goldman-sachs; sap; vmware; yandex,amazon; apple; facebook; google,adobe; amazon; apple; bloomberg; facebook; goldman-sachs; google; microsoft,adobe; amazon; apple; bloomberg; facebook; goldman-sachs; google; microsoft; sap; uber; vmware; yandex,adobe; amazon; apple; bloomberg; facebook; goldman-sachs; google; microsoft; sap; uber; vmware; yandex,36,https://leetcode.com/problems/3sum-closest
17,letter-combinations-of-a-phone-number,Medium,Hash Table; String; Backtracking,2015-08-07,train,True,25,amazon; apple; atlassian; bloomberg; cisco; dropbox; ebay; facebook; goldman-sachs; google; jpmorgan; lyft; microsoft; morgan-stanley; nutanix; oracle; quip; roblox; salesforce; servicenow; square; twilio; uber; vmware; yahoo,facebook; amazon; microsoft; google; uber; dropbox; apple; salesforce; oracle; bloomberg; atlassian; lyft; yahoo; square; ebay; vmware; jpmorgan; morgan-stanley; roblox; cisco; servicenow; goldman-sachs; nutanix; quip; twilio,amazon; apple; atlassian; ebay; facebook; goldman-sachs; google; lyft; microsoft; oracle; roblox; servicenow; uber,amazon; apple; atlassian; bloomberg; ebay; facebook; goldman-sachs; google; lyft; microsoft; nutanix; oracle; quip; roblox; salesforce; servicenow; square; uber,amazon; apple; atlassian; bloomberg; cisco; dropbox; ebay; facebook; goldman-sachs; google; jpmorgan; lyft; microsoft; morgan-stanley; nutanix; oracle; quip; roblox; salesforce; servicenow; square; twilio; uber; vmware; yahoo,amazon; apple; atlassian; bloomberg; cisco; dropbox; ebay; facebook; goldman-sachs; google; jpmorgan; lyft; microsoft; morgan-stanley; nutanix; oracle; quip; roblox; salesforce; servicenow; square; twilio; uber; vmware; yahoo,81,https://leetcode.com/problems/letter-combinations-of-a-phone-number
18,4sum,Medium,Array; Two Pointers; Sorting,2015-08-07,train,True,9,adobe; amazon; apple; bloomberg; facebook; google; microsoft; samsung; yahoo,amazon; facebook; adobe; google; apple; microsoft; yahoo; bloomberg; samsung,adobe; amazon; apple; microsoft,adobe; amazon; apple; google; microsoft,adobe; amazon; apple; bloomberg; facebook; google; microsoft; samsung; yahoo,adobe; amazon; apple; bloomberg; facebook; google; microsoft; samsung; yahoo,27,https://leetcode.com/problems/4sum
19,remove-nth-node-from-end-of-list,Medium,Linked List; Two Pointers,2015-08-07,train,True,13,adobe; amazon; apple; bloomberg; bytedance; cisco; facebook; goldman-sachs; google; microsoft; oracle; vmware; yandex,amazon; microsoft; facebook; google; adobe; bloomberg; apple; goldman-sachs; oracle; cisco; yandex; bytedance; vmware,amazon; bloomberg; bytedance; facebook; goldman-sachs; microsoft,amazon; bloomberg; bytedance; facebook; goldman-sachs; microsoft; oracle,adobe; amazon; apple; bloomberg; bytedance; cisco; facebook; goldman-sachs; google; microsoft; oracle; vmware; yandex,adobe; amazon; apple; bloomberg; bytedance; cisco; facebook; goldman-sachs; google; microsoft; oracle; vmware; yandex,39,https://leetcode.com/problems/remove-nth-node-from-end-of-list
20,valid-parentheses,Easy,Stack; String,2015-08-07,train,True,52,adobe; airbnb; akuna-capital; amazon; apple; atlassian; audible; barclays; blizzard; bloomberg; cisco; citadel; doordash; ebay; epic-systems; expedia; facebook; godaddy; goldman-sachs; google; ibm; intel; intuit; jpmorgan; linkedin; liveramp; lyft; mathworks; microsoft; morgan-stanley; oracle; paypal; postmates; riot-games; salesforce; samsung; sap; servicenow; splunk; spotify; tencent; tesla; triplebyte; twilio; twitter; uber; visa; vmware; yahoo; yandex; zenefits; zillow,amazon; facebook; microsoft; google; jpmorgan; bloomberg; linkedin; adobe; apple; twitter; expedia; uber; vmware; yandex; oracle; yahoo; mathworks; ebay; paypal; tencent; visa; atlassian; cisco; twilio; airbnb; akuna-capital; salesforce; spotify; barclays; blizzard; citadel; godaddy; servicenow; goldman-sachs; samsung; ibm; lyft; morgan-stanley; riot-games; sap; zillow; intuit; tesla; epic-systems; triplebyte; zenefits; intel; liveramp; doordash; postmates; audible; splunk,adobe; amazon; apple; bloomberg; cisco; citadel; ebay; facebook; goldman-sachs; google; intuit; jpmorgan; linkedin; lyft; microsoft; oracle; paypal; servicenow; splunk; spotify; tesla; uber; vmware,adobe; amazon; apple; atlassian; barclays; bloomberg; cisco; citadel; ebay; expedia; facebook; godaddy; goldman-sachs; google; ibm; intel; intuit; jpmorgan; linkedin; liveramp; lyft; mathworks; microsoft; oracle; paypal; riot-games; salesforce; servicenow; splunk; spotify; tesla; uber; visa; vmware; yahoo; yandex; zillow,adobe; akuna-capital; amazon; apple; atlassian; audible; barclays; blizzard; bloomberg; cisco; citadel; doordash; ebay; epic-systems; expedia; facebook; godaddy; goldman-sachs; google; ibm; intel; intuit; jpmorgan; linkedin; liveramp; lyft; mathworks; microsoft; morgan-stanley; oracle; paypal; postmates; riot-games; salesforce; samsung; sap; servicenow; splunk; spotify; tencent; tesla; triplebyte; twilio; twitter; uber; visa; vmware; yahoo; yandex; zillow,adobe; airbnb; akuna-capital; amazon; apple; atlassian; audible; barclays; blizzard; bloomberg; cisco; citadel; doordash; ebay; epic-systems; expedia; facebook; godaddy; goldman-sachs; google; ibm; intel; intuit; jpmorgan; linkedin; liveramp; lyft; mathworks; microsoft; morgan-stanley; oracle; paypal; postmates; riot-games; salesforce; samsung; sap; servicenow; splunk; spotify; tencent; tesla; triplebyte; twilio; twitter; uber; visa; vmware; yahoo; yandex; zenefits; zillow,162,https://leetcode.com/problems/valid-parentheses
21,merge-two-sorted-lists,Easy,Recursion; Linked List,2015-08-07,train,True,29,adobe; airbnb; alibaba; amazon; apple; arista-networks; atlassian; bloomberg; bytedance; capital-one; cisco; ebay; facebook; google; huawei; indeed; intel; linkedin; lyft; microsoft; oracle; paypal; samsung; tencent; uber; visa; vmware; yahoo; yandex,amazon; microsoft; adobe; facebook; google; bloomberg; apple; yahoo; uber; tencent; alibaba; oracle; linkedin; arista-networks; yandex; indeed; airbnb; bytedance; cisco; ebay; vmware; paypal; capital-one; atlassian; intel; visa; samsung; lyft; huawei,adobe; amazon; apple; bloomberg; bytedance; ebay; facebook; google; microsoft; oracle; vmware; yandex,adobe; amazon; apple; bloomberg; bytedance; cisco; ebay; facebook; google; intel; linkedin; microsoft; oracle; tencent; uber; vmware; yahoo; yandex,adobe; airbnb; alibaba; amazon; apple; arista-networks; atlassian; bloomberg; bytedance; capital-one; cisco; ebay; facebook; google; huawei; indeed; intel; linkedin; lyft; microsoft; oracle; paypal; samsung; tencent; uber; visa; vmware; yahoo; yandex,adobe; airbnb; alibaba; amazon; apple; arista-networks; atlassian; bloomberg; bytedance; capital-one; cisco; ebay; facebook; google; huawei; indeed; intel; linkedin; lyft; microsoft; oracle; paypal; samsung; tencent; uber; visa; vmware; yahoo; yandex,88,https://leetcode.com/problems/merge-two-sorted-lists
22,generate-parentheses,Medium,String; Dynamic Programming; Backtracking,2015-08-07,train,True,24,adobe; alibaba; amazon; apple; atlassian; bloomberg; bytedance; cisco; facebook; google; lyft; microsoft; nutanix; nvidia; salesforce; samsung; sap; snapchat; spotify; uber; yahoo; yandex; yelp; zenefits,amazon; microsoft; google; facebook; adobe; uber; yandex; bloomberg; apple; yahoo; yelp; alibaba; lyft; spotify; salesforce; bytedance; nvidia; snapchat; samsung; cisco; nutanix; atlassian; sap; zenefits,adobe; amazon; apple; atlassian; bytedance; cisco; facebook; google; microsoft; spotify; yandex,adobe; amazon; apple; atlassian; bloomberg; bytedance; cisco; facebook; google; microsoft; nutanix; nvidia; spotify; uber; yahoo; yandex,adobe; alibaba; amazon; apple; atlassian; bloomberg; bytedance; cisco; facebook; google; lyft; microsoft; nutanix; nvidia; salesforce; samsung; sap; snapchat; spotify; uber; yahoo; yandex; yelp,adobe; alibaba; amazon; apple; atlassian; bloomberg; bytedance; cisco; facebook; google; lyft; microsoft; nutanix; nvidia; salesforce; samsung; sap; snapchat; spotify; uber; yahoo; yandex; yelp; zenefits,74,https://leetcode.com/problems/generate-parentheses
23,merge-k-sorted-lists,Hard,Linked List; Divide and Conquer; Heap (Priority Queue); Merge Sort,2015-08-07,train,True,35,adobe; airbnb; alibaba; amazon; apple; atlassian; audible; bloomberg; box; bytedance; cisco; cohesity; cruise-automation; ebay; facebook; goldman-sachs; google; indeed; ixl; linkedin; lyft; mathworks; microsoft; nvidia; oracle; salesforce; sap; tableau; twitter; uber; vmware; wish; yahoo; yandex; zillow,amazon; facebook; google; microsoft; bloomberg; apple; adobe; oracle; uber; indeed; yahoo; ebay; linkedin; alibaba; yandex; wish; vmware; ixl; atlassian; bytedance; twitter; lyft; salesforce; cisco; airbnb; box; goldman-sachs; cruise-automation; zillow; nvidia; sap; tableau; audible; cohesity; mathworks,adobe; amazon; apple; bloomberg; bytedance; ebay; facebook; google; lyft; microsoft; nvidia; oracle; uber; vmware,adobe; amazon; apple; atlassian; bloomberg; bytedance; cruise-automation; ebay; facebook; google; ixl; linkedin; lyft; microsoft; nvidia; oracle; twitter; uber; vmware; wish; yahoo; yandex,adobe; alibaba; amazon; apple; atlassian; audible; bloomberg; box; bytedance; cisco; cohesity; cruise-automation; ebay; facebook; goldman-sachs; google; indeed; ixl; linkedin; lyft; mathworks; microsoft; nvidia; oracle; salesforce; sap; tableau; twitter; uber; vmware; wish; yahoo; yandex; zillow,adobe; airbnb; alibaba; amazon; apple; atlassian; audible; bloomberg; box; bytedance; cisco; cohesity; cruise-automation; ebay; facebook; goldman-sachs; google; indeed; ixl; linkedin; lyft; mathworks; microsoft; nvidia; oracle; salesforce; sap; tableau; twitter; uber; vmware; wish; yahoo; yandex; zillow,105,https://leetcode.com/problems/merge-k-sorted-lists
24,swap-nodes-in-pairs,Medium,Recursion; Linked List,2015-08-07,train,True,12,adobe; amazon; apple; bloomberg; ebay; facebook; google; lyft; microsoft; oracle; sap; uber,microsoft; amazon; facebook; adobe; google; apple; uber; bloomberg; oracle; lyft; sap; ebay,adobe; apple; bloomberg; facebook; google; microsoft,adobe; amazon; apple; bloomberg; facebook; google; microsoft; oracle; uber,adobe; amazon; apple; bloomberg; ebay; facebook; google; lyft; microsoft; oracle; sap; uber,adobe; amazon; apple; bloomberg; ebay; facebook; google; lyft; microsoft; oracle; sap; uber,39,https://leetcode.com/problems/swap-nodes-in-pairs
25,reverse-nodes-in-k-group,Hard,Recursion; Linked List,2015-08-07,train,True,13,adobe; amazon; apple; bytedance; cisco; cohesity; ebay; facebook; google; mathworks; microsoft; paypal; vmware,amazon; microsoft; facebook; mathworks; google; bytedance; adobe; apple; cisco; paypal; vmware; cohesity; ebay,adobe; amazon; apple; bytedance; facebook; mathworks; microsoft,adobe; amazon; apple; bytedance; cisco; facebook; mathworks; microsoft,adobe; amazon; apple; bytedance; cisco; cohesity; ebay; facebook; google; mathworks; microsoft; paypal; vmware,adobe; amazon; apple; bytedance; cisco; cohesity; ebay; facebook; google; mathworks; microsoft; paypal; vmware,41,https://leetcode.com/problems/reverse-nodes-in-k-group
26,remove-duplicates-from-sorted-array,Easy,Array; Two Pointers,2015-08-07,train,True,15,adobe; amazon; apple; bloomberg; cisco; cohesity; ebay; facebook; google; hulu; microsoft; oracle; servicenow; uber; vmware,microsoft; facebook; amazon; google; adobe; bloomberg; apple; cisco; vmware; oracle; uber; servicenow; ebay; cohesity; hulu,amazon; apple; bloomberg; facebook; google; microsoft; oracle; servicenow,adobe; amazon; apple; bloomberg; facebook; google; microsoft; oracle; servicenow; uber,adobe; amazon; apple; bloomberg; cisco; cohesity; ebay; facebook; google; hulu; microsoft; oracle; servicenow; uber; vmware,adobe; amazon; apple; bloomberg; cisco; cohesity; ebay; facebook; google; hulu; microsoft; oracle; servicenow; uber; vmware,48,https://leetcode.com/problems/remove-duplicates-from-sorted-array
27,remove-element,Easy,Array; Two Pointers,2015-08-07,train,True,4,amazon; bloomberg; google; microsoft,google; amazon; microsoft; bloomberg,,bloomberg,amazon; bloomberg; google; microsoft,amazon; bloomberg; google; microsoft,9,https://leetcode.com/problems/remove-element
28,find-the-index-of-the-first-occurrence-in-a-string,Easy,Two Pointers; String; String Matching,2015-08-07,train,True,16,adobe; amazon; apple; bloomberg; citadel; dropbox; ebay; facebook; google; microsoft; oracle; paypal; pocket-gems; vmware; yahoo; yandex,amazon; facebook; microsoft; pocket-gems; google; apple; adobe; bloomberg; yahoo; paypal; ebay; citadel; dropbox; oracle; vmware; yandex,amazon; apple; facebook; microsoft; oracle,amazon; apple; bloomberg; citadel; facebook; google; microsoft; oracle; vmware,adobe; amazon; apple; bloomberg; citadel; dropbox; ebay; facebook; google; microsoft; oracle; paypal; vmware; yahoo; yandex,adobe; amazon; apple; bloomberg; citadel; dropbox; ebay; facebook; google; microsoft; oracle; paypal; pocket-gems; vmware; yahoo; yandex,45,https://leetcode.com/problems/find-the-index-of-the-first-occurrence-in-a-string
29,divide-two-integers,Medium,Bit Manipulation; Math,2015-08-07,train,True,9,adobe; amazon; apple; bloomberg; facebook; google; microsoft; oracle; riot-games,facebook; amazon; microsoft; google; adobe; apple; riot-games; oracle; bloomberg,amazon; apple; facebook; riot-games,amazon; apple; bloomberg; facebook; google; riot-games,adobe; amazon; apple; bloomberg; facebook; google; microsoft; oracle; riot-games,adobe; amazon; apple; bloomberg; facebook; google; microsoft; oracle; riot-games,28,https://leetcode.com/problems/divide-two-integers
30,substring-with-concatenation-of-all-words,Hard,Hash Table; String; Sliding Window,2015-08-07,train,True,7,adobe; amazon; apple; bloomberg; facebook; google; microsoft,amazon; facebook; google; adobe; microsoft; apple; bloomberg,bloomberg,amazon; bloomberg; facebook; google,adobe; amazon; apple; bloomberg; facebook; google; microsoft,adobe; amazon; apple; bloomberg; facebook; google; microsoft,19,https://leetcode.com/problems/substring-with-concatenation-of-all-words
31,next-permutation,Medium,Array; Two Pointers,2015-08-07,train,True,17,adobe; amazon; apple; atlassian; bloomberg; bytedance; ebay; facebook; google; houzz; jpmorgan; microsoft; quora; rubrik; samsung; sumologic; uber,facebook; google; amazon; microsoft; apple; bloomberg; adobe; bytedance; sumologic; uber; jpmorgan; quora; samsung; atlassian; ebay; houzz; rubrik,adobe; amazon; apple; atlassian; bytedance; ebay; facebook; google; microsoft,adobe; amazon; apple; atlassian; bloomberg; bytedance; ebay; facebook; google; jpmorgan; microsoft; uber,adobe; amazon; apple; atlassian; bloomberg; bytedance; ebay; facebook; google; houzz; jpmorgan; microsoft; quora; rubrik; samsung; sumologic; uber,adobe; amazon; apple; atlassian; bloomberg; bytedance; ebay; facebook; google; houzz; jpmorgan; microsoft; quora; rubrik; samsung; sumologic; uber,55,https://leetcode.com/problems/next-permutation
32,longest-valid-parentheses,Hard,Stack; String; Dynamic Programming,2015-08-07,train,True,13,adobe; amazon; apple; bloomberg; citadel; ebay; facebook; google; microsoft; oracle; samsung; uber; yahoo,facebook; amazon; google; microsoft; uber; adobe; apple; citadel; bloomberg; oracle; yahoo; samsung; ebay,amazon; apple; facebook; microsoft; uber,amazon; apple; citadel; facebook; google; microsoft; oracle; uber,adobe; amazon; apple; bloomberg; citadel; ebay; facebook; google; microsoft; oracle; samsung; uber; yahoo,adobe; amazon; apple; bloomberg; citadel; ebay; facebook; google; microsoft; oracle; samsung; uber; yahoo,39,https://leetcode.com/problems/longest-valid-parentheses
33,search-in-rotated-sorted-array,Medium,Array; Binary Search,2015-08-07,train,True,36,adobe; alibaba; amazon; apple; baidu; bloomberg; bytedance; cisco; ebay; expedia; facebook; goldman-sachs; google; ixl; jpmorgan; linkedin; microsoft; netease; nutanix; nvidia; oracle; paypal; salesforce; samsung; snapchat; tencent; tesla; tripadvisor; twitch; uber; visa; vmware; yahoo; yandex; zillow; zulily,amazon; facebook; microsoft; google; linkedin; bloomberg; apple; goldman-sachs; adobe; oracle; baidu; expedia; uber; vmware; alibaba; bytedance; yahoo; ebay; nvidia; tencent; cisco; nutanix; salesforce; ixl; jpmorgan; paypal; snapchat; samsung; tripadvisor; yandex; zillow; visa; netease; twitch; zulily; tesla,amazon; apple; bloomberg; bytedance; ebay; facebook; goldman-sachs; google; linkedin; microsoft; oracle; vmware; yandex,adobe; amazon; apple; bloomberg; bytedance; ebay; expedia; facebook; goldman-sachs; google; linkedin; microsoft; nutanix; nvidia; oracle; tesla; uber; vmware; yahoo; yandex,adobe; alibaba; amazon; apple; baidu; bloomberg; bytedance; cisco; ebay; expedia; facebook; goldman-sachs; google; ixl; jpmorgan; linkedin; microsoft; netease; nutanix; nvidia; oracle; paypal; salesforce; samsung; snapchat; tencent; tesla; tripadvisor; twitch; uber; visa; vmware; yahoo; yandex; zillow; zulily,adobe; alibaba; amazon; apple; baidu; bloomberg; bytedance; cisco; ebay; expedia; facebook; goldman-sachs; google; ixl; jpmorgan; linkedin; microsoft; netease; nutanix; nvidia; oracle; paypal; salesforce; samsung; snapchat; tencent; tesla; tripadvisor; twitch; uber; visa; vmware; yahoo; yandex; zillow; zulily,105,https://leetcode.com/problems/search-in-rotated-sorted-array
34,find-first-and-last-position-of-element-in-sorted-array,Medium,Array; Binary Search,2015-08-07,train,True,17,airbnb; amazon; apple; bloomberg; bytedance; facebook; google; linkedin; microsoft; netflix; oracle; qualtrics; quip; uber; visa; yahoo; yandex,facebook; google; linkedin; uber; amazon; bloomberg; apple; oracle; yahoo; microsoft; bytedance; netflix; visa; yandex; airbnb; qualtrics; quip,amazon; apple; bloomberg; bytedance; facebook; google; linkedin; microsoft; netflix; oracle; quip; uber,amazon; apple; bloomberg; bytedance; facebook; google; linkedin; microsoft; netflix; oracle; quip; uber,airbnb; amazon; apple; bloomberg; bytedance; facebook; google; linkedin; microsoft; netflix; oracle; qualtrics; quip; uber; visa; yahoo; yandex,airbnb; amazon; apple; bloomberg; bytedance; facebook; google; linkedin; microsoft; netflix; oracle; qualtrics; quip; uber; visa; yahoo; yandex,58,https://leetcode.com/problems/find-first-and-last-position-of-element-in-sorted-array
35,search-insert-position,Easy,Array; Binary Search,2015-08-07,train,True,7,adobe; amazon; apple; bloomberg; google; microsoft; sap,google; amazon; adobe; apple; bloomberg; microsoft; sap,adobe; amazon; apple,adobe; amazon; apple; google; microsoft,adobe; amazon; apple; bloomberg; google; microsoft; sap,adobe; amazon; apple; bloomberg; google; microsoft; sap,22,https://leetcode.com/problems/search-insert-position
36,valid-sudoku,Medium,Array; Hash Table; Matrix,2015-08-07,train,True,17,adobe; amazon; apple; bloomberg; cruise-automation; doordash; facebook; google; microsoft; oracle; pinterest; roblox; salesforce; snapchat; twitter; uber; vmware,uber; amazon; microsoft; google; facebook; snapchat; apple; bloomberg; adobe; oracle; pinterest; twitter; roblox; doordash; salesforce; vmware; cruise-automation,amazon; apple; google; microsoft; roblox,amazon; apple; bloomberg; cruise-automation; doordash; facebook; google; microsoft; oracle; roblox; uber; vmware,adobe; amazon; apple; bloomberg; cruise-automation; doordash; facebook; google; microsoft; oracle; pinterest; roblox; salesforce; twitter; uber; vmware,adobe; amazon; apple; bloomberg; cruise-automation; doordash; facebook; google; microsoft; oracle; pinterest; roblox; salesforce; snapchat; twitter; uber; vmware,50,https://leetcode.com/problems/valid-sudoku
37,sudoku-solver,Hard,Array; Hash Table; Backtracking; Matrix,2015-08-07,train,True,16,adobe; amazon; apple; arista-networks; doordash; expedia; facebook; google; microsoft; oracle; riot-games; roblox; snapchat; uber; vmware; wish,google; microsoft; amazon; facebook; uber; vmware; adobe; snapchat; apple; expedia; oracle; arista-networks; doordash; riot-games; roblox; wish,adobe; amazon; apple; doordash; google; microsoft; oracle; roblox,adobe; amazon; apple; doordash; facebook; google; microsoft; oracle; roblox; wish,adobe; amazon; apple; arista-networks; doordash; expedia; facebook; google; microsoft; oracle; riot-games; roblox; uber; vmware; wish,adobe; amazon; apple; arista-networks; doordash; expedia; facebook; google; microsoft; oracle; riot-games; roblox; snapchat; uber; vmware; wish,49,https://leetcode.com/problems/sudoku-solver
38,count-and-say,Medium,String,2015-08-07,train,True,9,adobe; amazon; apple; bloomberg; epic-systems; facebook; google; microsoft; oracle,google; facebook; amazon; microsoft; adobe; apple; epic-systems; bloomberg; oracle,amazon; google; microsoft; oracle,amazon; apple; facebook; google; microsoft; oracle,adobe; amazon; apple; bloomberg; epic-systems; facebook; google; microsoft; oracle,adobe; amazon; apple; bloomberg; epic-systems; facebook; google; microsoft; oracle,28,https://leetcode.com/problems/count-and-say
39,combination-sum,Medium,Array; Backtracking,2015-08-07,train,True,18,airbnb; akuna-capital; amazon; apple; bloomberg; ebay; facebook; goldman-sachs; google; jpmorgan; linkedin; microsoft; quora; snapchat; square; uber; vmware; yelp,amazon; airbnb; facebook; microsoft; google; uber; apple; linkedin; snapchat; vmware; yelp; ebay; quora; bloomberg; goldman-sachs; akuna-capital; jpmorgan; square,amazon; apple; ebay; facebook; microsoft; uber,airbnb; amazon; apple; bloomberg; ebay; facebook; google; linkedin; microsoft; uber; vmware,airbnb; akuna-capital; amazon; apple; bloomberg; ebay; facebook; goldman-sachs; google; jpmorgan; linkedin; microsoft; quora; snapchat; square; uber; vmware; yelp,airbnb; akuna-capital; amazon; apple; bloomberg; ebay; facebook; goldman-sachs; google; jpmorgan; linkedin; microsoft; quora; snapchat; square; uber; vmware; yelp,53,https://leetcode.com/problems/combination-sum
40,combination-sum-ii,Medium,Array; Backtracking,2015-08-07,train,True,12,adobe; amazon; apple; bloomberg; ebay; facebook; google; linkedin; microsoft; nutanix; snapchat; uber,amazon; facebook; microsoft; linkedin; uber; adobe; google; apple; bloomberg; ebay; nutanix; snapchat,amazon; ebay; facebook,amazon; bloomberg; ebay; facebook; google; linkedin; microsoft; nutanix,adobe; amazon; apple; bloomberg; ebay; facebook; google; linkedin; microsoft; nutanix; uber,adobe; amazon; apple; bloomberg; ebay; facebook; google; linkedin; microsoft; nutanix; snapchat; uber,34,https://leetcode.com/problems/combination-sum-ii
41,first-missing-positive,Hard,Array; Hash Table,2015-08-07,train,True,22,adobe; amazon; apple; bloomberg; bytedance; databricks; ebay; facebook; google; grab; microsoft; morgan-stanley; oracle; pocket-gems; salesforce; sap; tesla; twitch; uber; vmware; wayfair; wish,google; amazon; microsoft; databricks; facebook; pocket-gems; adobe; bloomberg; apple; uber; bytedance; oracle; vmware; ebay; salesforce; tesla; grab; twitch; wish; morgan-stanley; sap; wayfair,amazon; apple; bloomberg; bytedance; databricks; ebay; google; microsoft; salesforce; tesla,adobe; amazon; apple; bloomberg; bytedance; databricks; ebay; facebook; google; microsoft; morgan-stanley; oracle; salesforce; tesla; wish,adobe; amazon; apple; bloomberg; bytedance; databricks; ebay; facebook; google; grab; microsoft; morgan-stanley; oracle; pocket-gems; salesforce; sap; tesla; twitch; uber; vmware; wayfair; wish,adobe; amazon; apple; bloomberg; bytedance; databricks; ebay; facebook; google; grab; microsoft; morgan-stanley; oracle; pocket-gems; salesforce; sap; tesla; twitch; uber; vmware; wayfair; wish,69,https://leetcode.com/problems/first-missing-positive
42,trapping-rain-water,Hard,Stack; Array; Two Pointers; Dynamic Programming; Monotonic Stack,2015-08-07,train,True,36,adobe; affirm; airbnb; amazon; apple; audible; bloomberg; bytedance; citadel; databricks; dataminr; ebay; electronic-arts; facebook; flipkart; goldman-sachs; google; grab; huawei; lyft; microsoft; nvidia; oracle; palantir-technologies; qualtrics; salesforce; servicenow; snapchat; tableau; twitter; uber; visa; wish; yahoo; yandex; zenefits,amazon; google; facebook; goldman-sachs; microsoft; bloomberg; uber; apple; lyft; airbnb; adobe; bytedance; qualtrics; twitter; zenefits; oracle; visa; palantir-technologies; yahoo; flipkart; snapchat; wish; citadel; affirm; yandex; databricks; salesforce; ebay; grab; dataminr; electronic-arts; audible; huawei; nvidia; servicenow; tableau,adobe; amazon; apple; bloomberg; bytedance; citadel; ebay; facebook; goldman-sachs; google; microsoft; oracle; servicenow; uber; visa; yahoo,adobe; affirm; airbnb; amazon; apple; audible; bloomberg; bytedance; citadel; databricks; ebay; facebook; goldman-sachs; google; microsoft; oracle; palantir-technologies; qualtrics; salesforce; servicenow; snapchat; uber; visa; yahoo,adobe; affirm; airbnb; amazon; apple; audible; bloomberg; bytedance; citadel; databricks; dataminr; ebay; electronic-arts; facebook; flipkart; goldman-sachs; google; grab; huawei; lyft; microsoft; nvidia; oracle; palantir-technologies; qualtrics; salesforce; servicenow; snapchat; tableau; uber; visa; wish; yahoo; yandex,adobe; affirm; airbnb; amazon; apple; audible; bloomberg; bytedance; citadel; databricks; dataminr; ebay; electronic-arts; facebook; flipkart; goldman-sachs; google; grab; huawei; lyft; microsoft; nvidia; oracle; palantir-technologies; qualtrics; salesforce; servicenow; snapchat; tableau; twitter; uber; visa; wish; yahoo; yandex; zenefits,110,https://leetcode.com/problems/trapping-rain-water
43,multiply-strings,Medium,Math; String; Simulation,2015-08-07,train,True,14,amazon; apple; expedia; facebook; google; houzz; huawei; mathworks; microsoft; oracle; redfin; twitter; uber; zillow,facebook; google; microsoft; amazon; uber; apple; oracle; zillow; houzz; twitter; huawei; expedia; redfin; mathworks,apple; facebook; google; microsoft,amazon; apple; facebook; google; houzz; microsoft; oracle,amazon; apple; expedia; facebook; google; houzz; huawei; mathworks; microsoft; oracle; redfin; uber; zillow,amazon; apple; expedia; facebook; google; houzz; huawei; mathworks; microsoft; oracle; redfin; twitter; uber; zillow,38,https://leetcode.com/problems/multiply-strings
44,wildcard-matching,Hard,Greedy; Recursion; String; Dynamic Programming,2015-08-07,train,True,14,adobe; amazon; bloomberg; bytedance; coursera; cruise-automation; facebook; goldman-sachs; google; microsoft; oracle; snapchat; twitter; two-sigma,microsoft; google; facebook; amazon; two-sigma; bloomberg; adobe; goldman-sachs; coursera; bytedance; snapchat; twitter; cruise-automation; oracle,amazon; bloomberg; bytedance; facebook; microsoft,adobe; amazon; bloomberg; bytedance; coursera; facebook; goldman-sachs; microsoft,adobe; amazon; bloomberg; bytedance; coursera; cruise-automation; facebook; goldman-sachs; google; microsoft; oracle; two-sigma,adobe; amazon; bloomberg; bytedance; coursera; cruise-automation; facebook; goldman-sachs; google; microsoft; oracle; snapchat; twitter; two-sigma,39,https://leetcode.com/problems/wildcard-matching
45,jump-game-ii,Medium,Greedy; Array; Dynamic Programming,2015-08-07,train,True,10,adobe; amazon; apple; facebook; google; huawei; microsoft; nutanix; oracle; uber,amazon; google; nutanix; facebook; microsoft; apple; adobe; huawei; oracle; uber,adobe; amazon; apple; google; microsoft; nutanix,adobe; amazon; apple; google; huawei; microsoft; nutanix,adobe; amazon; apple; facebook; google; huawei; microsoft; nutanix; oracle; uber,adobe; amazon; apple; facebook; google; huawei; microsoft; nutanix; oracle; uber,33,https://leetcode.com/problems/jump-game-ii
46,permutations,Medium,Array; Backtracking,2015-08-07,train,True,23,adobe; amazon; apple; atlassian; bloomberg; bytedance; cisco; ebay; facebook; garena; godaddy; goldman-sachs; google; linkedin; microsoft; netease; oracle; paypal; salesforce; sap; uber; vmware; yahoo,amazon; facebook; microsoft; google; linkedin; adobe; apple; bloomberg; uber; oracle; yahoo; goldman-sachs; ebay; vmware; paypal; salesforce; atlassian; bytedance; cisco; sap; godaddy; netease; garena,amazon; apple; atlassian; bytedance; ebay; facebook; google; linkedin; microsoft; uber,amazon; apple; atlassian; bloomberg; bytedance; ebay; facebook; goldman-sachs; google; linkedin; microsoft; oracle; uber; yahoo,adobe; amazon; apple; atlassian; bloomberg; bytedance; cisco; ebay; facebook; garena; godaddy; goldman-sachs; google; linkedin; microsoft; netease; oracle; paypal; salesforce; sap; uber; vmware; yahoo,adobe; amazon; apple; atlassian; bloomberg; bytedance; cisco; ebay; facebook; garena; godaddy; goldman-sachs; google; linkedin; microsoft; netease; oracle; paypal; salesforce; sap; uber; vmware; yahoo,70,https://leetcode.com/problems/permutations
47,permutations-ii,Medium,Array; Backtracking; Sorting,2015-08-07,train,True,9,adobe; amazon; apple; bloomberg; facebook; linkedin; microsoft; uber; vmware,facebook; linkedin; amazon; vmware; bloomberg; microsoft; uber; adobe; apple,apple,amazon; apple; bloomberg; linkedin; microsoft,adobe; amazon; apple; bloomberg; facebook; linkedin; microsoft; uber; vmware,adobe; amazon; apple; bloomberg; facebook; linkedin; microsoft; uber; vmware,24,https://leetcode.com/problems/permutations-ii
48,rotate-image,Medium,Array; Math; Matrix,2015-08-07,train,True,19,adobe; akuna-capital; amazon; apple; bloomberg; cisco; facebook; google; groupon; houzz; lyft; microsoft; nvidia; palantir-technologies; quora; salesforce; uber; wish; yandex,amazon; microsoft; google; apple; facebook; adobe; bloomberg; cisco; nvidia; quora; akuna-capital; houzz; salesforce; uber; wish; lyft; groupon; yandex; palantir-technologies,amazon; apple; cisco; facebook; microsoft; uber,adobe; akuna-capital; amazon; apple; cisco; facebook; google; lyft; microsoft; palantir-technologies; quora; salesforce; uber,adobe; akuna-capital; amazon; apple; bloomberg; cisco; facebook; google; groupon; houzz; lyft; microsoft; nvidia; palantir-technologies; quora; salesforce; uber; wish; yandex,adobe; akuna-capital; amazon; apple; bloomberg; cisco; facebook; google; groupon; houzz; lyft; microsoft; nvidia; palantir-technologies; quora; salesforce; uber; wish; yandex,57,https://leetcode.com/problems/rotate-image
49,group-anagrams,Medium,Array; Hash Table; String; Sorting,2015-08-07,train,True,33,adobe; affirm; amazon; apple; bloomberg; bookingcom; cisco; docusign; ebay; electronic-arts; facebook; goldman-sachs; google; hulu; intuit; mathworks; microsoft; nutanix; oracle; qualtrics; salesforce; servicenow; snapchat; tesla; twilio; uber; visa; vmware; wish; yahoo; yandex; yelp; zulily,amazon; microsoft; facebook; google; goldman-sachs; uber; apple; bloomberg; yelp; yandex; vmware; yahoo; adobe; qualtrics; affirm; oracle; ebay; docusign; bookingcom; mathworks; salesforce; snapchat; visa; wish; hulu; electronic-arts; cisco; servicenow; tesla; twilio; zulily; intuit; nutanix,adobe; amazon; apple; bloomberg; cisco; docusign; facebook; goldman-sachs; google; microsoft; oracle; servicenow; tesla; uber; vmware; yandex,adobe; affirm; amazon; apple; bloomberg; cisco; docusign; facebook; goldman-sachs; google; hulu; intuit; mathworks; microsoft; oracle; servicenow; tesla; uber; vmware; wish; yahoo; yandex,adobe; affirm; amazon; apple; bloomberg; bookingcom; cisco; docusign; ebay; electronic-arts; facebook; goldman-sachs; google; hulu; intuit; mathworks; microsoft; nutanix; oracle; qualtrics; salesforce; servicenow; snapchat; tesla; twilio; uber; visa; vmware; wish; yahoo; yandex; zulily,adobe; affirm; amazon; apple; bloomberg; bookingcom; cisco; docusign; ebay; electronic-arts; facebook; goldman-sachs; google; hulu; intuit; mathworks; microsoft; nutanix; oracle; qualtrics; salesforce; servicenow; snapchat; tesla; twilio; uber; visa; vmware; wish; yahoo; yandex; yelp; zulily,103,https://leetcode.com/problems/group-anagrams
50,powx-n,Medium,Recursion; Math,2015-08-07,train,True,15,adobe; amazon; apple; asana; bloomberg; ebay; facebook; goldman-sachs; google; linkedin; microsoft; morgan-stanley; oracle; uber; vmware,facebook; linkedin; amazon; google; bloomberg; microsoft; adobe; apple; goldman-sachs; ebay; uber; oracle; vmware; asana; morgan-stanley,amazon; bloomberg; ebay; facebook; google; linkedin; microsoft; oracle; uber,amazon; asana; bloomberg; ebay; facebook; goldman-sachs; google; linkedin; microsoft; oracle; uber; vmware,adobe; amazon; apple; asana; bloomberg; ebay; facebook; goldman-sachs; google; linkedin; microsoft; morgan-stanley; oracle; uber; vmware,adobe; amazon; apple; asana; bloomberg; ebay; facebook; goldman-sachs; google; linkedin; microsoft; morgan-stanley; oracle; uber; vmware,51,https://leetcode.com/problems/powx-n
51,n-queens,Hard,Array; Backtracking,2015-08-07,train,True,12,adobe; amazon; apple; bytedance; ebay; facebook; google; microsoft; oracle; rubrik; tableau; uber,facebook; microsoft; amazon; google; apple; uber; adobe; ebay; rubrik; bytedance; tableau; oracle,amazon; bytedance; ebay; google; microsoft,adobe; amazon; apple; bytedance; ebay; facebook; google; microsoft; oracle,adobe; amazon; apple; bytedance; ebay; facebook; google; microsoft; oracle; rubrik; tableau; uber,adobe; amazon; apple; bytedance; ebay; facebook; google; microsoft; oracle; rubrik; tableau; uber,38,https://leetcode.com/problems/n-queens
52,n-queens-ii,Hard,Backtracking,2015-08-07,train,True,2,amazon; zenefits,zenefits; amazon,,amazon,amazon,amazon; zenefits,4,https://leetcode.com/problems/n-queens-ii
53,maximum-subarray,Medium,Array; Divide and Conquer; Dynamic Programming,2015-08-07,train,True,35,adobe; alibaba; amazon; apple; asana; atlassian; bloomberg; bytedance; capital-one; cisco; citadel; ebay; expedia; facebook; goldman-sachs; google; ibm; intel; jpmorgan; linkedin; microsoft; morgan-stanley; nvidia; oracle; palantir-technologies; paypal; qualcomm; salesforce; sap; two-sigma; uber; visa; wayfair; yahoo; zillow,amazon; microsoft; linkedin; facebook; google; apple; adobe; bloomberg; uber; alibaba; goldman-sachs; oracle; yahoo; cisco; expedia; paypal; capital-one; ebay; bytedance; jpmorgan; sap; two-sigma; intel; morgan-stanley; zillow; atlassian; nvidia; salesforce; visa; citadel; palantir-technologies; asana; qualcomm; wayfair; ibm,adobe; amazon; apple; bloomberg; bytedance; cisco; facebook; goldman-sachs; google; linkedin; microsoft; oracle; paypal; uber,adobe; amazon; apple; asana; atlassian; bloomberg; bytedance; capital-one; cisco; citadel; expedia; facebook; goldman-sachs; google; jpmorgan; linkedin; microsoft; morgan-stanley; oracle; paypal; salesforce; uber; yahoo; zillow,adobe; alibaba; amazon; apple; asana; atlassian; bloomberg; bytedance; capital-one; cisco; citadel; ebay; expedia; facebook; goldman-sachs; google; ibm; intel; jpmorgan; linkedin; microsoft; morgan-stanley; nvidia; oracle; palantir-technologies; paypal; qualcomm; salesforce; sap; two-sigma; uber; visa; wayfair; yahoo; zillow,adobe; alibaba; amazon; apple; asana; atlassian; bloomberg; bytedance; capital-one; cisco; citadel; ebay; expedia; facebook; goldman-sachs; google; ibm; intel; jpmorgan; linkedin; microsoft; morgan-stanley; nvidia; oracle; palantir-technologies; paypal; qualcomm; salesforce; sap; two-sigma; uber; visa; wayfair; yahoo; zillow,108,https://leetcode.com/problems/maximum-subarray
54,spiral-matrix,Medium,Array; Matrix; Simulation,2015-08-07,train,True,22,adobe; amazon; apple; bloomberg; bytedance; cisco; drawbridge; ebay; epic-systems; facebook; goldman-sachs; google; hulu; linkedin; microsoft; oracle; paypal; quip; robinhood; snapchat; uber; visa,microsoft; amazon; google; apple; facebook; bloomberg; uber; adobe; epic-systems; goldman-sachs; robinhood; oracle; ebay; paypal; linkedin; visa; snapchat; hulu; bytedance; cisco; drawbridge; quip,amazon; apple; bloomberg; facebook; microsoft; oracle; robinhood; uber,adobe; amazon; apple; bloomberg; bytedance; cisco; epic-systems; facebook; goldman-sachs; google; microsoft; oracle; robinhood; snapchat; uber; visa,adobe; amazon; apple; bloomberg; bytedance; cisco; drawbridge; ebay; epic-systems; facebook; goldman-sachs; google; hulu; linkedin; microsoft; oracle; paypal; quip; robinhood; snapchat; uber; visa,adobe; amazon; apple; bloomberg; bytedance; cisco; drawbridge; ebay; epic-systems; facebook; goldman-sachs; google; hulu; linkedin; microsoft; oracle; paypal; quip; robinhood; snapchat; uber; visa,68,https://leetcode.com/problems/spiral-matrix
55,jump-game,Medium,Greedy; Array; Dynamic Programming,2015-08-07,train,True,13,adobe; amazon; apple; bloomberg; bytedance; facebook; google; microsoft; nutanix; oracle; postmates; uber; vmware,amazon; google; facebook; microsoft; apple; adobe; bloomberg; uber; postmates; oracle; vmware; nutanix; bytedance,adobe; amazon; bytedance; facebook; google; microsoft; nutanix,adobe; amazon; apple; bloomberg; bytedance; facebook; google; microsoft; nutanix; oracle; uber,adobe; amazon; apple; bloomberg; bytedance; facebook; google; microsoft; nutanix; oracle; postmates; uber; vmware,adobe; amazon; apple; bloomberg; bytedance; facebook; google; microsoft; nutanix; oracle; postmates; uber; vmware,44,https://leetcode.com/problems/jump-game
56,merge-intervals,Medium,Array; Sorting,2015-08-07,train,True,45,adobe; alibaba; amazon; apple; atlassian; bloomberg; bytedance; cisco; cohesity; coupang; cruise-automation; dataminr; doordash; ebay; facebook; godaddy; goldman-sachs; google; intuit; linkedin; microsoft; netflix; oracle; palantir-technologies; paypal; pinterest; postmates; salesforce; sap; servicenow; snapchat; sumologic; tencent; twitch; twitter; two-sigma; uber; visa; vmware; wayfair; wish; yahoo; yandex; yelp; zulily,facebook; google; amazon; palantir-technologies; uber; linkedin; bloomberg; microsoft; apple; yelp; oracle; salesforce; cisco; twitter; adobe; vmware; yahoo; yandex; goldman-sachs; paypal; zulily; intuit; snapchat; bytedance; doordash; netflix; cruise-automation; ebay; pinterest; postmates; sap; wish; dataminr; twitch; servicenow; two-sigma; alibaba; godaddy; sumologic; wayfair; visa; coupang; atlassian; tencent; cohesity,adobe; amazon; apple; bloomberg; bytedance; cisco; doordash; ebay; facebook; goldman-sachs; google; linkedin; microsoft; netflix; oracle; palantir-technologies; paypal; salesforce; servicenow; uber; vmware; yandex,adobe; amazon; apple; bloomberg; bytedance; cisco; doordash; ebay; facebook; goldman-sachs; google; linkedin; microsoft; netflix; oracle; palantir-technologies; paypal; postmates; salesforce; servicenow; snapchat; sumologic; twitch; twitter; two-sigma; uber; vmware; wayfair; yandex; zulily,adobe; alibaba; amazon; apple; atlassian; bloomberg; bytedance; cisco; cohesity; coupang; cruise-automation; dataminr; doordash; ebay; facebook; godaddy; goldman-sachs; google; intuit; linkedin; microsoft; netflix; oracle; palantir-technologies; paypal; pinterest; postmates; salesforce; sap; servicenow; snapchat; sumologic; tencent; twitch; twitter; two-sigma; uber; visa; vmware; wayfair; wish; yahoo; yandex; yelp; zulily,adobe; alibaba; amazon; apple; atlassian; bloomberg; bytedance; cisco; cohesity; coupang; cruise-automation; dataminr; doordash; ebay; facebook; godaddy; goldman-sachs; google; intuit; linkedin; microsoft; netflix; oracle; palantir-technologies; paypal; pinterest; postmates; salesforce; sap; servicenow; snapchat; sumologic; tencent; twitch; twitter; two-sigma; uber; visa; vmware; wayfair; wish; yahoo; yandex; yelp; zulily,142,https://leetcode.com/problems/merge-intervals
57,insert-interval,Medium,Array,2015-08-07,train,True,12,adobe; amazon; apple; dataminr; facebook; google; linkedin; microsoft; oracle; tableau; twitter; uber,google; facebook; amazon; twitter; linkedin; uber; microsoft; apple; oracle; dataminr; adobe; tableau,amazon; facebook; google; twitter; uber,amazon; dataminr; facebook; google; linkedin; oracle; twitter; uber,adobe; amazon; apple; dataminr; facebook; google; linkedin; microsoft; oracle; tableau; twitter; uber,adobe; amazon; apple; dataminr; facebook; google; linkedin; microsoft; oracle; tableau; twitter; uber,37,https://leetcode.com/problems/insert-interval
58,length-of-last-word,Easy,String,2015-08-07,train,False,0,,,,,,,0,https://leetcode.com/problems/length-of-last-word
59,spiral-matrix-ii,Medium,Array; Matrix; Simulation,2015-08-07,train,True,10,adobe; amazon; apple; facebook; google; microsoft; oracle; robinhood; uber; yandex,amazon; microsoft; google; apple; uber; robinhood; adobe; facebook; yandex; oracle,apple; google; microsoft,adobe; amazon; apple; google; microsoft,adobe; amazon; apple; facebook; google; microsoft; oracle; robinhood; uber; yandex,adobe; amazon; apple; facebook; google; microsoft; oracle; robinhood; uber; yandex,28,https://leetcode.com/problems/spiral-matrix-ii
60,permutation-sequence,Hard,Recursion; Math,2015-08-07,train,True,7,amazon; apple; facebook; google; microsoft; twitter; yahoo,amazon; google; facebook; microsoft; twitter; apple; yahoo,google,amazon; facebook; google; yahoo,amazon; apple; facebook; google; microsoft; yahoo,amazon; apple; facebook; google; microsoft; twitter; yahoo,18,https://leetcode.com/problems/permutation-sequence
61,rotate-list,Medium,Linked List; Two Pointers,2015-08-07,train,True,6,adobe; amazon; bloomberg; facebook; linkedin; microsoft,microsoft; amazon; linkedin; adobe; bloomberg; facebook,adobe; amazon; microsoft,adobe; amazon; facebook; linkedin; microsoft,adobe; amazon; bloomberg; facebook; linkedin; microsoft,adobe; amazon; bloomberg; facebook; linkedin; microsoft,20,https://leetcode.com/problems/rotate-list
62,unique-paths,Medium,Math; Dynamic Programming; Combinatorics,2015-08-07,train,True,14,adobe; alibaba; amazon; apple; bloomberg; facebook; goldman-sachs; google; mathworks; microsoft; oracle; snapchat; uber; vmware,amazon; google; facebook; bloomberg; microsoft; apple; adobe; goldman-sachs; uber; alibaba; mathworks; oracle; vmware; snapchat,amazon; bloomberg; facebook; goldman-sachs; google; microsoft; oracle,amazon; apple; bloomberg; facebook; goldman-sachs; google; mathworks; microsoft; oracle; uber,adobe; alibaba; amazon; apple; bloomberg; facebook; goldman-sachs; google; mathworks; microsoft; oracle; snapchat; uber; vmware,adobe; alibaba; amazon; apple; bloomberg; facebook; goldman-sachs; google; mathworks; microsoft; oracle; snapchat; uber; vmware,45,https://leetcode.com/problems/unique-paths
63,unique-paths-ii,Medium,Array; Dynamic Programming; Matrix,2015-08-07,train,True,12,amazon; apple; bloomberg; cruise-automation; facebook; godaddy; goldman-sachs; google; mathworks; microsoft; snapchat; vmware,amazon; google; facebook; microsoft; mathworks; bloomberg; apple; godaddy; vmware; goldman-sachs; snapchat; cruise-automation,amazon; google; microsoft; vmware,amazon; apple; bloomberg; cruise-automation; facebook; google; mathworks; microsoft; vmware,amazon; apple; bloomberg; cruise-automation; facebook; godaddy; goldman-sachs; google; mathworks; microsoft; snapchat; vmware,amazon; apple; bloomberg; cruise-automation; facebook; godaddy; goldman-sachs; google; mathworks; microsoft; snapchat; vmware,37,https://leetcode.com/problems/unique-paths-ii
64,minimum-path-sum,Medium,Array; Dynamic Programming; Matrix,2015-08-07,train,True,13,adobe; amazon; apple; bloomberg; dropbox; facebook; goldman-sachs; google; microsoft; nvidia; rubrik; uber; wish,amazon; google; goldman-sachs; microsoft; adobe; bloomberg; uber; apple; facebook; nvidia; wish; dropbox; rubrik,amazon; bloomberg; facebook; goldman-sachs; google,adobe; amazon; apple; bloomberg; facebook; goldman-sachs; google; microsoft; wish,adobe; amazon; apple; bloomberg; dropbox; facebook; goldman-sachs; google; microsoft; nvidia; rubrik; uber; wish,adobe; amazon; apple; bloomberg; dropbox; facebook; goldman-sachs; google; microsoft; nvidia; rubrik; uber; wish,40,https://leetcode.com/problems/minimum-path-sum
65,valid-number,Hard,String,2015-08-07,train,True,8,adobe; amazon; apple; facebook; google; linkedin; microsoft; tripadvisor,facebook; linkedin; google; amazon; microsoft; adobe; apple; tripadvisor,amazon; facebook; google,amazon; facebook; google; linkedin,adobe; amazon; apple; facebook; google; linkedin; microsoft; tripadvisor,adobe; amazon; apple; facebook; google; linkedin; microsoft; tripadvisor,23,https://leetcode.com/problems/valid-number
66,plus-one,Easy,Array; Math,2015-08-07,train,True,10,adobe; amazon; apple; bloomberg; capital-one; ebay; facebook; google; spotify; uber,google; amazon; facebook; adobe; uber; bloomberg; spotify; apple; ebay; capital-one,adobe; amazon; apple; capital-one; ebay; facebook; google,adobe; amazon; apple; capital-one; ebay; facebook; google,adobe; amazon; apple; bloomberg; capital-one; ebay; facebook; google; spotify; uber,adobe; amazon; apple; bloomberg; capital-one; ebay; facebook; google; spotify; uber,34,https://leetcode.com/problems/plus-one
67,add-binary,Easy,Bit Manipulation; Math; String; Simulation,2015-08-07,train,True,7,adobe; amazon; apple; facebook; google; microsoft; oracle,facebook; google; amazon; adobe; microsoft; apple; oracle,amazon; apple; facebook; google,amazon; apple; facebook; google,adobe; amazon; apple; facebook; google; microsoft; oracle,adobe; amazon; apple; facebook; google; microsoft; oracle,22,https://leetcode.com/problems/add-binary
68,text-justification,Hard,Array; String; Simulation,2015-08-07,train,True,19,airbnb; amazon; apple; box; coursera; facebook; google; indeed; intuit; linkedin; lyft; microsoft; paypal; pinterest; robinhood; snapchat; twilio; twitter; uber,google; linkedin; airbnb; uber; intuit; coursera; amazon; microsoft; facebook; indeed; box; snapchat; lyft; pinterest; twitter; apple; twilio; robinhood; paypal,amazon; box; coursera; google; indeed; intuit; paypal; twilio,airbnb; amazon; apple; box; coursera; google; indeed; intuit; linkedin; microsoft; paypal; pinterest; snapchat; twilio; uber,airbnb; amazon; apple; box; coursera; facebook; google; indeed; intuit; linkedin; lyft; microsoft; paypal; pinterest; robinhood; snapchat; twilio; twitter; uber,airbnb; amazon; apple; box; coursera; facebook; google; indeed; intuit; linkedin; lyft; microsoft; paypal; pinterest; robinhood; snapchat; twilio; twitter; uber,61,https://leetcode.com/problems/text-justification
69,sqrtx,Easy,Math; Binary Search,2015-08-07,train,True,12,amazon; apple; bloomberg; facebook; google; huawei; linkedin; lyft; microsoft; qualtrics; uber; wayfair,google; bloomberg; linkedin; amazon; microsoft; facebook; apple; uber; lyft; qualtrics; huawei; wayfair,amazon; bloomberg; google; microsoft,amazon; apple; bloomberg; google; huawei; linkedin; microsoft; wayfair,amazon; apple; bloomberg; facebook; google; huawei; linkedin; lyft; microsoft; qualtrics; uber; wayfair,amazon; apple; bloomberg; facebook; google; huawei; linkedin; lyft; microsoft; qualtrics; uber; wayfair,36,https://leetcode.com/problems/sqrtx
70,climbing-stairs,Easy,Memoization; Math; Dynamic Programming,2015-08-07,train,True,18,adobe; alibaba; amazon; apple; baidu; bloomberg; citadel; facebook; goldman-sachs; google; huawei; linkedin; microsoft; nvidia; oracle; tripadvisor; uber; zulily,goldman-sachs; amazon; google; microsoft; baidu; adobe; bloomberg; alibaba; apple; uber; facebook; nvidia; linkedin; oracle; citadel; huawei; zulily; tripadvisor,amazon; apple; facebook; google; microsoft,adobe; amazon; apple; bloomberg; citadel; facebook; google; huawei; linkedin; microsoft; oracle; tripadvisor; uber,adobe; alibaba; amazon; apple; baidu; bloomberg; citadel; facebook; goldman-sachs; google; huawei; linkedin; microsoft; nvidia; oracle; tripadvisor; uber; zulily,adobe; alibaba; amazon; apple; baidu; bloomberg; citadel; facebook; goldman-sachs; google; huawei; linkedin; microsoft; nvidia; oracle; tripadvisor; uber; zulily,54,https://leetcode.com/problems/climbing-stairs
71,simplify-path,Medium,Stack; String,2015-08-07,train,True,10,adobe; amazon; bloomberg; bytedance; docusign; facebook; microsoft; oracle; salesforce; yandex,facebook; amazon; microsoft; adobe; bloomberg; oracle; bytedance; docusign; salesforce; yandex,amazon; facebook; oracle,amazon; bloomberg; docusign; facebook; microsoft; oracle,adobe; amazon; bloomberg; bytedance; docusign; facebook; microsoft; oracle; salesforce; yandex,adobe; amazon; bloomberg; bytedance; docusign; facebook; microsoft; oracle; salesforce; yandex,29,https://leetcode.com/problems/simplify-path
72,edit-distance,Medium,String; Dynamic Programming,2015-08-07,train,True,18,adobe; amazon; apple; baidu; bloomberg; bytedance; facebook; goldman-sachs; google; intuit; linkedin; microsoft; paypal; qualcomm; square; uber; vmware; yahoo,google; amazon; linkedin; microsoft; facebook; square; bloomberg; baidu; adobe; apple; goldman-sachs; uber; yahoo; bytedance; vmware; qualcomm; paypal; intuit,amazon; bytedance; google; square; uber,amazon; bloomberg; bytedance; facebook; google; linkedin; microsoft; square; uber,adobe; amazon; apple; baidu; bloomberg; bytedance; facebook; goldman-sachs; google; intuit; linkedin; microsoft; paypal; qualcomm; square; uber; vmware; yahoo,adobe; amazon; apple; baidu; bloomberg; bytedance; facebook; goldman-sachs; google; intuit; linkedin; microsoft; paypal; qualcomm; square; uber; vmware; yahoo,50,https://leetcode.com/problems/edit-distance
73,set-matrix-zeroes,Medium,Array; Hash Table; Matrix,2015-08-07,train,True,12,adobe; amazon; apple; audible; docusign; expedia; facebook; microsoft; oracle; paypal; salesforce; tripadvisor,microsoft; amazon; facebook; expedia; oracle; adobe; apple; tripadvisor; docusign; paypal; audible; salesforce,amazon; apple; audible; docusign; facebook; microsoft; paypal,adobe; amazon; apple; audible; docusign; facebook; microsoft; oracle; paypal,adobe; amazon; apple; audible; docusign; expedia; facebook; microsoft; oracle; paypal; salesforce; tripadvisor,adobe; amazon; apple; audible; docusign; expedia; facebook; microsoft; oracle; paypal; salesforce; tripadvisor,40,https://leetcode.com/problems/set-matrix-zeroes
74,search-a-2d-matrix,Medium,Array; Binary Search; Matrix,2015-08-07,train,True,8,adobe; amazon; apple; bloomberg; facebook; google; microsoft; uber,amazon; microsoft; facebook; adobe; google; uber; apple; bloomberg,amazon; facebook; microsoft; uber,adobe; amazon; apple; facebook; microsoft; uber,adobe; amazon; apple; bloomberg; facebook; google; microsoft; uber,adobe; amazon; apple; bloomberg; facebook; google; microsoft; uber,26,https://leetcode.com/problems/search-a-2d-matrix
75,sort-colors,Medium,Array; Two Pointers; Sorting,2015-08-07,train,True,15,amazon; apple; bloomberg; ebay; facebook; google; linkedin; microsoft; oracle; paypal; pocket-gems; pure-storage; uber; vmware; yahoo,microsoft; facebook; amazon; google; pocket-gems; apple; bloomberg; yahoo; oracle; uber; vmware; linkedin; pure-storage; ebay; paypal,amazon; apple; facebook; linkedin; microsoft; oracle; pure-storage,amazon; apple; bloomberg; facebook; google; linkedin; microsoft; oracle; paypal; pure-storage; uber; yahoo,amazon; apple; bloomberg; ebay; facebook; google; linkedin; microsoft; oracle; paypal; pure-storage; uber; vmware; yahoo,amazon; apple; bloomberg; ebay; facebook; google; linkedin; microsoft; oracle; paypal; pocket-gems; pure-storage; uber; vmware; yahoo,48,https://leetcode.com/problems/sort-colors
76,minimum-window-substring,Hard,Hash Table; String; Sliding Window,2015-08-07,train,True,26,adobe; airbnb; amazon; apple; bloomberg; bytedance; cohesity; deutsche-bank; ebay; facebook; godaddy; goldman-sachs; google; linkedin; lyft; microsoft; nutanix; oracle; salesforce; snapchat; tencent; twitter; uber; visa; vmware; yahoo,facebook; amazon; google; microsoft; linkedin; uber; adobe; apple; bloomberg; airbnb; lyft; vmware; goldman-sachs; yahoo; oracle; snapchat; cohesity; visa; bytedance; ebay; salesforce; deutsche-bank; nutanix; tencent; twitter; godaddy,adobe; amazon; apple; bytedance; ebay; facebook; goldman-sachs; google; lyft,adobe; amazon; apple; bloomberg; bytedance; cohesity; ebay; facebook; godaddy; goldman-sachs; google; linkedin; lyft; microsoft; oracle; salesforce; uber; visa,adobe; airbnb; amazon; apple; bloomberg; bytedance; cohesity; deutsche-bank; ebay; facebook; godaddy; goldman-sachs; google; linkedin; lyft; microsoft; nutanix; oracle; salesforce; snapchat; tencent; twitter; uber; visa; vmware; yahoo,adobe; airbnb; amazon; apple; bloomberg; bytedance; cohesity; deutsche-bank; ebay; facebook; godaddy; goldman-sachs; google; linkedin; lyft; microsoft; nutanix; oracle; salesforce; snapchat; tencent; twitter; uber; visa; vmware; yahoo,79,https://leetcode.com/problems/minimum-window-substring
77,combinations,Medium,Backtracking,2015-08-07,train,True,7,adobe; amazon; apple; facebook; google; microsoft; yahoo,microsoft; google; facebook; amazon; apple; yahoo; adobe,amazon; apple; microsoft; yahoo,amazon; apple; facebook; google; microsoft; yahoo,adobe; amazon; apple; facebook; google; microsoft; yahoo,adobe; amazon; apple; facebook; google; microsoft; yahoo,24,https://leetcode.com/problems/combinations
78,subsets,Medium,Bit Manipulation; Array; Backtracking,2015-08-07,train,True,15,adobe; amazon; apple; atlassian; bloomberg; bytedance; coupang; ebay; facebook; goldman-sachs; google; lyft; microsoft; uber; yahoo,facebook; amazon; microsoft; google; bloomberg; adobe; uber; apple; goldman-sachs; bytedance; lyft; yahoo; ebay; atlassian; coupang,amazon; apple; bloomberg; bytedance; facebook; google,amazon; apple; atlassian; bloomberg; bytedance; facebook; goldman-sachs; google; microsoft,adobe; amazon; apple; atlassian; bloomberg; bytedance; ebay; facebook; goldman-sachs; google; lyft; microsoft; uber; yahoo,adobe; amazon; apple; atlassian; bloomberg; bytedance; coupang; ebay; facebook; goldman-sachs; google; lyft; microsoft; uber; yahoo,44,https://leetcode.com/problems/subsets
79,word-search,Medium,Depth-First Search; Array; String; Backtracking; Matrix,2015-08-07,train,True,23,adobe; amazon; apple; bloomberg; bytedance; coupang; cruise-automation; docusign; facebook; google; intuit; jpmorgan; linkedin; lyft; microsoft; oracle; pinterest; quantcast; snapchat; uber; vmware; yahoo; zillow,amazon; facebook; microsoft; google; uber; bloomberg; intuit; snapchat; yahoo; adobe; apple; bytedance; oracle; pinterest; lyft; jpmorgan; linkedin; cruise-automation; zillow; coupang; docusign; quantcast; vmware,amazon; apple; bloomberg; bytedance; coupang; docusign; facebook; google; intuit; microsoft,adobe; amazon; apple; bloomberg; bytedance; coupang; cruise-automation; docusign; facebook; google; intuit; microsoft; oracle; pinterest; snapchat; uber,adobe; amazon; apple; bloomberg; bytedance; coupang; cruise-automation; docusign; facebook; google; intuit; jpmorgan; linkedin; lyft; microsoft; oracle; pinterest; quantcast; snapchat; uber; vmware; yahoo; zillow,adobe; amazon; apple; bloomberg; bytedance; coupang; cruise-automation; docusign; facebook; google; intuit; jpmorgan; linkedin; lyft; microsoft; oracle; pinterest; quantcast; snapchat; uber; vmware; yahoo; zillow,72,https://leetcode.com/problems/word-search
80,remove-duplicates-from-sorted-array-ii,Medium,Array; Two Pointers,2015-08-07,train,True,4,amazon; facebook; google; vmware,google; amazon; facebook; vmware,vmware,google; vmware,amazon; google; vmware,amazon; facebook; google; vmware,10,https://leetcode.com/problems/remove-duplicates-from-sorted-array-ii
81,search-in-rotated-sorted-array-ii,Medium,Array; Binary Search,2015-08-07,train,True,6,adobe; amazon; bloomberg; facebook; google; microsoft,amazon; facebook; microsoft; google; adobe; bloomberg,amazon; facebook,amazon; bloomberg; facebook,adobe; amazon; bloomberg; facebook; google; microsoft,adobe; amazon; bloomberg; facebook; google; microsoft,17,https://leetcode.com/problems/search-in-rotated-sorted-array-ii
82,remove-duplicates-from-sorted-list-ii,Medium,Linked List; Two Pointers,2015-08-07,train,True,8,adobe; amazon; apple; bloomberg; google; microsoft; paypal; salesforce,amazon; microsoft; adobe; google; apple; bloomberg; salesforce; paypal,adobe; amazon; apple,adobe; amazon; apple; google; microsoft,adobe; amazon; apple; bloomberg; google; microsoft; paypal; salesforce,adobe; amazon; apple; bloomberg; google; microsoft; paypal; salesforce,24,https://leetcode.com/problems/remove-duplicates-from-sorted-list-ii
83,remove-duplicates-from-sorted-list,Easy,Linked List,2015-08-07,train,True,9,adobe; amazon; apple; bytedance; ebay; facebook; google; microsoft; salesforce,amazon; microsoft; google; adobe; apple; facebook; salesforce; bytedance; ebay,adobe; apple; ebay; microsoft,adobe; amazon; apple; ebay; facebook; microsoft,adobe; amazon; apple; bytedance; ebay; facebook; google; microsoft; salesforce,adobe; amazon; apple; bytedance; ebay; facebook; google; microsoft; salesforce,28,https://leetcode.com/problems/remove-duplicates-from-sorted-list
84,largest-rectangle-in-histogram,Hard,Stack; Array; Monotonic Stack,2015-08-07,train,True,8,adobe; amazon; bloomberg; facebook; flipkart; google; microsoft; twitter,amazon; google; microsoft; facebook; bloomberg; adobe; twitter; flipkart,amazon; bloomberg; google,amazon; bloomberg; facebook; flipkart; google; microsoft,adobe; amazon; bloomberg; facebook; flipkart; google; microsoft; twitter,adobe; amazon; bloomberg; facebook; flipkart; google; microsoft; twitter,25,https://leetcode.com/problems/largest-rectangle-in-histogram
85,maximal-rectangle,Hard,Stack; Array; Dynamic Programming; Matrix; Monotonic Stack,2015-08-07,train,True,13,adobe; amazon; bloomberg; citadel; facebook; google; indeed; karat; microsoft; samsung; uber; vmware; wayfair,google; amazon; microsoft; facebook; adobe; uber; bloomberg; indeed; vmware; samsung; wayfair; citadel; karat,amazon; bloomberg; citadel; google; microsoft; uber; wayfair,adobe; amazon; bloomberg; citadel; google; karat; microsoft; samsung; uber; wayfair,adobe; amazon; bloomberg; citadel; facebook; google; indeed; karat; microsoft; samsung; uber; vmware; wayfair,adobe; amazon; bloomberg; citadel; facebook; google; indeed; karat; microsoft; samsung; uber; vmware; wayfair,43,https://leetcode.com/problems/maximal-rectangle
86,partition-list,Medium,Linked List; Two Pointers,2015-08-07,train,True,3,amazon; apple; microsoft,amazon; microsoft; apple,amazon; apple,amazon; apple,amazon; apple; microsoft,amazon; apple; microsoft,10,https://leetcode.com/problems/partition-list
87,scramble-string,Hard,String; Dynamic Programming,2015-08-07,train,True,2,apple; google,google; apple,apple,apple,apple; google,apple; google,6,https://leetcode.com/problems/scramble-string
88,merge-sorted-array,Easy,Array; Two Pointers; Sorting,2015-08-07,train,True,25,adobe; amazon; apple; baidu; bloomberg; bytedance; cisco; ebay; expedia; facebook; goldman-sachs; google; ibm; indeed; linkedin; lyft; microsoft; netflix; oracle; quip; tableau; uber; vmware; yahoo; yandex,facebook; microsoft; amazon; adobe; bloomberg; apple; google; linkedin; expedia; cisco; vmware; yahoo; yandex; uber; baidu; ebay; lyft; goldman-sachs; indeed; oracle; ibm; quip; bytedance; netflix; tableau,adobe; amazon; apple; bloomberg; bytedance; facebook; google; ibm; lyft; microsoft; oracle; yandex,adobe; amazon; apple; bloomberg; bytedance; cisco; facebook; google; ibm; linkedin; lyft; microsoft; oracle; uber; vmware; yandex,adobe; amazon; apple; baidu; bloomberg; bytedance; cisco; ebay; expedia; facebook; goldman-sachs; google; ibm; indeed; linkedin; lyft; microsoft; netflix; oracle; quip; tableau; uber; vmware; yahoo; yandex,adobe; amazon; apple; baidu; bloomberg; bytedance; cisco; ebay; expedia; facebook; goldman-sachs; google; ibm; indeed; linkedin; lyft; microsoft; netflix; oracle; quip; tableau; uber; vmware; yahoo; yandex,78,https://leetcode.com/problems/merge-sorted-array
89,gray-code,Medium,Bit Manipulation; Math; Backtracking,2015-08-07,train,True,2,amazon; microsoft,microsoft; amazon,microsoft,microsoft,microsoft,amazon; microsoft,5,https://leetcode.com/problems/gray-code
90,subsets-ii,Medium,Bit Manipulation; Array; Backtracking,2015-08-07,train,True,4,amazon; bloomberg; facebook; microsoft,facebook; amazon; bloomberg; microsoft,amazon; bloomberg; facebook,amazon; bloomberg; facebook,amazon; bloomberg; facebook; microsoft,amazon; bloomberg; facebook; microsoft,14,https://leetcode.com/problems/subsets-ii
91,decode-ways,Medium,String; Dynamic Programming,2015-08-07,train,True,21,adobe; amazon; apple; baidu; barclays; bloomberg; cisco; databricks; expedia; facebook; goldman-sachs; google; huawei; lyft; microsoft; oracle; pinterest; snapchat; square; twitter; uber,facebook; amazon; google; microsoft; databricks; goldman-sachs; uber; lyft; square; apple; bloomberg; adobe; cisco; twitter; snapchat; barclays; oracle; pinterest; baidu; expedia; huawei,amazon; bloomberg; cisco; facebook; google; lyft; microsoft; square,adobe; amazon; apple; bloomberg; cisco; databricks; facebook; goldman-sachs; google; huawei; lyft; microsoft; oracle; snapchat; square,adobe; amazon; apple; baidu; barclays; bloomberg; cisco; databricks; expedia; facebook; goldman-sachs; google; huawei; lyft; microsoft; oracle; pinterest; snapchat; square; twitter; uber,adobe; amazon; apple; baidu; barclays; bloomberg; cisco; databricks; expedia; facebook; goldman-sachs; google; huawei; lyft; microsoft; oracle; pinterest; snapchat; square; twitter; uber,65,https://leetcode.com/problems/decode-ways
92,reverse-linked-list-ii,Medium,Linked List,2015-08-07,train,True,10,adobe; amazon; apple; bloomberg; bytedance; docusign; facebook; google; microsoft; oracle,amazon; microsoft; facebook; adobe; apple; bloomberg; google; docusign; oracle; bytedance,amazon; bloomberg; bytedance; docusign; facebook; microsoft; oracle,adobe; amazon; bloomberg; bytedance; docusign; facebook; microsoft; oracle,adobe; amazon; apple; bloomberg; bytedance; docusign; facebook; google; microsoft; oracle,adobe; amazon; apple; bloomberg; bytedance; docusign; facebook; google; microsoft; oracle,35,https://leetcode.com/problems/reverse-linked-list-ii
93,restore-ip-addresses,Medium,String; Backtracking,2015-08-07,train,True,7,adobe; amazon; apple; facebook; microsoft; vmware; yahoo,amazon; microsoft; facebook; vmware; adobe; apple; yahoo,amazon; apple; facebook; microsoft,amazon; apple; facebook; microsoft; vmware,adobe; amazon; apple; facebook; microsoft; vmware; yahoo,adobe; amazon; apple; facebook; microsoft; vmware; yahoo,23,https://leetcode.com/problems/restore-ip-addresses
94,binary-tree-inorder-traversal,Easy,Stack; Tree; Depth-First Search; Binary Tree,2015-08-07,train,True,11,alibaba; amazon; apple; bloomberg; bytedance; facebook; google; microsoft; oracle; sap; uber,microsoft; amazon; google; facebook; bloomberg; apple; oracle; alibaba; sap; uber; bytedance,amazon; facebook; google; microsoft; oracle,amazon; apple; bloomberg; facebook; google; microsoft; oracle,alibaba; amazon; apple; bloomberg; bytedance; facebook; google; microsoft; oracle; sap; uber,alibaba; amazon; apple; bloomberg; bytedance; facebook; google; microsoft; oracle; sap; uber,34,https://leetcode.com/problems/binary-tree-inorder-traversal
96,unique-binary-search-trees,Medium,Tree; Binary Search Tree; Math; Dynamic Programming; Binary Tree,2015-08-07,train,True,10,adobe; amazon; apple; bloomberg; expedia; facebook; google; microsoft; snapchat; wish,amazon; google; adobe; bloomberg; microsoft; wish; facebook; snapchat; expedia; apple,adobe; amazon; google,adobe; amazon; bloomberg; facebook; google; microsoft; wish,adobe; amazon; apple; bloomberg; expedia; facebook; google; microsoft; wish,adobe; amazon; apple; bloomberg; expedia; facebook; google; microsoft; snapchat; wish,29,https://leetcode.com/problems/unique-binary-search-trees
97,interleaving-string,Medium,String; Dynamic Programming,2015-08-07,train,True,8,amazon; apple; bloomberg; google; microsoft; nvidia; uber; vmware,amazon; apple; google; uber; microsoft; vmware; bloomberg; nvidia,amazon; apple; vmware,amazon; apple; bloomberg; google; vmware,amazon; apple; bloomberg; google; microsoft; nvidia; uber; vmware,amazon; apple; bloomberg; google; microsoft; nvidia; uber; vmware,24,https://leetcode.com/problems/interleaving-string
98,validate-binary-search-tree,Medium,Tree; Depth-First Search; Binary Search Tree; Binary Tree,2015-08-07,train,True,24,adobe; amazon; apple; asana; atlassian; bloomberg; bytedance; capital-one; ebay; facebook; goldman-sachs; google; linkedin; mathworks; microsoft; oracle; salesforce; sap; tripadvisor; uber; visa; vmware; yahoo; yandex,facebook; amazon; microsoft; bloomberg; google; asana; yandex; adobe; apple; capital-one; yahoo; atlassian; linkedin; visa; uber; vmware; tripadvisor; goldman-sachs; oracle; salesforce; mathworks; bytedance; sap; ebay,amazon; asana; atlassian; bloomberg; ebay; facebook; microsoft; visa; vmware; yandex,adobe; amazon; apple; asana; atlassian; bloomberg; bytedance; ebay; facebook; goldman-sachs; google; microsoft; oracle; salesforce; visa; vmware; yandex,adobe; amazon; apple; asana; atlassian; bloomberg; bytedance; capital-one; ebay; facebook; goldman-sachs; google; linkedin; mathworks; microsoft; oracle; salesforce; sap; tripadvisor; uber; visa; vmware; yahoo; yandex,adobe; amazon; apple; asana; atlassian; bloomberg; bytedance; capital-one; ebay; facebook; goldman-sachs; google; linkedin; mathworks; microsoft; oracle; salesforce; sap; tripadvisor; uber; visa; vmware; yahoo; yandex,75,https://leetcode.com/problems/validate-binary-search-tree
99,recover-binary-search-tree,Medium,Tree; Depth-First Search; Binary Search Tree; Binary Tree,2015-08-07,train,True,7,amazon; bloomberg; facebook; goldman-sachs; google; microsoft; uber,amazon; microsoft; facebook; google; uber; bloomberg; goldman-sachs,amazon; goldman-sachs; google; microsoft,amazon; bloomberg; goldman-sachs; google; microsoft,amazon; bloomberg; facebook; goldman-sachs; google; microsoft; uber,amazon; bloomberg; facebook; goldman-sachs; google; microsoft; uber,23,https://leetcode.com/problems/recover-binary-search-tree
100,same-tree,Easy,Tree; Depth-First Search; Breadth-First Search; Binary Tree,2015-08-07,train,True,7,amazon; apple; bloomberg; facebook; google; linkedin; microsoft,amazon; google; facebook; linkedin; microsoft; apple; bloomberg,amazon,amazon; bloomberg; facebook; google; microsoft,amazon; apple; bloomberg; facebook; google; linkedin; microsoft,amazon; apple; bloomberg; facebook; google; linkedin; microsoft,20,https://leetcode.com/problems/same-tree
101,symmetric-tree,Easy,Tree; Depth-First Search; Breadth-First Search; Binary Tree,2015-08-07,train,True,20,adobe; alibaba; amazon; apple; atlassian; audible; bloomberg; facebook; google; linkedin; microsoft; oracle; salesforce; sap; tripadvisor; twitter; uber; visa; vmware; yandex,amazon; google; linkedin; facebook; microsoft; adobe; bloomberg; apple; oracle; uber; yandex; atlassian; alibaba; salesforce; vmware; audible; tripadvisor; twitter; sap; visa,amazon; bloomberg; facebook; google; microsoft; oracle,adobe; alibaba; amazon; apple; atlassian; bloomberg; facebook; google; linkedin; microsoft; oracle; uber; yandex,adobe; alibaba; amazon; apple; atlassian; audible; bloomberg; facebook; google; linkedin; microsoft; oracle; salesforce; sap; tripadvisor; twitter; uber; visa; vmware; yandex,adobe; alibaba; amazon; apple; atlassian; audible; bloomberg; facebook; google; linkedin; microsoft; oracle; salesforce; sap; tripadvisor; twitter; uber; visa; vmware; yandex,59,https://leetcode.com/problems/symmetric-tree
102,binary-tree-level-order-traversal,Medium,Tree; Breadth-First Search; Binary Tree,2015-08-07,train,True,19,adobe; amazon; apple; atlassian; bloomberg; cisco; citadel; ebay; expedia; facebook; google; linkedin; mathworks; microsoft; oracle; sap; uber; vmware; yahoo,amazon; microsoft; linkedin; facebook; google; bloomberg; apple; yahoo; adobe; uber; cisco; ebay; vmware; oracle; sap; atlassian; citadel; expedia; mathworks,amazon; apple; atlassian; bloomberg; cisco; ebay; facebook; linkedin; microsoft,amazon; apple; atlassian; bloomberg; cisco; ebay; facebook; linkedin; microsoft; vmware,adobe; amazon; apple; atlassian; bloomberg; cisco; citadel; ebay; expedia; facebook; google; linkedin; mathworks; microsoft; oracle; sap; uber; vmware; yahoo,adobe; amazon; apple; atlassian; bloomberg; cisco; citadel; ebay; expedia; facebook; google; linkedin; mathworks; microsoft; oracle; sap; uber; vmware; yahoo,57,https://leetcode.com/problems/binary-tree-level-order-traversal
103,binary-tree-zigzag-level-order-traversal,Medium,Tree; Breadth-First Search; Binary Tree,2015-08-07,train,True,14,amazon; apple; bloomberg; bytedance; ebay; facebook; google; linkedin; microsoft; oracle; qualtrics; samsung; servicenow; yahoo,amazon; microsoft; facebook; bloomberg; linkedin; google; qualtrics; apple; ebay; bytedance; oracle; servicenow; samsung; yahoo,amazon; apple; bloomberg; bytedance; ebay; facebook; linkedin; microsoft; qualtrics,amazon; apple; bloomberg; bytedance; ebay; facebook; linkedin; microsoft; qualtrics; samsung,amazon; apple; bloomberg; bytedance; ebay; facebook; google; linkedin; microsoft; oracle; qualtrics; samsung; servicenow; yahoo,amazon; apple; bloomberg; bytedance; ebay; facebook; google; linkedin; microsoft; oracle; qualtrics; samsung; servicenow; yahoo,47,https://leetcode.com/problems/binary-tree-zigzag-level-order-traversal
104,maximum-depth-of-binary-tree,Easy,Tree; Depth-First Search; Breadth-First Search; Binary Tree,2015-08-07,train,True,14,adobe; amazon; apple; bloomberg; bytedance; facebook; goldman-sachs; google; linkedin; microsoft; paypal; sap; uber; yahoo,amazon; google; linkedin; facebook; apple; microsoft; adobe; yahoo; goldman-sachs; bloomberg; uber; sap; bytedance; paypal,adobe; amazon; apple; google; microsoft,adobe; amazon; apple; bloomberg; facebook; goldman-sachs; google; microsoft,adobe; amazon; apple; bloomberg; bytedance; facebook; goldman-sachs; google; linkedin; microsoft; paypal; sap; yahoo,adobe; amazon; apple; bloomberg; bytedance; facebook; goldman-sachs; google; linkedin; microsoft; paypal; sap; uber; yahoo,40,https://leetcode.com/problems/maximum-depth-of-binary-tree
105,construct-binary-tree-from-preorder-and-inorder-traversal,Medium,Tree; Array; Hash Table; Divide and Conquer; Binary Tree,2015-08-07,train,True,13,adobe; amazon; apple; bloomberg; bytedance; citadel; facebook; google; microsoft; oracle; square; twitter; yahoo,amazon; microsoft; facebook; google; bloomberg; adobe; apple; yahoo; square; oracle; citadel; bytedance; twitter,amazon; bloomberg; bytedance; facebook; google; microsoft,amazon; apple; bloomberg; bytedance; facebook; google; microsoft; oracle; twitter,adobe; amazon; apple; bloomberg; bytedance; citadel; facebook; google; microsoft; oracle; square; twitter; yahoo,adobe; amazon; apple; bloomberg; bytedance; citadel; facebook; google; microsoft; oracle; square; twitter; yahoo,41,https://leetcode.com/problems/construct-binary-tree-from-preorder-and-inorder-traversal
106,construct-binary-tree-from-inorder-and-postorder-traversal,Medium,Tree; Array; Hash Table; Divide and Conquer; Binary Tree,2015-08-07,train,True,6,amazon; bloomberg; facebook; mathworks; microsoft; twitter,amazon; microsoft; facebook; bloomberg; mathworks; twitter,amazon; microsoft,amazon; microsoft,amazon; bloomberg; facebook; mathworks; microsoft; twitter,amazon; bloomberg; facebook; mathworks; microsoft; twitter,16,https://leetcode.com/problems/construct-binary-tree-from-inorder-and-postorder-traversal
107,binary-tree-level-order-traversal-ii,Medium,Tree; Breadth-First Search; Binary Tree,2015-08-07,train,True,5,adobe; amazon; apple; microsoft; oracle,amazon; microsoft; adobe; apple; oracle,amazon,amazon; apple,adobe; amazon; apple; microsoft; oracle,adobe; amazon; apple; microsoft; oracle,13,https://leetcode.com/problems/binary-tree-level-order-traversal-ii
108,convert-sorted-array-to-binary-search-tree,Easy,Tree; Binary Search Tree; Array; Divide and Conquer; Binary Tree,2015-08-07,train,True,10,airbnb; amazon; apple; bloomberg; cisco; facebook; google; microsoft; oracle; yahoo,google; amazon; facebook; microsoft; apple; bloomberg; yahoo; airbnb; cisco; oracle,amazon; apple; facebook; microsoft,amazon; apple; bloomberg; cisco; facebook; microsoft; oracle,amazon; apple; bloomberg; cisco; facebook; google; microsoft; oracle; yahoo,airbnb; amazon; apple; bloomberg; cisco; facebook; google; microsoft; oracle; yahoo,30,https://leetcode.com/problems/convert-sorted-array-to-binary-search-tree
109,convert-sorted-list-to-binary-search-tree,Medium,Tree; Binary Search Tree; Linked List; Divide and Conquer; Binary Tree,2015-08-07,train,True,9,amazon; bloomberg; facebook; google; lyft; microsoft; oracle; vmware; zenefits,facebook; amazon; google; microsoft; bloomberg; lyft; oracle; zenefits; vmware,amazon; facebook; google; lyft,amazon; bloomberg; facebook; google; lyft,amazon; bloomberg; facebook; google; lyft; microsoft; oracle; vmware,amazon; bloomberg; facebook; google; lyft; microsoft; oracle; vmware; zenefits,26,https://leetcode.com/problems/convert-sorted-list-to-binary-search-tree
110,balanced-binary-tree,Easy,Tree; Depth-First Search; Binary Tree,2015-08-07,train,True,9,adobe; amazon; apple; bloomberg; bytedance; cisco; facebook; google; microsoft,google; amazon; microsoft; facebook; adobe; apple; bloomberg; bytedance; cisco,adobe; amazon; bloomberg; bytedance; google; microsoft,adobe; amazon; apple; bloomberg; bytedance; google; microsoft,adobe; amazon; apple; bloomberg; bytedance; cisco; facebook; google; microsoft,adobe; amazon; apple; bloomberg; bytedance; cisco; facebook; google; microsoft,31,https://leetcode.com/problems/balanced-binary-tree
111,minimum-depth-of-binary-tree,Easy,Tree; Depth-First Search; Breadth-First Search; Binary Tree,2015-08-07,train,True,4,amazon; apple; facebook; microsoft,facebook; amazon; microsoft; apple,facebook,facebook,amazon; apple; facebook; microsoft,amazon; apple; facebook; microsoft,10,https://leetcode.com/problems/minimum-depth-of-binary-tree
112,path-sum,Easy,Tree; Depth-First Search; Breadth-First Search; Binary Tree,2015-08-07,train,True,8,adobe; amazon; apple; bloomberg; facebook; microsoft; oracle; zillow,amazon; microsoft; facebook; adobe; bloomberg; zillow; apple; oracle,adobe; amazon; bloomberg; oracle,adobe; amazon; bloomberg; facebook; microsoft; oracle,adobe; amazon; apple; bloomberg; facebook; microsoft; oracle; zillow,adobe; amazon; apple; bloomberg; facebook; microsoft; oracle; zillow,26,https://leetcode.com/problems/path-sum
113,path-sum-ii,Medium,Tree; Depth-First Search; Backtracking; Binary Tree,2015-08-07,train,True,14,adobe; amazon; apple; baidu; bloomberg; bytedance; facebook; google; linkedin; microsoft; oracle; quora; vmware; zillow,amazon; microsoft; google; quora; facebook; zillow; adobe; oracle; baidu; apple; bloomberg; bytedance; linkedin; vmware,adobe; amazon; microsoft; oracle,adobe; amazon; apple; bytedance; facebook; google; microsoft; oracle; quora,adobe; amazon; apple; baidu; bytedance; facebook; google; linkedin; microsoft; oracle; quora; vmware; zillow,adobe; amazon; apple; baidu; bloomberg; bytedance; facebook; google; linkedin; microsoft; oracle; quora; vmware; zillow,40,https://leetcode.com/problems/path-sum-ii
114,flatten-binary-tree-to-linked-list,Medium,Stack; Tree; Depth-First Search; Linked List; Binary Tree,2015-08-07,train,True,14,adobe; amazon; apple; bloomberg; bytedance; coupang; databricks; facebook; google; microsoft; nvidia; oracle; uber; yahoo,facebook; bloomberg; amazon; microsoft; google; apple; oracle; adobe; uber; coupang; yahoo; nvidia; bytedance; databricks,adobe; amazon; apple; bloomberg; facebook; oracle,adobe; amazon; apple; bloomberg; coupang; databricks; facebook; google; microsoft; nvidia; oracle; uber; yahoo,adobe; amazon; apple; bloomberg; bytedance; coupang; databricks; facebook; google; microsoft; nvidia; oracle; uber; yahoo,adobe; amazon; apple; bloomberg; bytedance; coupang; databricks; facebook; google; microsoft; nvidia; oracle; uber; yahoo,47,https://leetcode.com/problems/flatten-binary-tree-to-linked-list
115,distinct-subsequences,Hard,String; Dynamic Programming,2015-08-07,train,True,5,adobe; amazon; barclays; google; mathworks,google; amazon; adobe; barclays; mathworks,adobe; mathworks,adobe; amazon; google; mathworks,adobe; amazon; barclays; google; mathworks,adobe; amazon; barclays; google; mathworks,16,https://leetcode.com/problems/distinct-subsequences
118,pascals-triangle,Easy,Array; Dynamic Programming,2015-08-07,train,True,10,adobe; amazon; apple; bloomberg; facebook; goldman-sachs; google; microsoft; twitter; uber,google; amazon; microsoft; bloomberg; apple; uber; facebook; adobe; goldman-sachs; twitter,amazon; apple; google,adobe; amazon; apple; bloomberg; facebook; goldman-sachs; google; microsoft; uber,adobe; amazon; apple; bloomberg; facebook; goldman-sachs; google; microsoft; uber,adobe; amazon; apple; bloomberg; facebook; goldman-sachs; google; microsoft; twitter; uber,31,https://leetcode.com/problems/pascals-triangle
119,pascals-triangle-ii,Easy,Array; Dynamic Programming,2015-08-07,train,True,5,amazon; goldman-sachs; google; oracle; qualtrics,google; amazon; goldman-sachs; qualtrics; oracle,,goldman-sachs,amazon; goldman-sachs; google; oracle; qualtrics,amazon; goldman-sachs; google; oracle; qualtrics,11,https://leetcode.com/problems/pascals-triangle-ii
120,triangle,Medium,Array; Dynamic Programming,2015-08-07,train,True,7,amazon; apple; bloomberg; goldman-sachs; google; houzz; microsoft,amazon; google; microsoft; apple; bloomberg; goldman-sachs; houzz,amazon; apple; goldman-sachs,amazon; apple; goldman-sachs,amazon; apple; bloomberg; goldman-sachs; google; houzz; microsoft,amazon; apple; bloomberg; goldman-sachs; google; houzz; microsoft,20,https://leetcode.com/problems/triangle
121,best-time-to-buy-and-sell-stock,Easy,Array; Dynamic Programming,2015-08-07,train,True,38,adobe; akuna-capital; alibaba; amazon; apple; atlassian; audible; blackrock; bloomberg; bytedance; cisco; citadel; deutsche-bank; doordash; expedia; facebook; goldman-sachs; google; grab; groupon; intel; jpmorgan; linkedin; lyft; microsoft; morgan-stanley; oracle; paypal; redfin; sap; snapchat; tableau; tencent; uber; visa; vmware; yahoo; zillow,amazon; facebook; microsoft; bloomberg; google; goldman-sachs; apple; adobe; doordash; uber; jpmorgan; yahoo; morgan-stanley; oracle; expedia; citadel; cisco; alibaba; linkedin; lyft; tencent; vmware; groupon; snapchat; zillow; bytedance; paypal; sap; tableau; blackrock; intel; akuna-capital; deutsche-bank; grab; visa; audible; atlassian; redfin,amazon; apple; bloomberg; bytedance; facebook; goldman-sachs; google; microsoft; oracle,adobe; amazon; apple; atlassian; audible; blackrock; bloomberg; bytedance; citadel; doordash; expedia; facebook; goldman-sachs; google; jpmorgan; microsoft; morgan-stanley; oracle; sap; uber; visa; zillow,adobe; akuna-capital; alibaba; amazon; apple; atlassian; audible; blackrock; bloomberg; bytedance; cisco; citadel; deutsche-bank; doordash; expedia; facebook; goldman-sachs; google; grab; groupon; intel; jpmorgan; linkedin; lyft; microsoft; morgan-stanley; oracle; paypal; redfin; sap; snapchat; tableau; tencent; uber; visa; vmware; yahoo; zillow,adobe; akuna-capital; alibaba; amazon; apple; atlassian; audible; blackrock; bloomberg; bytedance; cisco; citadel; deutsche-bank; doordash; expedia; facebook; goldman-sachs; google; grab; groupon; intel; jpmorgan; linkedin; lyft; microsoft; morgan-stanley; oracle; paypal; redfin; sap; snapchat; tableau; tencent; uber; visa; vmware; yahoo; zillow,107,https://leetcode.com/problems/best-time-to-buy-and-sell-stock
122,best-time-to-buy-and-sell-stock-ii,Medium,Greedy; Array; Dynamic Programming,2015-08-07,train,True,12,adobe; amazon; apple; bloomberg; citadel; facebook; goldman-sachs; google; microsoft; oracle; uber; yahoo,amazon; facebook; bloomberg; google; microsoft; goldman-sachs; adobe; uber; apple; citadel; yahoo; oracle,amazon; apple; bloomberg; facebook; goldman-sachs; microsoft,amazon; apple; bloomberg; facebook; goldman-sachs; google; microsoft; oracle; uber,adobe; amazon; apple; bloomberg; citadel; facebook; goldman-sachs; google; microsoft; oracle; uber; yahoo,adobe; amazon; apple; bloomberg; citadel; facebook; goldman-sachs; google; microsoft; oracle; uber; yahoo,39,https://leetcode.com/problems/best-time-to-buy-and-sell-stock-ii
123,best-time-to-buy-and-sell-stock-iii,Hard,Array; Dynamic Programming,2015-08-07,train,True,11,amazon; apple; atlassian; bloomberg; citadel; facebook; flipkart; google; microsoft; rubrik; two-sigma,amazon; facebook; microsoft; two-sigma; bloomberg; google; apple; rubrik; atlassian; citadel; flipkart,amazon; bloomberg; two-sigma,amazon; apple; atlassian; bloomberg; two-sigma,amazon; apple; atlassian; bloomberg; citadel; facebook; flipkart; google; microsoft; rubrik; two-sigma,amazon; apple; atlassian; bloomberg; citadel; facebook; flipkart; google; microsoft; rubrik; two-sigma,30,https://leetcode.com/problems/best-time-to-buy-and-sell-stock-iii
124,binary-tree-maximum-path-sum,Hard,Tree; Depth-First Search; Dynamic Programming; Binary Tree,2015-08-07,train,True,14,adobe; amazon; appdynamics; apple; baidu; bloomberg; bytedance; facebook; google; intuit; microsoft; twitter; uber; vmware,facebook; amazon; google; microsoft; bloomberg; adobe; apple; uber; intuit; bytedance; vmware; twitter; appdynamics; baidu,amazon; apple; bytedance; facebook; google; microsoft,amazon; apple; bloomberg; bytedance; facebook; google; microsoft; uber,adobe; amazon; appdynamics; apple; baidu; bloomberg; bytedance; facebook; google; intuit; microsoft; twitter; uber; vmware,adobe; amazon; appdynamics; apple; baidu; bloomberg; bytedance; facebook; google; intuit; microsoft; twitter; uber; vmware,42,https://leetcode.com/problems/binary-tree-maximum-path-sum
125,valid-palindrome,Easy,Two Pointers; String,2015-08-07,train,True,16,adobe; amazon; apple; bloomberg; cisco; ebay; facebook; google; linkedin; microsoft; oracle; uber; wayfair; wish; yandex; zenefits,facebook; amazon; microsoft; apple; google; yandex; adobe; bloomberg; oracle; ebay; uber; cisco; wayfair; linkedin; wish; zenefits,amazon; apple; bloomberg; facebook; oracle; yandex,adobe; amazon; apple; bloomberg; cisco; ebay; facebook; google; microsoft; oracle; wayfair; yandex,adobe; amazon; apple; bloomberg; cisco; ebay; facebook; google; linkedin; microsoft; oracle; wayfair; wish; yandex,adobe; amazon; apple; bloomberg; cisco; ebay; facebook; google; linkedin; microsoft; oracle; uber; wayfair; wish; yandex; zenefits,48,https://leetcode.com/problems/valid-palindrome
127,word-ladder,Hard,Breadth-First Search; Hash Table; String,2015-08-07,train,True,26,affirm; amazon; apple; audible; bloomberg; cohesity; expedia; facebook; google; linkedin; lyft; microsoft; oracle; pinterest; qualtrics; salesforce; samsung; servicenow; snapchat; spotify; square; tesla; uber; vmware; yelp; zillow,amazon; google; facebook; microsoft; linkedin; uber; bloomberg; lyft; snapchat; apple; qualtrics; yelp; oracle; zillow; salesforce; affirm; square; pinterest; servicenow; expedia; vmware; spotify; tesla; audible; cohesity; samsung,amazon; apple; bloomberg; facebook; google; linkedin; lyft; microsoft; qualtrics; servicenow; spotify; uber,amazon; apple; bloomberg; facebook; google; linkedin; lyft; microsoft; oracle; qualtrics; servicenow; spotify; uber; zillow,affirm; amazon; apple; audible; bloomberg; cohesity; expedia; facebook; google; linkedin; lyft; microsoft; oracle; pinterest; qualtrics; salesforce; samsung; servicenow; snapchat; spotify; square; tesla; uber; vmware; zillow,affirm; amazon; apple; audible; bloomberg; cohesity; expedia; facebook; google; linkedin; lyft; microsoft; oracle; pinterest; qualtrics; salesforce; samsung; servicenow; snapchat; spotify; square; tesla; uber; vmware; yelp; zillow,77,https://leetcode.com/problems/word-ladder
128,longest-consecutive-sequence,Medium,Union Find; Array; Hash Table,2015-08-07,train,True,13,adobe; amazon; apple; bloomberg; facebook; google; microsoft; nutanix; oracle; paypal; spotify; uber; wish,google; amazon; facebook; microsoft; uber; bloomberg; adobe; apple; spotify; oracle; paypal; nutanix; wish,amazon; apple; bloomberg; facebook; google; microsoft; paypal; spotify; uber,adobe; amazon; apple; bloomberg; facebook; google; microsoft; nutanix; paypal; spotify; uber,adobe; amazon; apple; bloomberg; facebook; google; microsoft; nutanix; oracle; paypal; spotify; uber; wish,adobe; amazon; apple; bloomberg; facebook; google; microsoft; nutanix; oracle; paypal; spotify; uber; wish,46,https://leetcode.com/problems/longest-consecutive-sequence
129,sum-root-to-leaf-numbers,Medium,Tree; Depth-First Search; Binary Tree,2015-08-07,train,True,6,amazon; bloomberg; ebay; facebook; google; microsoft,facebook; amazon; microsoft; google; bloomberg; ebay,amazon; ebay; facebook; microsoft,amazon; ebay; facebook; microsoft,amazon; bloomberg; ebay; facebook; google; microsoft,amazon; bloomberg; ebay; facebook; google; microsoft,20,https://leetcode.com/problems/sum-root-to-leaf-numbers
130,surrounded-regions,Medium,Depth-First Search; Breadth-First Search; Union Find; Array; Matrix,2015-08-07,train,True,6,amazon; ebay; facebook; google; splunk; uber,google; amazon; uber; splunk; facebook; ebay,amazon; ebay; uber,amazon; ebay; google; splunk; uber,amazon; ebay; facebook; google; splunk; uber,amazon; ebay; facebook; google; splunk; uber,20,https://leetcode.com/problems/surrounded-regions
131,palindrome-partitioning,Medium,String; Dynamic Programming; Backtracking,2015-08-07,train,True,8,adobe; amazon; bloomberg; google; microsoft; qualtrics; uber; yahoo,amazon; adobe; google; uber; microsoft; bloomberg; yahoo; qualtrics,amazon; microsoft,amazon; google; microsoft; qualtrics; uber; yahoo,adobe; amazon; bloomberg; google; microsoft; qualtrics; uber; yahoo,adobe; amazon; bloomberg; google; microsoft; qualtrics; uber; yahoo,24,https://leetcode.com/problems/palindrome-partitioning
132,palindrome-partitioning-ii,Hard,String; Dynamic Programming,2015-08-07,train,True,2,amazon; google,google; amazon,amazon,amazon,amazon; google,amazon; google,6,https://leetcode.com/problems/palindrome-partitioning-ii
134,gas-station,Medium,Greedy; Array,2015-08-07,train,True,7,amazon; apple; expedia; google; ibm; microsoft; paypal,amazon; microsoft; google; ibm; apple; expedia; paypal,amazon; microsoft,amazon; expedia; google; ibm; microsoft,amazon; apple; expedia; google; ibm; microsoft; paypal,amazon; apple; expedia; google; ibm; microsoft; paypal,21,https://leetcode.com/problems/gas-station
135,candy,Hard,Greedy; Array,2015-08-07,train,True,6,amazon; apple; google; microsoft; salesforce; uber,google; amazon; microsoft; uber; apple; salesforce,amazon; apple,amazon; apple; microsoft,amazon; apple; google; microsoft; salesforce; uber,amazon; apple; google; microsoft; salesforce; uber,17,https://leetcode.com/problems/candy
136,single-number,Easy,Bit Manipulation; Array,2015-08-07,train,True,12,adobe; airbnb; amazon; apple; atlassian; bloomberg; facebook; google; microsoft; oracle; palantir-technologies; tencent,amazon; google; adobe; facebook; microsoft; apple; bloomberg; tencent; oracle; airbnb; atlassian; palantir-technologies,amazon; apple; bloomberg; facebook; microsoft,amazon; apple; bloomberg; facebook; google; microsoft; oracle; tencent,adobe; amazon; apple; atlassian; bloomberg; facebook; google; microsoft; oracle; tencent,adobe; airbnb; amazon; apple; atlassian; bloomberg; facebook; google; microsoft; oracle; palantir-technologies; tencent,35,https://leetcode.com/problems/single-number
137,single-number-ii,Medium,Bit Manipulation; Array,2015-08-07,train,True,4,adobe; amazon; facebook; google,google; amazon; facebook; adobe,adobe; amazon; facebook; google,adobe; amazon; facebook; google,adobe; amazon; facebook; google,adobe; amazon; facebook; google,16,https://leetcode.com/problems/single-number-ii
139,word-break,Medium,Trie; Memoization; Array; Hash Table; String; Dynamic Programming,2015-08-07,train,True,29,adobe; amazon; apple; audible; bloomberg; bytedance; coupang; ebay; facebook; godaddy; google; hbo; hulu; microsoft; oracle; pinterest; pocket-gems; qualtrics; salesforce; snapchat; square; tripadvisor; twilio; twitter; uber; vmware; yahoo; yelp; zillow,amazon; facebook; google; microsoft; uber; bloomberg; apple; yelp; snapchat; yahoo; adobe; twitter; oracle; ebay; qualtrics; zillow; pocket-gems; vmware; godaddy; pinterest; salesforce; twilio; audible; bytedance; square; hulu; hbo; tripadvisor; coupang,amazon; apple; bloomberg; bytedance; ebay; facebook; godaddy; google; microsoft; oracle; qualtrics; twitter,adobe; amazon; apple; audible; bloomberg; bytedance; ebay; facebook; godaddy; google; hulu; microsoft; oracle; qualtrics; snapchat; twitter; uber; zillow,adobe; amazon; apple; audible; bloomberg; bytedance; ebay; facebook; godaddy; google; hbo; hulu; microsoft; oracle; pinterest; qualtrics; salesforce; snapchat; square; tripadvisor; twilio; twitter; uber; vmware; yelp; zillow,adobe; amazon; apple; audible; bloomberg; bytedance; coupang; ebay; facebook; godaddy; google; hbo; hulu; microsoft; oracle; pinterest; pocket-gems; qualtrics; salesforce; snapchat; square; tripadvisor; twilio; twitter; uber; vmware; yahoo; yelp; zillow,85,https://leetcode.com/problems/word-break
140,word-break-ii,Hard,Trie; Memoization; Array; Hash Table; String; Dynamic Programming; Backtracking,2015-08-07,train,True,16,amazon; apple; audible; bloomberg; bookingcom; dropbox; ebay; facebook; google; microsoft; oracle; pinterest; snapchat; twitter; uber; zillow,amazon; facebook; google; microsoft; bloomberg; apple; uber; snapchat; dropbox; audible; twitter; ebay; zillow; bookingcom; oracle; pinterest,amazon; apple; audible; bloomberg; facebook; microsoft,amazon; apple; audible; bloomberg; facebook; google; microsoft; oracle; uber,amazon; apple; audible; bloomberg; bookingcom; ebay; facebook; google; microsoft; oracle; pinterest; snapchat; uber; zillow,amazon; apple; audible; bloomberg; bookingcom; dropbox; ebay; facebook; google; microsoft; oracle; pinterest; snapchat; twitter; uber; zillow,45,https://leetcode.com/problems/word-break-ii
141,linked-list-cycle,Easy,Hash Table; Linked List; Two Pointers,2015-08-07,train,True,14,adobe; amazon; apple; bloomberg; cisco; ebay; facebook; goldman-sachs; google; linkedin; microsoft; oracle; vmware; yahoo,microsoft; amazon; google; adobe; apple; goldman-sachs; oracle; yahoo; bloomberg; ebay; facebook; cisco; vmware; linkedin,adobe; amazon; apple; ebay; facebook; goldman-sachs; microsoft,adobe; amazon; apple; ebay; facebook; goldman-sachs; google; microsoft; oracle,adobe; amazon; apple; cisco; ebay; facebook; goldman-sachs; google; linkedin; microsoft; oracle; vmware; yahoo,adobe; amazon; apple; bloomberg; cisco; ebay; facebook; goldman-sachs; google; linkedin; microsoft; oracle; vmware; yahoo,43,https://leetcode.com/problems/linked-list-cycle
143,reorder-list,Medium,Stack; Recursion; Linked List; Two Pointers,2015-08-07,train,True,11,adobe; amazon; apple; bytedance; cisco; ebay; facebook; google; microsoft; splunk; tencent,facebook; amazon; microsoft; google; adobe; bytedance; apple; ebay; cisco; tencent; splunk,amazon; apple; bytedance; ebay; facebook,amazon; apple; bytedance; ebay; facebook; microsoft; tencent,adobe; amazon; apple; bytedance; cisco; ebay; facebook; google; microsoft; splunk; tencent,adobe; amazon; apple; bytedance; cisco; ebay; facebook; google; microsoft; splunk; tencent,34,https://leetcode.com/problems/reorder-list
144,binary-tree-preorder-traversal,Easy,Stack; Tree; Depth-First Search; Binary Tree,2015-08-07,train,True,5,amazon; bloomberg; cisco; google; microsoft,google; amazon; microsoft; bloomberg; cisco,google; microsoft,amazon; bloomberg; google; microsoft,amazon; bloomberg; cisco; google; microsoft,amazon; bloomberg; cisco; google; microsoft,16,https://leetcode.com/problems/binary-tree-preorder-traversal
145,binary-tree-postorder-traversal,Easy,Stack; Tree; Depth-First Search; Binary Tree,2015-08-07,train,True,5,adobe; amazon; facebook; google; uber,facebook; amazon; google; adobe; uber,facebook,amazon; facebook; google,adobe; amazon; facebook; google; uber,adobe; amazon; facebook; google; uber,14,https://leetcode.com/problems/binary-tree-postorder-traversal
147,insertion-sort-list,Medium,Linked List; Sorting,2015-08-07,train,True,2,bloomberg; microsoft,microsoft; bloomberg,,,bloomberg; microsoft,bloomberg; microsoft,4,https://leetcode.com/problems/insertion-sort-list
148,sort-list,Medium,Linked List; Two Pointers; Divide and Conquer; Sorting; Merge Sort,2015-08-07,train,True,6,adobe; amazon; bytedance; facebook; google; microsoft,amazon; microsoft; facebook; google; adobe; bytedance,amazon; bytedance; facebook; microsoft,adobe; amazon; bytedance; facebook; microsoft,adobe; amazon; bytedance; facebook; google; microsoft,adobe; amazon; bytedance; facebook; google; microsoft,21,https://leetcode.com/problems/sort-list
149,max-points-on-a-line,Hard,Geometry; Array; Hash Table; Math,2015-08-07,train,True,9,amazon; apple; bloomberg; google; linkedin; microsoft; tripadvisor; twitter; uber,linkedin; google; amazon; microsoft; uber; apple; twitter; tripadvisor; bloomberg,linkedin; microsoft; uber,amazon; bloomberg; google; linkedin; microsoft; uber,amazon; apple; bloomberg; google; linkedin; microsoft; tripadvisor; uber,amazon; apple; bloomberg; google; linkedin; microsoft; tripadvisor; twitter; uber,26,https://leetcode.com/problems/max-points-on-a-line
150,evaluate-reverse-polish-notation,Medium,Stack; Array; Math,2015-08-07,train,True,12,amazon; atlassian; facebook; google; linkedin; microsoft; opendoor; oracle; uber; vmware; yandex; zillow,linkedin; amazon; google; microsoft; facebook; opendoor; uber; atlassian; oracle; vmware; yandex; zillow,amazon; atlassian; facebook; google; linkedin; vmware; yandex,amazon; atlassian; facebook; google; linkedin; microsoft; opendoor; oracle; vmware; yandex,amazon; atlassian; facebook; google; linkedin; microsoft; opendoor; oracle; uber; vmware; yandex; zillow,amazon; atlassian; facebook; google; linkedin; microsoft; opendoor; oracle; uber; vmware; yandex; zillow,41,https://leetcode.com/problems/evaluate-reverse-polish-notation
151,reverse-words-in-a-string,Medium,Two Pointers; String,2015-08-07,train,True,17,amazon; apple; bloomberg; cisco; citadel; facebook; google; huawei; microsoft; nvidia; oracle; qualcomm; salesforce; snapchat; vmware; yelp; zillow,microsoft; amazon; facebook; bloomberg; apple; google; salesforce; oracle; cisco; zillow; nvidia; qualcomm; citadel; vmware; snapchat; yelp; huawei,amazon; apple; facebook; microsoft; oracle,amazon; apple; facebook; microsoft; oracle; qualcomm; vmware,amazon; apple; bloomberg; cisco; citadel; facebook; google; huawei; microsoft; nvidia; oracle; qualcomm; salesforce; vmware; zillow,amazon; apple; bloomberg; cisco; citadel; facebook; google; huawei; microsoft; nvidia; oracle; qualcomm; salesforce; snapchat; vmware; yelp; zillow,44,https://leetcode.com/problems/reverse-words-in-a-string
152,maximum-product-subarray,Medium,Array; Dynamic Programming,2015-08-07,train,True,12,adobe; akuna-capital; alibaba; amazon; bloomberg; bytedance; facebook; google; linkedin; microsoft; oracle; uber,linkedin; amazon; google; microsoft; facebook; adobe; bloomberg; alibaba; uber; bytedance; oracle; akuna-capital,adobe; amazon; bloomberg; bytedance; facebook; google; linkedin; uber,adobe; akuna-capital; amazon; bloomberg; bytedance; facebook; google; linkedin; microsoft; uber,adobe; akuna-capital; alibaba; amazon; bloomberg; bytedance; facebook; google; linkedin; microsoft; oracle; uber,adobe; akuna-capital; alibaba; amazon; bloomberg; bytedance; facebook; google; linkedin; microsoft; oracle; uber,42,https://leetcode.com/problems/maximum-product-subarray
153,find-minimum-in-rotated-sorted-array,Medium,Array; Binary Search,2015-08-07,train,True,13,amazon; apple; bloomberg; ebay; facebook; goldman-sachs; google; microsoft; oracle; salesforce; uber; vmware; wish,amazon; microsoft; google; goldman-sachs; facebook; bloomberg; apple; ebay; uber; salesforce; wish; oracle; vmware,amazon; apple; bloomberg; ebay; goldman-sachs; google; microsoft; wish,amazon; apple; bloomberg; ebay; facebook; goldman-sachs; google; microsoft; oracle; wish,amazon; apple; bloomberg; ebay; facebook; goldman-sachs; google; microsoft; oracle; salesforce; uber; vmware; wish,amazon; apple; bloomberg; ebay; facebook; goldman-sachs; google; microsoft; oracle; salesforce; uber; vmware; wish,44,https://leetcode.com/problems/find-minimum-in-rotated-sorted-array
154,find-minimum-in-rotated-sorted-array-ii,Hard,Array; Binary Search,2015-08-07,train,True,5,adobe; amazon; facebook; google; uber,google; facebook; adobe; amazon; uber,facebook,amazon; facebook,adobe; amazon; facebook; google; uber,adobe; amazon; facebook; google; uber,13,https://leetcode.com/problems/find-minimum-in-rotated-sorted-array-ii
156,binary-tree-upside-down,Medium,Tree; Depth-First Search; Binary Tree,2015-08-07,train,True,2,google; linkedin,linkedin; google,,linkedin,google; linkedin,google; linkedin,5,https://leetcode.com/problems/binary-tree-upside-down
159,longest-substring-with-at-most-two-distinct-characters,Medium,Hash Table; String; Sliding Window,2015-08-07,train,True,5,adobe; amazon; facebook; google; microsoft,google; amazon; microsoft; facebook; adobe,google; microsoft,facebook; google; microsoft,adobe; amazon; facebook; google; microsoft,adobe; amazon; facebook; google; microsoft,15,https://leetcode.com/problems/longest-substring-with-at-most-two-distinct-characters
160,intersection-of-two-linked-lists,Easy,Hash Table; Linked List; Two Pointers,2015-08-07,train,True,20,airbnb; alibaba; amazon; bloomberg; bytedance; cisco; ebay; expedia; facebook; goldman-sachs; google; linkedin; microsoft; morgan-stanley; oracle; qualcomm; redfin; sap; tencent; yahoo,amazon; microsoft; bloomberg; google; linkedin; facebook; yahoo; tencent; oracle; alibaba; qualcomm; cisco; morgan-stanley; airbnb; bytedance; sap; expedia; ebay; goldman-sachs; redfin,amazon; ebay; facebook; google; microsoft; qualcomm,amazon; bloomberg; ebay; facebook; google; linkedin; microsoft; morgan-stanley; oracle; qualcomm; redfin; yahoo,alibaba; amazon; bloomberg; bytedance; cisco; ebay; expedia; facebook; goldman-sachs; google; linkedin; microsoft; morgan-stanley; oracle; qualcomm; redfin; sap; tencent; yahoo,airbnb; alibaba; amazon; bloomberg; bytedance; cisco; ebay; expedia; facebook; goldman-sachs; google; linkedin; microsoft; morgan-stanley; oracle; qualcomm; redfin; sap; tencent; yahoo,57,https://leetcode.com/problems/intersection-of-two-linked-lists
161,one-edit-distance,Medium,Two Pointers; String,2015-08-07,train,True,7,amazon; facebook; google; microsoft; snapchat; twitter; uber,facebook; google; microsoft; amazon; twitter; uber; snapchat,amazon,amazon; facebook; twitter,amazon; facebook; google; microsoft; twitter; uber,amazon; facebook; google; microsoft; snapchat; twitter; uber,17,https://leetcode.com/problems/one-edit-distance
162,find-peak-element,Medium,Array; Binary Search,2015-08-07,train,True,13,amazon; apple; bloomberg; bytedance; facebook; google; ixl; lyft; microsoft; quora; uber; vmware; yahoo,facebook; google; amazon; bloomberg; microsoft; quora; yahoo; apple; uber; bytedance; lyft; vmware; ixl,apple; bytedance; facebook; google,amazon; apple; bloomberg; bytedance; facebook; google; microsoft; quora; uber,amazon; apple; bloomberg; bytedance; facebook; google; ixl; lyft; microsoft; quora; uber; vmware; yahoo,amazon; apple; bloomberg; bytedance; facebook; google; ixl; lyft; microsoft; quora; uber; vmware; yahoo,39,https://leetcode.com/problems/find-peak-element
163,missing-ranges,Easy,Array,2015-08-07,train,True,4,amazon; facebook; google; oracle,google; facebook; amazon; oracle,facebook,amazon; facebook; google,amazon; facebook; google; oracle,amazon; facebook; google; oracle,12,https://leetcode.com/problems/missing-ranges
164,maximum-gap,Medium,Array; Bucket Sort; Radix Sort; Sorting,2015-08-07,train,True,1,amazon,amazon,,amazon,amazon,amazon,3,https://leetcode.com/problems/maximum-gap
165,compare-version-numbers,Medium,Two Pointers; String,2015-08-07,train,True,6,amazon; apple; arista-networks; google; microsoft; square,amazon; microsoft; google; apple; arista-networks; square,amazon; google,amazon; arista-networks; google; microsoft; square,amazon; apple; arista-networks; google; microsoft; square,amazon; apple; arista-networks; google; microsoft; square,19,https://leetcode.com/problems/compare-version-numbers
166,fraction-to-recurring-decimal,Medium,Hash Table; Math; String,2015-08-07,train,True,11,airbnb; amazon; apple; cohesity; facebook; goldman-sachs; google; ixl; microsoft; rubrik; uber,google; goldman-sachs; airbnb; uber; ixl; facebook; amazon; microsoft; rubrik; apple; cohesity,facebook; goldman-sachs; google; ixl; microsoft,airbnb; apple; facebook; goldman-sachs; google; ixl; microsoft; uber,airbnb; amazon; apple; cohesity; facebook; goldman-sachs; google; ixl; microsoft; rubrik; uber,airbnb; amazon; apple; cohesity; facebook; goldman-sachs; google; ixl; microsoft; rubrik; uber,35,https://leetcode.com/problems/fraction-to-recurring-decimal
167,two-sum-ii-input-array-is-sorted,Medium,Array; Two Pointers; Binary Search,2015-08-07,train,True,11,amazon; apple; bloomberg; bytedance; expedia; facebook; goldman-sachs; google; microsoft; paypal; pure-storage,amazon; google; microsoft; facebook; apple; bloomberg; goldman-sachs; bytedance; expedia; paypal; pure-storage,amazon; apple,amazon; apple; google; microsoft,amazon; apple; bloomberg; bytedance; expedia; facebook; goldman-sachs; google; microsoft; paypal; pure-storage,amazon; apple; bloomberg; bytedance; expedia; facebook; goldman-sachs; google; microsoft; paypal; pure-storage,28,https://leetcode.com/problems/two-sum-ii-input-array-is-sorted
168,excel-sheet-column-title,Easy,Math; String,2015-08-07,train,True,8,adobe; apple; facebook; factset; google; microsoft; yahoo; zenefits,microsoft; google; apple; facebook; adobe; factset; yahoo; zenefits,apple; facebook; factset; google; microsoft,apple; facebook; factset; google; microsoft,adobe; apple; facebook; factset; google; microsoft; yahoo,adobe; apple; facebook; factset; google; microsoft; yahoo; zenefits,25,https://leetcode.com/problems/excel-sheet-column-title
169,majority-element,Easy,Array; Hash Table; Divide and Conquer; Counting; Sorting,2015-08-07,train,True,11,adobe; amazon; apple; google; microsoft; oracle; snapchat; tencent; twitter; yahoo; zenefits,amazon; google; microsoft; tencent; adobe; apple; snapchat; yahoo; oracle; twitter; zenefits,adobe; amazon; apple; google; microsoft,adobe; amazon; apple; google; microsoft; oracle; yahoo,adobe; amazon; apple; google; microsoft; oracle; snapchat; tencent; twitter; yahoo,adobe; amazon; apple; google; microsoft; oracle; snapchat; tencent; twitter; yahoo; zenefits,33,https://leetcode.com/problems/majority-element
171,excel-sheet-column-number,Easy,Math; String,2015-08-07,train,True,8,amazon; apple; bloomberg; facebook; factset; google; microsoft; uber,microsoft; google; amazon; bloomberg; apple; facebook; factset; uber,amazon; apple; facebook; google; microsoft,amazon; apple; bloomberg; facebook; factset; google; microsoft,amazon; apple; bloomberg; facebook; factset; google; microsoft,amazon; apple; bloomberg; facebook; factset; google; microsoft; uber,27,https://leetcode.com/problems/excel-sheet-column-number
172,factorial-trailing-zeroes,Medium,Math,2015-08-07,train,True,5,amazon; bloomberg; facebook; microsoft; wish,microsoft; facebook; amazon; bloomberg; wish,facebook,facebook; wish,amazon; facebook; microsoft; wish,amazon; bloomberg; facebook; microsoft; wish,12,https://leetcode.com/problems/factorial-trailing-zeroes
174,dungeon-game,Hard,Array; Dynamic Programming; Matrix,2015-08-07,train,True,3,amazon; google; microsoft,microsoft; google; amazon,google,google,amazon; google; microsoft,amazon; google; microsoft,8,https://leetcode.com/problems/dungeon-game
179,largest-number,Medium,Greedy; Array; String; Sorting,2015-08-07,train,True,9,amazon; apple; bytedance; facebook; google; microsoft; oracle; salesforce; works-applications,amazon; microsoft; apple; google; facebook; salesforce; works-applications; bytedance; oracle,amazon; apple; bytedance; facebook; microsoft; oracle,amazon; apple; bytedance; facebook; microsoft; oracle,amazon; apple; bytedance; facebook; google; microsoft; oracle; salesforce,amazon; apple; bytedance; facebook; google; microsoft; oracle; salesforce; works-applications,29,https://leetcode.com/problems/largest-number
186,reverse-words-in-a-string-ii,Medium,Two Pointers; String,2015-08-07,train,True,4,amazon; microsoft; uber; vmware,microsoft; amazon; uber; vmware,microsoft,microsoft,microsoft; vmware,amazon; microsoft; uber; vmware,8,https://leetcode.com/problems/reverse-words-in-a-string-ii
187,repeated-dna-sequences,Medium,Bit Manipulation; Hash Table; String; Sliding Window; Hash Function; Rolling Hash,2015-08-07,train,True,5,amazon; apple; google; linkedin; microsoft,linkedin; google; amazon; apple; microsoft,amazon; apple,amazon; apple,amazon; apple; google; linkedin; microsoft,amazon; apple; google; linkedin; microsoft,14,https://leetcode.com/problems/repeated-dna-sequences
188,best-time-to-buy-and-sell-stock-iv,Hard,Array; Dynamic Programming,2015-08-07,train,True,5,amazon; apple; bloomberg; facebook; google,amazon; google; facebook; bloomberg; apple,amazon; bloomberg; google,amazon; apple; bloomberg; google,amazon; apple; bloomberg; facebook; google,amazon; apple; bloomberg; facebook; google,17,https://leetcode.com/problems/best-time-to-buy-and-sell-stock-iv
189,rotate-array,Medium,Array; Math; Two Pointers,2015-08-07,train,True,10,amazon; bloomberg; cisco; ebay; facebook; goldman-sachs; microsoft; paypal; snapchat; uber,microsoft; amazon; facebook; bloomberg; uber; cisco; ebay; goldman-sachs; paypal; snapchat,amazon; ebay; facebook; microsoft,amazon; ebay; facebook; goldman-sachs; microsoft; paypal; snapchat,amazon; bloomberg; cisco; ebay; facebook; goldman-sachs; microsoft; paypal; snapchat; uber,amazon; bloomberg; cisco; ebay; facebook; goldman-sachs; microsoft; paypal; snapchat; uber,31,https://leetcode.com/problems/rotate-array
190,reverse-bits,Easy,Bit Manipulation; Divide and Conquer,2015-08-07,train,True,6,airbnb; amazon; apple; google; samsung; tencent,google; apple; amazon; airbnb; samsung; tencent,apple; google,apple; google; samsung; tencent,amazon; apple; google; samsung; tencent,airbnb; amazon; apple; google; samsung; tencent,17,https://leetcode.com/problems/reverse-bits
191,number-of-1-bits,Easy,Bit Manipulation; Divide and Conquer,2015-08-07,train,True,9,adobe; amazon; apple; box; cisco; facebook; google; microsoft; qualcomm,microsoft; facebook; google; apple; box; amazon; cisco; adobe; qualcomm,apple; box; cisco; facebook,adobe; apple; box; cisco; facebook; qualcomm,adobe; amazon; apple; box; cisco; facebook; google; microsoft; qualcomm,adobe; amazon; apple; box; cisco; facebook; google; microsoft; qualcomm,28,https://leetcode.com/problems/number-of-1-bits
198,house-robber,Medium,Array; Dynamic Programming,2015-08-07,train,True,16,adobe; airbnb; amazon; apple; bloomberg; bytedance; cisco; ebay; expedia; goldman-sachs; google; hbo; linkedin; microsoft; quora; uber,google; amazon; adobe; microsoft; uber; airbnb; apple; cisco; bloomberg; linkedin; expedia; goldman-sachs; hbo; ebay; bytedance; quora,adobe; apple; cisco; ebay; google; microsoft,adobe; amazon; apple; bloomberg; bytedance; cisco; ebay; expedia; google; linkedin; microsoft; uber,adobe; amazon; apple; bloomberg; bytedance; cisco; ebay; expedia; goldman-sachs; google; hbo; linkedin; microsoft; quora; uber,adobe; airbnb; amazon; apple; bloomberg; bytedance; cisco; ebay; expedia; goldman-sachs; google; hbo; linkedin; microsoft; quora; uber,49,https://leetcode.com/problems/house-robber
199,binary-tree-right-side-view,Medium,Tree; Depth-First Search; Breadth-First Search; Binary Tree,2015-08-07,train,True,18,adobe; amazon; apple; atlassian; bloomberg; bytedance; citadel; ebay; facebook; google; mathworks; microsoft; nvidia; oracle; paypal; sap; uber; vmware,facebook; amazon; microsoft; bloomberg; adobe; mathworks; ebay; apple; google; bytedance; oracle; paypal; uber; nvidia; atlassian; citadel; sap; vmware,amazon; bloomberg; bytedance; ebay; facebook; microsoft; oracle,amazon; apple; bloomberg; bytedance; ebay; facebook; microsoft; nvidia; oracle,adobe; amazon; apple; atlassian; bloomberg; bytedance; citadel; ebay; facebook; google; mathworks; microsoft; nvidia; oracle; paypal; sap; uber; vmware,adobe; amazon; apple; atlassian; bloomberg; bytedance; citadel; ebay; facebook; google; mathworks; microsoft; nvidia; oracle; paypal; sap; uber; vmware,52,https://leetcode.com/problems/binary-tree-right-side-view
200,number-of-islands,Medium,Depth-First Search; Breadth-First Search; Union Find; Array; Matrix,2015-08-07,train,True,58,adobe; affirm; alibaba; amazon; appdynamics; apple; arista-networks; atlassian; audible; blackrock; bloomberg; bytedance; cisco; citadel; citrix; cohesity; cruise-automation; doordash; ebay; electronic-arts; evernote; expedia; facebook; godaddy; goldman-sachs; google; houzz; hulu; jpmorgan; linkedin; liveramp; lyft; mathworks; microsoft; nutanix; nvidia; oracle; palantir-technologies; paypal; qualtrics; roblox; salesforce; servicenow; snapchat; splunk; spotify; square; sumologic; tableau; twitch; twitter; uber; visa; vmware; wish; yahoo; zenefits; zulily,amazon; facebook; google; microsoft; bloomberg; uber; linkedin; lyft; apple; qualtrics; palantir-technologies; oracle; adobe; goldman-sachs; yahoo; ebay; twitter; cruise-automation; expedia; snapchat; cisco; atlassian; mathworks; salesforce; twitch; nvidia; visa; wish; affirm; alibaba; houzz; jpmorgan; vmware; audible; hulu; citrix; spotify; tableau; nutanix; splunk; appdynamics; citadel; doordash; evernote; godaddy; servicenow; square; zulily; electronic-arts; arista-networks; bytedance; paypal; sumologic; zenefits; blackrock; roblox; cohesity; liveramp,adobe; amazon; apple; audible; bloomberg; bytedance; citadel; ebay; facebook; goldman-sachs; google; microsoft; oracle; roblox; tableau; uber; wish; yahoo,adobe; amazon; apple; arista-networks; atlassian; audible; bloomberg; bytedance; citadel; cruise-automation; ebay; evernote; expedia; facebook; goldman-sachs; google; jpmorgan; linkedin; mathworks; microsoft; oracle; palantir-technologies; qualtrics; roblox; salesforce; snapchat; spotify; tableau; twitch; uber; wish; yahoo,adobe; affirm; alibaba; amazon; appdynamics; apple; arista-networks; atlassian; audible; blackrock; bloomberg; bytedance; cisco; citadel; citrix; cohesity; cruise-automation; doordash; ebay; electronic-arts; evernote; expedia; facebook; godaddy; goldman-sachs; google; houzz; hulu; jpmorgan; linkedin; liveramp; lyft; mathworks; microsoft; nutanix; nvidia; oracle; palantir-technologies; paypal; qualtrics; roblox; salesforce; servicenow; snapchat; splunk; spotify; square; sumologic; tableau; twitch; twitter; uber; visa; vmware; wish; yahoo; zulily,adobe; affirm; alibaba; amazon; appdynamics; apple; arista-networks; atlassian; audible; blackrock; bloomberg; bytedance; cisco; citadel; citrix; cohesity; cruise-automation; doordash; ebay; electronic-arts; evernote; expedia; facebook; godaddy; goldman-sachs; google; houzz; hulu; jpmorgan; linkedin; liveramp; lyft; mathworks; microsoft; nutanix; nvidia; oracle; palantir-technologies; paypal; qualtrics; roblox; salesforce; servicenow; snapchat; splunk; spotify; square; sumologic; tableau; twitch; twitter; uber; visa; vmware; wish; yahoo; zenefits; zulily,165,https://leetcode.com/problems/number-of-islands
201,bitwise-and-of-numbers-range,Medium,Bit Manipulation,2015-08-07,train,True,1,adobe,adobe,,,adobe,adobe,2,https://leetcode.com/problems/bitwise-and-of-numbers-range
202,happy-number,Easy,Hash Table; Math; Two Pointers,2015-08-07,train,True,16,adobe; airbnb; amazon; apple; bloomberg; ebay; evernote; facebook; google; jpmorgan; microsoft; nutanix; pinterest; pure-storage; twitter; uber,jpmorgan; apple; google; amazon; microsoft; adobe; bloomberg; pinterest; pure-storage; facebook; nutanix; twitter; airbnb; evernote; ebay; uber,adobe; amazon; apple; ebay; jpmorgan,adobe; amazon; apple; bloomberg; ebay; evernote; google; jpmorgan; microsoft,adobe; amazon; apple; bloomberg; ebay; evernote; facebook; google; jpmorgan; microsoft; nutanix; pinterest; pure-storage,adobe; airbnb; amazon; apple; bloomberg; ebay; evernote; facebook; google; jpmorgan; microsoft; nutanix; pinterest; pure-storage; twitter; uber,43,https://leetcode.com/problems/happy-number
203,remove-linked-list-elements,Easy,Recursion; Linked List,2015-08-07,train,True,11,adobe; amazon; apple; bloomberg; capital-one; facebook; google; microsoft; paypal; pure-storage; uber,pure-storage; amazon; bloomberg; google; facebook; adobe; microsoft; apple; capital-one; uber; paypal,amazon; facebook; pure-storage,amazon; apple; bloomberg; capital-one; facebook; google; pure-storage,adobe; amazon; apple; bloomberg; capital-one; facebook; google; microsoft; paypal; pure-storage; uber,adobe; amazon; apple; bloomberg; capital-one; facebook; google; microsoft; paypal; pure-storage; uber,32,https://leetcode.com/problems/remove-linked-list-elements
204,count-primes,Medium,Array; Math; Enumeration; Number Theory,2015-08-07,train,True,14,adobe; amazon; apple; bloomberg; capital-one; ebay; facebook; goldman-sachs; google; intel; microsoft; oracle; yahoo; yandex,microsoft; amazon; apple; google; adobe; yahoo; capital-one; facebook; oracle; bloomberg; goldman-sachs; intel; yandex; ebay,adobe; amazon; capital-one; microsoft; oracle,adobe; amazon; apple; capital-one; facebook; intel; microsoft; oracle,adobe; amazon; apple; bloomberg; capital-one; ebay; facebook; goldman-sachs; google; intel; microsoft; oracle; yahoo; yandex,adobe; amazon; apple; bloomberg; capital-one; ebay; facebook; goldman-sachs; google; intel; microsoft; oracle; yahoo; yandex,41,https://leetcode.com/problems/count-primes
205,isomorphic-strings,Easy,Hash Table; String,2015-08-07,train,True,11,adobe; amazon; bloomberg; facebook; google; linkedin; microsoft; oracle; salesforce; yahoo; yelp,google; linkedin; amazon; yahoo; bloomberg; microsoft; yelp; oracle; adobe; facebook; salesforce,amazon; facebook; google; microsoft; oracle,amazon; facebook; google; linkedin; microsoft; oracle,adobe; amazon; bloomberg; facebook; google; linkedin; microsoft; oracle; salesforce; yahoo; yelp,adobe; amazon; bloomberg; facebook; google; linkedin; microsoft; oracle; salesforce; yahoo; yelp,33,https://leetcode.com/problems/isomorphic-strings
206,reverse-linked-list,Easy,Recursion; Linked List,2015-08-07,train,True,34,adobe; alibaba; amazon; apple; bloomberg; bytedance; cisco; citrix; docusign; ebay; electronic-arts; facebook; factset; goldman-sachs; google; intel; mathworks; microsoft; nvidia; oracle; paypal; qualcomm; snapchat; spotify; tencent; tripadvisor; twitter; uber; visa; vmware; yahoo; yandex; yelp; zenefits,amazon; microsoft; facebook; google; apple; bloomberg; adobe; mathworks; cisco; yandex; alibaba; tencent; yahoo; oracle; goldman-sachs; nvidia; intel; uber; ebay; bytedance; vmware; paypal; qualcomm; tripadvisor; citrix; snapchat; yelp; zenefits; factset; twitter; visa; spotify; docusign; electronic-arts,adobe; amazon; apple; bytedance; citrix; ebay; facebook; goldman-sachs; google; mathworks; microsoft; oracle; spotify; tencent; yandex,adobe; amazon; apple; bloomberg; bytedance; citrix; docusign; ebay; electronic-arts; facebook; goldman-sachs; google; intel; mathworks; microsoft; nvidia; oracle; qualcomm; spotify; tencent; visa; vmware; yahoo; yandex,adobe; alibaba; amazon; apple; bloomberg; bytedance; cisco; citrix; docusign; ebay; electronic-arts; facebook; factset; goldman-sachs; google; intel; mathworks; microsoft; nvidia; oracle; paypal; qualcomm; spotify; tencent; tripadvisor; uber; visa; vmware; yahoo; yandex,adobe; alibaba; amazon; apple; bloomberg; bytedance; cisco; citrix; docusign; ebay; electronic-arts; facebook; factset; goldman-sachs; google; intel; mathworks; microsoft; nvidia; oracle; paypal; qualcomm; snapchat; spotify; tencent; tripadvisor; twitter; uber; visa; vmware; yahoo; yandex; yelp; zenefits,103,https://leetcode.com/problems/reverse-linked-list
207,course-schedule,Medium,Depth-First Search; Breadth-First Search; Graph; Topological Sort,2015-08-07,train,True,22,amazon; apple; bloomberg; bytedance; cisco; cohesity; ebay; facebook; goldman-sachs; google; intuit; linkedin; microsoft; nutanix; oracle; paypal; salesforce; uber; wish; yahoo; yelp; zenefits,amazon; facebook; google; microsoft; uber; intuit; bloomberg; oracle; yelp; apple; bytedance; yahoo; ebay; goldman-sachs; linkedin; salesforce; cisco; nutanix; cohesity; paypal; wish; zenefits,amazon; bloomberg; bytedance; cisco; facebook; microsoft; oracle; wish; yahoo,amazon; apple; bloomberg; bytedance; cisco; cohesity; facebook; google; intuit; linkedin; microsoft; oracle; uber; wish; yahoo,amazon; apple; bloomberg; bytedance; cisco; cohesity; ebay; facebook; goldman-sachs; google; intuit; linkedin; microsoft; nutanix; oracle; paypal; salesforce; uber; wish; yahoo,amazon; apple; bloomberg; bytedance; cisco; cohesity; ebay; facebook; goldman-sachs; google; intuit; linkedin; microsoft; nutanix; oracle; paypal; salesforce; uber; wish; yahoo; yelp; zenefits,66,https://leetcode.com/problems/course-schedule
209,minimum-size-subarray-sum,Medium,Array; Binary Search; Prefix Sum; Sliding Window,2015-08-07,train,True,10,amazon; apple; bloomberg; bytedance; facebook; goldman-sachs; google; microsoft; oracle; sap,goldman-sachs; facebook; google; amazon; bloomberg; microsoft; oracle; bytedance; sap; apple,amazon; bloomberg; bytedance; facebook; goldman-sachs; google; microsoft; oracle,amazon; apple; bloomberg; bytedance; facebook; goldman-sachs; google; microsoft; oracle; sap,amazon; apple; bloomberg; bytedance; facebook; goldman-sachs; google; microsoft; oracle; sap,amazon; apple; bloomberg; bytedance; facebook; goldman-sachs; google; microsoft; oracle; sap,38,https://leetcode.com/problems/minimum-size-subarray-sum
210,course-schedule-ii,Medium,Depth-First Search; Breadth-First Search; Graph; Topological Sort,2015-08-07,train,True,16,amazon; apple; bloomberg; doordash; facebook; google; intuit; microsoft; nutanix; oracle; pinterest; snapchat; twitter; uber; wayfair; zenefits,amazon; google; facebook; microsoft; uber; doordash; intuit; apple; snapchat; bloomberg; nutanix; oracle; twitter; zenefits; pinterest; wayfair,amazon; apple; doordash; facebook; google; microsoft; oracle; snapchat; uber,amazon; apple; doordash; facebook; google; intuit; microsoft; oracle; snapchat; twitter; uber; wayfair,amazon; apple; bloomberg; doordash; facebook; google; intuit; microsoft; nutanix; oracle; pinterest; snapchat; twitter; uber; wayfair,amazon; apple; bloomberg; doordash; facebook; google; intuit; microsoft; nutanix; oracle; pinterest; snapchat; twitter; uber; wayfair; zenefits,52,https://leetcode.com/problems/course-schedule-ii
212,word-search-ii,Hard,Trie; Array; String; Backtracking; Matrix,2015-08-07,train,True,18,airbnb; amazon; apple; bloomberg; bytedance; cisco; citadel; facebook; google; houzz; microsoft; oracle; roblox; salesforce; snapchat; uber; yahoo; zillow,amazon; microsoft; google; facebook; uber; snapchat; apple; airbnb; yahoo; roblox; bloomberg; oracle; salesforce; cisco; zillow; bytedance; citadel; houzz,amazon; apple; cisco; facebook; google; microsoft; snapchat,amazon; apple; cisco; citadel; facebook; google; microsoft; salesforce; snapchat; uber,airbnb; amazon; apple; bloomberg; bytedance; cisco; citadel; facebook; google; houzz; microsoft; oracle; roblox; salesforce; snapchat; uber; yahoo; zillow,airbnb; amazon; apple; bloomberg; bytedance; cisco; citadel; facebook; google; houzz; microsoft; oracle; roblox; salesforce; snapchat; uber; yahoo; zillow,53,https://leetcode.com/problems/word-search-ii
213,house-robber-ii,Medium,Array; Dynamic Programming,2015-08-07,train,True,4,amazon; ebay; google; microsoft,google; amazon; microsoft; ebay,amazon; ebay,amazon; ebay; google,amazon; ebay; google; microsoft,amazon; ebay; google; microsoft,13,https://leetcode.com/problems/house-robber-ii
214,shortest-palindrome,Hard,String; String Matching; Hash Function; Rolling Hash,2015-08-07,train,True,8,adobe; amazon; bloomberg; facebook; google; microsoft; oracle; pocket-gems,bloomberg; google; adobe; facebook; microsoft; amazon; oracle; pocket-gems,bloomberg; facebook,adobe; amazon; bloomberg; facebook,adobe; amazon; bloomberg; facebook; microsoft; oracle,adobe; amazon; bloomberg; facebook; google; microsoft; oracle; pocket-gems,20,https://leetcode.com/problems/shortest-palindrome
215,kth-largest-element-in-an-array,Medium,Array; Divide and Conquer; Quickselect; Sorting; Heap (Priority Queue),2015-08-07,train,True,27,adobe; airbnb; alibaba; amazon; apple; atlassian; baidu; bloomberg; bytedance; ebay; expedia; facebook; goldman-sachs; google; grab; jpmorgan; linkedin; microsoft; oracle; pocket-gems; salesforce; snapchat; spotify; tencent; uber; vmware; yahoo,facebook; amazon; google; microsoft; linkedin; alibaba; bloomberg; goldman-sachs; apple; tencent; ebay; yahoo; bytedance; adobe; oracle; uber; baidu; vmware; spotify; airbnb; salesforce; snapchat; atlassian; expedia; jpmorgan; pocket-gems; grab,amazon; apple; bytedance; ebay; facebook; google; microsoft; spotify,adobe; amazon; apple; bloomberg; bytedance; ebay; facebook; goldman-sachs; google; jpmorgan; linkedin; microsoft; oracle; spotify; uber; yahoo,adobe; airbnb; alibaba; amazon; apple; atlassian; baidu; bloomberg; bytedance; ebay; expedia; facebook; goldman-sachs; google; grab; jpmorgan; linkedin; microsoft; oracle; salesforce; snapchat; spotify; tencent; uber; vmware; yahoo,adobe; airbnb; alibaba; amazon; apple; atlassian; baidu; bloomberg; bytedance; ebay; expedia; facebook; goldman-sachs; google; grab; jpmorgan; linkedin; microsoft; oracle; pocket-gems; salesforce; snapchat; spotify; tencent; uber; vmware; yahoo,77,https://leetcode.com/problems/kth-largest-element-in-an-array
216,combination-sum-iii,Medium,Array; Backtracking,2015-08-07,train,True,4,amazon; bloomberg; google; microsoft,google; microsoft; amazon; bloomberg,google,google,amazon; bloomberg; google; microsoft,amazon; bloomberg; google; microsoft,10,https://leetcode.com/problems/combination-sum-iii
217,contains-duplicate,Easy,Array; Hash Table; Sorting,2015-08-07,train,True,10,adobe; airbnb; amazon; apple; bloomberg; facebook; microsoft; oracle; palantir-technologies; yahoo,amazon; adobe; microsoft; yahoo; facebook; apple; bloomberg; airbnb; oracle; palantir-technologies,adobe,adobe; amazon; apple; microsoft; oracle,adobe; amazon; apple; bloomberg; facebook; microsoft; oracle,adobe; airbnb; amazon; apple; bloomberg; facebook; microsoft; oracle; palantir-technologies; yahoo,23,https://leetcode.com/problems/contains-duplicate
218,the-skyline-problem,Hard,Binary Indexed Tree; Segment Tree; Array; Divide and Conquer; Ordered Set; Line Sweep; Heap (Priority Queue),2015-08-07,train,True,14,adobe; amazon; apple; databricks; facebook; goldman-sachs; google; houzz; microsoft; salesforce; tableau; twitter; uber; yelp,google; microsoft; amazon; facebook; apple; uber; databricks; yelp; goldman-sachs; twitter; adobe; salesforce; tableau; houzz,amazon; apple; facebook; google; microsoft,adobe; amazon; apple; databricks; facebook; goldman-sachs; google; microsoft; tableau; uber,adobe; amazon; apple; databricks; facebook; goldman-sachs; google; houzz; microsoft; salesforce; tableau; uber,adobe; amazon; apple; databricks; facebook; goldman-sachs; google; houzz; microsoft; salesforce; tableau; twitter; uber; yelp,41,https://leetcode.com/problems/the-skyline-problem
219,contains-duplicate-ii,Easy,Array; Hash Table; Sliding Window,2015-08-07,train,True,8,adobe; airbnb; amazon; apple; bloomberg; google; microsoft; palantir-technologies,google; adobe; amazon; microsoft; airbnb; apple; bloomberg; palantir-technologies,adobe; google,adobe; amazon; bloomberg; google; microsoft,adobe; amazon; apple; bloomberg; google; microsoft,adobe; airbnb; amazon; apple; bloomberg; google; microsoft; palantir-technologies,21,https://leetcode.com/problems/contains-duplicate-ii
220,contains-duplicate-iii,Hard,Array; Bucket Sort; Ordered Set; Sorting; Sliding Window,2015-08-07,train,True,6,adobe; airbnb; apple; google; microsoft; palantir-technologies,google; adobe; apple; palantir-technologies; airbnb; microsoft,,adobe; apple; google,adobe; apple; google; microsoft,adobe; airbnb; apple; google; microsoft; palantir-technologies,13,https://leetcode.com/problems/contains-duplicate-iii
221,maximal-square,Medium,Array; Dynamic Programming; Matrix,2015-08-07,train,True,15,adobe; airbnb; amazon; appdynamics; apple; bloomberg; citadel; facebook; google; huawei; microsoft; oracle; two-sigma; uber; vmware,google; amazon; uber; bloomberg; microsoft; apple; facebook; adobe; huawei; vmware; citadel; airbnb; oracle; appdynamics; two-sigma,amazon; apple; bloomberg; citadel; google,adobe; amazon; appdynamics; apple; bloomberg; citadel; facebook; google; huawei; microsoft; uber; vmware,adobe; amazon; appdynamics; apple; bloomberg; citadel; facebook; google; huawei; microsoft; oracle; two-sigma; uber; vmware,adobe; airbnb; amazon; appdynamics; apple; bloomberg; citadel; facebook; google; huawei; microsoft; oracle; two-sigma; uber; vmware,46,https://leetcode.com/problems/maximal-square
222,count-complete-tree-nodes,Easy,Bit Manipulation; Tree; Binary Search; Binary Tree,2015-08-07,train,True,7,amazon; bloomberg; bytedance; facebook; google; microsoft; yahoo,google; amazon; microsoft; facebook; bloomberg; bytedance; yahoo,bytedance; google,amazon; bloomberg; bytedance; google; microsoft,amazon; bloomberg; bytedance; facebook; google; microsoft; yahoo,amazon; bloomberg; bytedance; facebook; google; microsoft; yahoo,21,https://leetcode.com/problems/count-complete-tree-nodes
223,rectangle-area,Medium,Geometry; Math,2015-08-07,train,True,4,apple; facebook; microsoft; nvidia,microsoft; facebook; apple; nvidia,apple,apple; facebook,apple; facebook; microsoft; nvidia,apple; facebook; microsoft; nvidia,11,https://leetcode.com/problems/rectangle-area
224,basic-calculator,Hard,Stack; Recursion; Math; String,2015-08-07,train,True,16,adobe; amazon; bloomberg; facebook; google; indeed; intuit; jump-trading; karat; microsoft; paypal; pinterest; robinhood; roblox; snapchat; uber,amazon; google; microsoft; facebook; indeed; intuit; uber; roblox; karat; pinterest; robinhood; snapchat; adobe; paypal; bloomberg; jump-trading,amazon; facebook; google; indeed; karat; microsoft; robinhood; roblox,amazon; facebook; google; indeed; karat; microsoft; robinhood; roblox; snapchat; uber,adobe; amazon; bloomberg; facebook; google; indeed; intuit; jump-trading; karat; microsoft; paypal; pinterest; robinhood; roblox; snapchat; uber,adobe; amazon; bloomberg; facebook; google; indeed; intuit; jump-trading; karat; microsoft; paypal; pinterest; robinhood; roblox; snapchat; uber,50,https://leetcode.com/problems/basic-calculator
226,invert-binary-tree,Easy,Tree; Depth-First Search; Breadth-First Search; Binary Tree,2015-08-07,train,True,8,amazon; apple; bloomberg; facebook; google; microsoft; salesforce; vmware,google; amazon; microsoft; bloomberg; facebook; apple; salesforce; vmware,amazon; apple; google; microsoft,amazon; apple; google; microsoft; vmware,amazon; apple; bloomberg; facebook; google; microsoft; salesforce; vmware,amazon; apple; bloomberg; facebook; google; microsoft; salesforce; vmware,25,https://leetcode.com/problems/invert-binary-tree
227,basic-calculator-ii,Medium,Stack; Math; String,2015-08-07,train,True,21,airbnb; amazon; apple; atlassian; doordash; ebay; facebook; google; houzz; indeed; intuit; ixl; microsoft; oracle; paypal; postmates; reddit; snapchat; tableau; tencent; uber,facebook; amazon; uber; microsoft; google; apple; snapchat; oracle; houzz; intuit; doordash; ebay; ixl; indeed; postmates; reddit; tableau; atlassian; paypal; tencent; airbnb,amazon; apple; doordash; ebay; facebook; google; indeed; microsoft; oracle; paypal; uber,amazon; apple; doordash; ebay; facebook; google; houzz; indeed; microsoft; oracle; paypal; snapchat; uber,amazon; apple; atlassian; doordash; ebay; facebook; google; houzz; indeed; intuit; ixl; microsoft; oracle; paypal; postmates; reddit; snapchat; tableau; tencent; uber,airbnb; amazon; apple; atlassian; doordash; ebay; facebook; google; houzz; indeed; intuit; ixl; microsoft; oracle; paypal; postmates; reddit; snapchat; tableau; tencent; uber,65,https://leetcode.com/problems/basic-calculator-ii
228,summary-ranges,Easy,Array,2015-08-07,train,True,9,amazon; bloomberg; capital-one; facebook; google; indeed; microsoft; uber; yandex,google; capital-one; indeed; amazon; microsoft; yandex; facebook; bloomberg; uber,capital-one; uber,amazon; capital-one; facebook; google; microsoft; uber; yandex,amazon; bloomberg; capital-one; facebook; google; indeed; microsoft; uber; yandex,amazon; bloomberg; capital-one; facebook; google; indeed; microsoft; uber; yandex,27,https://leetcode.com/problems/summary-ranges
229,majority-element-ii,Medium,Array; Hash Table; Counting; Sorting,2015-08-07,train,True,9,adobe; amazon; apple; bloomberg; facebook; google; microsoft; uber; zenefits,google; amazon; microsoft; bloomberg; adobe; apple; uber; facebook; zenefits,amazon; google,adobe; amazon; apple; bloomberg; facebook; google,adobe; amazon; apple; bloomberg; facebook; google; microsoft; uber,adobe; amazon; apple; bloomberg; facebook; google; microsoft; uber; zenefits,25,https://leetcode.com/problems/majority-element-ii
230,kth-smallest-element-in-a-bst,Medium,Tree; Depth-First Search; Binary Search Tree; Binary Tree,2015-08-07,train,True,12,affirm; amazon; apple; bloomberg; facebook; google; hulu; microsoft; oracle; triplebyte; uber; vmware,facebook; amazon; google; microsoft; bloomberg; triplebyte; oracle; uber; apple; vmware; affirm; hulu,amazon; facebook; oracle; triplebyte,amazon; apple; bloomberg; facebook; hulu; oracle; triplebyte; vmware,affirm; amazon; apple; bloomberg; facebook; google; hulu; microsoft; oracle; triplebyte; uber; vmware,affirm; amazon; apple; bloomberg; facebook; google; hulu; microsoft; oracle; triplebyte; uber; vmware,36,https://leetcode.com/problems/kth-smallest-element-in-a-bst
231,power-of-two,Easy,Bit Manipulation; Recursion; Math,2015-08-07,train,True,5,amazon; apple; google; microsoft; nvidia,google; amazon; microsoft; apple; nvidia,nvidia,apple; google; nvidia,amazon; apple; google; microsoft; nvidia,amazon; apple; google; microsoft; nvidia,14,https://leetcode.com/problems/power-of-two
233,number-of-digit-one,Hard,Recursion; Math; Dynamic Programming,2015-08-07,train,True,2,amazon; apple,amazon; apple,,amazon,amazon; apple,amazon; apple,5,https://leetcode.com/problems/number-of-digit-one
234,palindrome-linked-list,Easy,Stack; Recursion; Linked List; Two Pointers,2015-08-07,train,True,14,adobe; amazon; apple; bloomberg; cisco; facebook; google; grab; intel; ixl; microsoft; nutanix; snapchat; vmware,amazon; microsoft; bloomberg; adobe; facebook; google; ixl; apple; cisco; snapchat; nutanix; vmware; intel; grab,adobe; amazon; apple; bloomberg; cisco; facebook; ixl; microsoft; snapchat,adobe; amazon; apple; bloomberg; cisco; facebook; grab; ixl; microsoft; nutanix; snapchat,adobe; amazon; apple; bloomberg; cisco; facebook; google; grab; intel; ixl; microsoft; nutanix; snapchat; vmware,adobe; amazon; apple; bloomberg; cisco; facebook; google; grab; intel; ixl; microsoft; nutanix; snapchat; vmware,48,https://leetcode.com/problems/palindrome-linked-list
236,lowest-common-ancestor-of-a-binary-tree,Medium,Tree; Depth-First Search; Binary Tree,2015-08-07,train,True,22,adobe; airbnb; amazon; apple; atlassian; bloomberg; bytedance; ebay; facebook; google; intuit; linkedin; microsoft; oracle; paypal; pinterest; salesforce; splunk; uber; visa; yahoo; zillow,amazon; facebook; microsoft; linkedin; google; bloomberg; apple; zillow; adobe; oracle; yahoo; uber; airbnb; bytedance; ebay; salesforce; paypal; visa; intuit; pinterest; splunk; atlassian,adobe; amazon; apple; atlassian; bytedance; facebook; google; microsoft; zillow,adobe; airbnb; amazon; apple; atlassian; bloomberg; bytedance; ebay; facebook; google; linkedin; microsoft; oracle; splunk; zillow,adobe; airbnb; amazon; apple; atlassian; bloomberg; bytedance; ebay; facebook; google; intuit; linkedin; microsoft; oracle; paypal; pinterest; salesforce; splunk; uber; visa; yahoo; zillow,adobe; airbnb; amazon; apple; atlassian; bloomberg; bytedance; ebay; facebook; google; intuit; linkedin; microsoft; oracle; paypal; pinterest; salesforce; splunk; uber; visa; yahoo; zillow,68,https://leetcode.com/problems/lowest-common-ancestor-of-a-binary-tree
238,product-of-array-except-self,Medium,Array; Prefix Sum,2015-08-07,train,True,32,adobe; amazon; apple; asana; blackrock; bloomberg; bytedance; ebay; evernote; facebook; goldman-sachs; google; grab; groupon; intel; linkedin; lyft; microsoft; nutanix; oracle; paypal; qualtrics; salesforce; sap; servicenow; snapchat; splunk; tableau; uber; visa; vmware; yahoo,facebook; amazon; lyft; goldman-sachs; microsoft; google; apple; adobe; yahoo; uber; asana; bloomberg; tableau; oracle; linkedin; ebay; intel; nutanix; snapchat; vmware; paypal; servicenow; visa; evernote; groupon; salesforce; blackrock; qualtrics; splunk; bytedance; grab; sap,amazon; apple; asana; ebay; facebook; goldman-sachs; google; lyft; microsoft; servicenow; uber,adobe; amazon; apple; asana; bloomberg; ebay; facebook; goldman-sachs; google; lyft; microsoft; nutanix; oracle; qualtrics; servicenow; splunk; tableau; uber,adobe; amazon; apple; asana; blackrock; bloomberg; bytedance; ebay; evernote; facebook; goldman-sachs; google; grab; groupon; intel; lyft; microsoft; nutanix; oracle; paypal; qualtrics; salesforce; sap; servicenow; snapchat; splunk; tableau; uber; visa; vmware; yahoo,adobe; amazon; apple; asana; blackrock; bloomberg; bytedance; ebay; evernote; facebook; goldman-sachs; google; grab; groupon; intel; linkedin; lyft; microsoft; nutanix; oracle; paypal; qualtrics; salesforce; sap; servicenow; snapchat; splunk; tableau; uber; visa; vmware; yahoo,92,https://leetcode.com/problems/product-of-array-except-self
239,sliding-window-maximum,Hard,Queue; Array; Sliding Window; Monotonic Queue; Heap (Priority Queue),2015-08-07,train,True,23,adobe; alibaba; amazon; apple; bloomberg; bytedance; citadel; coursera; databricks; facebook; google; lyft; microsoft; nutanix; oracle; pinterest; roblox; twitter; uber; vmware; wish; yelp; zenefits,amazon; google; facebook; microsoft; uber; bloomberg; apple; adobe; databricks; coursera; citadel; roblox; twitter; alibaba; vmware; wish; yelp; bytedance; lyft; nutanix; oracle; pinterest; zenefits,adobe; amazon; apple; bloomberg; citadel; databricks; google; microsoft; oracle; roblox; uber,adobe; amazon; apple; bloomberg; bytedance; citadel; databricks; facebook; google; microsoft; oracle; roblox; twitter; uber; wish,adobe; alibaba; amazon; apple; bloomberg; bytedance; citadel; coursera; databricks; facebook; google; lyft; microsoft; nutanix; oracle; pinterest; roblox; twitter; uber; vmware; wish; yelp,adobe; alibaba; amazon; apple; bloomberg; bytedance; citadel; coursera; databricks; facebook; google; lyft; microsoft; nutanix; oracle; pinterest; roblox; twitter; uber; vmware; wish; yelp; zenefits,71,https://leetcode.com/problems/sliding-window-maximum
240,search-a-2d-matrix-ii,Medium,Array; Binary Search; Divide and Conquer; Matrix,2015-08-07,train,True,20,adobe; amazon; apple; baidu; bloomberg; bytedance; citadel; ebay; expedia; facebook; goldman-sachs; google; linkedin; microsoft; oracle; paypal; salesforce; sap; tencent; yahoo,amazon; microsoft; google; facebook; bloomberg; goldman-sachs; adobe; yahoo; apple; bytedance; expedia; ebay; citadel; oracle; paypal; sap; tencent; baidu; linkedin; salesforce,amazon; apple; bytedance; ebay; facebook; google; microsoft; oracle,adobe; amazon; apple; bytedance; citadel; ebay; facebook; google; microsoft; oracle,adobe; amazon; apple; baidu; bloomberg; bytedance; citadel; ebay; expedia; facebook; goldman-sachs; google; linkedin; microsoft; oracle; paypal; salesforce; sap; tencent; yahoo,adobe; amazon; apple; baidu; bloomberg; bytedance; citadel; ebay; expedia; facebook; goldman-sachs; google; linkedin; microsoft; oracle; paypal; salesforce; sap; tencent; yahoo,58,https://leetcode.com/problems/search-a-2d-matrix-ii
241,different-ways-to-add-parentheses,Medium,Recursion; Memoization; Math; String; Dynamic Programming,2015-08-07,train,True,5,amazon; cisco; citadel; facebook; google,google; amazon; citadel; facebook; cisco,citadel; google,amazon; cisco; citadel; google,amazon; cisco; citadel; facebook; google,amazon; cisco; citadel; facebook; google,16,https://leetcode.com/problems/different-ways-to-add-parentheses
242,valid-anagram,Easy,Hash Table; String; Sorting,2015-08-07,train,True,19,amazon; apple; bloomberg; cisco; docusign; expedia; facebook; goldman-sachs; google; microsoft; morgan-stanley; oracle; paypal; servicenow; snapchat; uber; yahoo; yelp; zulily,amazon; bloomberg; google; microsoft; apple; facebook; goldman-sachs; uber; paypal; oracle; yahoo; snapchat; cisco; zulily; morgan-stanley; servicenow; expedia; yelp; docusign,amazon; apple; bloomberg; docusign; facebook; goldman-sachs; google; microsoft; oracle; uber,amazon; apple; bloomberg; docusign; facebook; goldman-sachs; google; microsoft; oracle; paypal; uber; zulily,amazon; apple; bloomberg; cisco; docusign; expedia; facebook; goldman-sachs; google; microsoft; morgan-stanley; oracle; paypal; servicenow; snapchat; uber; yahoo; zulily,amazon; apple; bloomberg; cisco; docusign; expedia; facebook; goldman-sachs; google; microsoft; morgan-stanley; oracle; paypal; servicenow; snapchat; uber; yahoo; yelp; zulily,59,https://leetcode.com/problems/valid-anagram
243,shortest-word-distance,Easy,Array; String,2015-08-07,train,True,8,amazon; google; linkedin; microsoft; oracle; paypal; uber; vmware,linkedin; amazon; google; paypal; uber; microsoft; oracle; vmware,amazon; google; linkedin,amazon; google; linkedin; microsoft; oracle; paypal,amazon; google; linkedin; microsoft; oracle; paypal; uber; vmware,amazon; google; linkedin; microsoft; oracle; paypal; uber; vmware,25,https://leetcode.com/problems/shortest-word-distance
245,shortest-word-distance-iii,Medium,Array; String,2015-08-07,train,True,1,linkedin,linkedin,,,,linkedin,1,https://leetcode.com/problems/shortest-word-distance-iii
246,strobogrammatic-number,Easy,Hash Table; Two Pointers; String,2015-08-07,train,True,3,cisco; facebook; google,google; facebook; cisco,cisco; facebook,cisco; facebook; google,cisco; facebook; google,cisco; facebook; google,11,https://leetcode.com/problems/strobogrammatic-number
247,strobogrammatic-number-ii,Medium,Recursion; Array; String,2015-08-07,train,True,3,cisco; facebook; google,google; facebook; cisco,facebook; google,facebook; google,cisco; facebook; google,cisco; facebook; google,10,https://leetcode.com/problems/strobogrammatic-number-ii
248,strobogrammatic-number-iii,Hard,Recursion; Array; String,2015-08-07,train,True,2,facebook; google,google; facebook,,google,facebook; google,facebook; google,5,https://leetcode.com/problems/strobogrammatic-number-iii
249,group-shifted-strings,Medium,Array; Hash Table; String,2015-08-07,train,True,4,amazon; facebook; google; uber,google; facebook; uber; amazon,amazon; facebook; google,amazon; facebook; google,amazon; facebook; google,amazon; facebook; google; uber,13,https://leetcode.com/problems/group-shifted-strings
250,count-univalue-subtrees,Medium,Tree; Depth-First Search; Binary Tree,2015-08-07,train,True,6,amazon; bloomberg; box; ebay; facebook; google,box; google; amazon; bloomberg; facebook; ebay,box; ebay; google,amazon; bloomberg; box; ebay; google,amazon; bloomberg; box; ebay; facebook; google,amazon; bloomberg; box; ebay; facebook; google,20,https://leetcode.com/problems/count-univalue-subtrees
252,meeting-rooms,Easy,Array; Sorting,2015-08-07,train,True,5,amazon; bloomberg; facebook; google; microsoft,facebook; amazon; microsoft; google; bloomberg,microsoft,amazon; google; microsoft,amazon; bloomberg; facebook; google; microsoft,amazon; bloomberg; facebook; google; microsoft,14,https://leetcode.com/problems/meeting-rooms
253,meeting-rooms-ii,Medium,Greedy; Array; Two Pointers; Prefix Sum; Sorting; Heap (Priority Queue),2015-08-07,train,True,26,amazon; apple; atlassian; bloomberg; bookingcom; cisco; citadel; citrix; drawbridge; ebay; expedia; facebook; godaddy; goldman-sachs; google; lyft; microsoft; nutanix; oracle; paypal; postmates; quora; snapchat; uber; visa; yelp,facebook; amazon; google; microsoft; bloomberg; uber; oracle; snapchat; apple; yelp; quora; atlassian; ebay; expedia; godaddy; postmates; visa; bookingcom; cisco; citrix; lyft; nutanix; goldman-sachs; paypal; citadel; drawbridge,amazon; apple; bloomberg; citadel; ebay; facebook; google; microsoft; oracle,amazon; apple; bloomberg; citadel; citrix; ebay; facebook; godaddy; goldman-sachs; google; lyft; microsoft; nutanix; oracle; quora; snapchat; uber; visa,amazon; apple; atlassian; bloomberg; bookingcom; cisco; citadel; citrix; drawbridge; ebay; expedia; facebook; godaddy; goldman-sachs; google; lyft; microsoft; nutanix; oracle; paypal; postmates; quora; snapchat; uber; visa; yelp,amazon; apple; atlassian; bloomberg; bookingcom; cisco; citadel; citrix; drawbridge; ebay; expedia; facebook; godaddy; goldman-sachs; google; lyft; microsoft; nutanix; oracle; paypal; postmates; quora; snapchat; uber; visa; yelp,79,https://leetcode.com/problems/meeting-rooms-ii
254,factor-combinations,Medium,Backtracking,2015-08-07,train,True,4,google; linkedin; pinterest; uber,linkedin; google; uber; pinterest,linkedin,linkedin,google; linkedin; pinterest,google; linkedin; pinterest; uber,9,https://leetcode.com/problems/factor-combinations
255,verify-preorder-sequence-in-binary-search-tree,Medium,Stack; Tree; Binary Search Tree; Recursion; Array; Binary Tree; Monotonic Stack,2015-08-07,train,True,3,mathworks; uber; zenefits,mathworks; uber; zenefits,,mathworks,mathworks; uber,mathworks; uber; zenefits,6,https://leetcode.com/problems/verify-preorder-sequence-in-binary-search-tree
256,paint-house,Medium,Array; Dynamic Programming,2015-08-07,train,True,5,apple; linkedin; microsoft; tencent; twitter,linkedin; twitter; apple; microsoft; tencent,linkedin,apple; linkedin; tencent; twitter,apple; linkedin; microsoft; tencent; twitter,apple; linkedin; microsoft; tencent; twitter,15,https://leetcode.com/problems/paint-house
257,binary-tree-paths,Easy,Tree; Depth-First Search; String; Backtracking; Binary Tree,2015-08-07,train,True,6,adobe; amazon; apple; facebook; google; microsoft,facebook; amazon; microsoft; adobe; google; apple,facebook,amazon; facebook; google,adobe; amazon; facebook; google; microsoft,adobe; amazon; apple; facebook; google; microsoft,15,https://leetcode.com/problems/binary-tree-paths
258,add-digits,Easy,Math; Number Theory; Simulation,2015-08-07,train,True,4,adobe; apple; bloomberg; microsoft,adobe; bloomberg; microsoft; apple,bloomberg,bloomberg,apple; bloomberg,adobe; apple; bloomberg; microsoft,8,https://leetcode.com/problems/add-digits
259,3sum-smaller,Medium,Array; Two Pointers; Binary Search; Sorting,2015-08-07,train,True,3,google; ibm; mathworks,google; mathworks; ibm,google; mathworks,google; ibm; mathworks,google; ibm; mathworks,google; ibm; mathworks,11,https://leetcode.com/problems/3sum-smaller
260,single-number-iii,Medium,Bit Manipulation; Array,2015-08-07,train,True,4,amazon; apple; facebook; yahoo,amazon; facebook; yahoo; apple,amazon; apple; facebook; yahoo,amazon; apple; facebook; yahoo,amazon; apple; facebook; yahoo,amazon; apple; facebook; yahoo,16,https://leetcode.com/problems/single-number-iii
261,graph-valid-tree,Medium,Depth-First Search; Breadth-First Search; Union Find; Graph,2015-08-07,train,True,6,amazon; facebook; google; linkedin; pinterest; zenefits,linkedin; amazon; google; facebook; pinterest; zenefits,amazon; linkedin,amazon; linkedin,amazon; google; linkedin; pinterest,amazon; facebook; google; linkedin; pinterest; zenefits,14,https://leetcode.com/problems/graph-valid-tree
263,ugly-number,Easy,Math,2015-08-07,train,False,0,,,,,,,0,https://leetcode.com/problems/ugly-number
264,ugly-number-ii,Medium,Hash Table; Math; Dynamic Programming; Heap (Priority Queue),2015-08-07,train,True,3,amazon; oracle; uber,amazon; uber; oracle,amazon,amazon; oracle,amazon; oracle; uber,amazon; oracle; uber,9,https://leetcode.com/problems/ugly-number-ii
265,paint-house-ii,Hard,Array; Dynamic Programming,2015-08-07,train,True,3,facebook; google; linkedin,linkedin; google; facebook,,linkedin,google; linkedin,facebook; google; linkedin,6,https://leetcode.com/problems/paint-house-ii
266,palindrome-permutation,Easy,Bit Manipulation; Hash Table; String,2015-08-07,train,True,7,amazon; apple; bloomberg; facebook; google; microsoft; uber,google; facebook; amazon; microsoft; apple; uber; bloomberg,apple; facebook,amazon; apple; facebook; microsoft,amazon; apple; facebook; google; microsoft,amazon; apple; bloomberg; facebook; google; microsoft; uber,18,https://leetcode.com/problems/palindrome-permutation
267,palindrome-permutation-ii,Medium,Hash Table; String; Backtracking,2015-08-07,train,True,4,amazon; google; microsoft; uber,uber; google; microsoft; amazon,uber,google; uber,amazon; google; microsoft; uber,amazon; google; microsoft; uber,11,https://leetcode.com/problems/palindrome-permutation-ii
268,missing-number,Easy,Bit Manipulation; Array; Hash Table; Math; Binary Search; Sorting,2015-08-07,train,True,13,adobe; amazon; apple; arista-networks; bloomberg; facebook; google; ibm; microsoft; oracle; servicenow; vmware; zillow,amazon; microsoft; google; apple; bloomberg; arista-networks; adobe; facebook; ibm; oracle; vmware; zillow; servicenow,amazon; apple; facebook; microsoft,amazon; apple; bloomberg; facebook; microsoft,adobe; amazon; apple; arista-networks; bloomberg; facebook; google; ibm; microsoft; oracle; servicenow; vmware; zillow,adobe; amazon; apple; arista-networks; bloomberg; facebook; google; ibm; microsoft; oracle; servicenow; vmware; zillow,35,https://leetcode.com/problems/missing-number
269,alien-dictionary,Hard,Depth-First Search; Breadth-First Search; Graph; Topological Sort; Array; String,2015-08-07,train,True,17,airbnb; amazon; apple; bloomberg; cohesity; doordash; facebook; flipkart; google; microsoft; pinterest; pocket-gems; snapchat; square; twitter; uber; vmware,facebook; amazon; airbnb; google; bloomberg; twitter; uber; microsoft; apple; pinterest; snapchat; square; flipkart; vmware; cohesity; pocket-gems; doordash,amazon; apple; facebook; google; microsoft; twitter,airbnb; amazon; apple; bloomberg; facebook; flipkart; google; microsoft; pinterest; twitter; uber; vmware,airbnb; amazon; apple; bloomberg; cohesity; doordash; facebook; flipkart; google; microsoft; pinterest; square; twitter; uber; vmware,airbnb; amazon; apple; bloomberg; cohesity; doordash; facebook; flipkart; google; microsoft; pinterest; pocket-gems; snapchat; square; twitter; uber; vmware,50,https://leetcode.com/problems/alien-dictionary
270,closest-binary-search-tree-value,Easy,Tree; Depth-First Search; Binary Search Tree; Binary Search; Binary Tree,2015-08-07,train,True,7,amazon; bloomberg; facebook; google; linkedin; microsoft; snapchat,facebook; amazon; google; microsoft; linkedin; bloomberg; snapchat,facebook,amazon; facebook; microsoft,amazon; bloomberg; facebook; google; linkedin; microsoft,amazon; bloomberg; facebook; google; linkedin; microsoft; snapchat,17,https://leetcode.com/problems/closest-binary-search-tree-value
272,closest-binary-search-tree-value-ii,Hard,Stack; Tree; Depth-First Search; Binary Search Tree; Two Pointers; Binary Tree; Heap (Priority Queue),2015-08-07,train,True,5,amazon; facebook; forusall; google; linkedin,linkedin; amazon; facebook; forusall; google,facebook; linkedin,amazon; facebook; linkedin,amazon; facebook; forusall; linkedin,amazon; facebook; forusall; google; linkedin,14,https://leetcode.com/problems/closest-binary-search-tree-value-ii
273,integer-to-english-words,Hard,Recursion; Math; String,2015-08-07,train,True,25,amazon; apple; barclays; bloomberg; capital-one; citrix; facebook; google; jpmorgan; linkedin; microsoft; nutanix; oracle; palantir-technologies; paypal; sap; splunk; square; tableau; tesla; uber; visa; yahoo; yelp; zillow,facebook; amazon; microsoft; linkedin; palantir-technologies; yelp; google; bloomberg; uber; apple; zillow; capital-one; paypal; yahoo; tableau; jpmorgan; oracle; square; barclays; nutanix; visa; splunk; citrix; sap; tesla,amazon; apple; bloomberg; facebook; google; microsoft; square; tesla,amazon; apple; bloomberg; facebook; google; linkedin; microsoft; nutanix; oracle; square; tesla; uber; zillow,amazon; apple; barclays; bloomberg; capital-one; citrix; facebook; google; jpmorgan; linkedin; microsoft; nutanix; oracle; palantir-technologies; paypal; sap; splunk; square; tableau; tesla; uber; visa; yahoo; yelp; zillow,amazon; apple; barclays; bloomberg; capital-one; citrix; facebook; google; jpmorgan; linkedin; microsoft; nutanix; oracle; palantir-technologies; paypal; sap; splunk; square; tableau; tesla; uber; visa; yahoo; yelp; zillow,71,https://leetcode.com/problems/integer-to-english-words
274,h-index,Medium,Array; Counting Sort; Sorting,2015-08-07,train,True,6,adobe; bloomberg; facebook; google; tripadvisor; yahoo,google; adobe; tripadvisor; facebook; yahoo; bloomberg,google,adobe; bloomberg; google,adobe; bloomberg; google; tripadvisor; yahoo,adobe; bloomberg; facebook; google; tripadvisor; yahoo,15,https://leetcode.com/problems/h-index
275,h-index-ii,Medium,Array; Binary Search,2015-08-07,train,True,1,facebook,facebook,,,,facebook,1,https://leetcode.com/problems/h-index-ii
276,paint-fence,Medium,Dynamic Programming,2015-08-07,train,True,1,google,google,google,google,google,google,4,https://leetcode.com/problems/paint-fence
278,first-bad-version,Easy,Binary Search; Interactive,2015-08-07,train,True,7,adobe; amazon; bloomberg; facebook; google; microsoft; uber,facebook; google; adobe; amazon; microsoft; bloomberg; uber,facebook; google,adobe; facebook; google; microsoft,adobe; amazon; bloomberg; facebook; google; microsoft; uber,adobe; amazon; bloomberg; facebook; google; microsoft; uber,20,https://leetcode.com/problems/first-bad-version
279,perfect-squares,Medium,Breadth-First Search; Math; Dynamic Programming,2015-08-07,train,True,13,adobe; amazon; apple; cisco; ebay; facebook; godaddy; google; linkedin; lyft; microsoft; uber; yandex,google; amazon; adobe; apple; uber; lyft; microsoft; facebook; cisco; ebay; godaddy; linkedin; yandex,adobe; amazon; google; yandex,adobe; amazon; apple; cisco; google; microsoft; uber; yandex,adobe; amazon; apple; cisco; ebay; facebook; godaddy; google; linkedin; lyft; microsoft; uber; yandex,adobe; amazon; apple; cisco; ebay; facebook; godaddy; google; linkedin; lyft; microsoft; uber; yandex,38,https://leetcode.com/problems/perfect-squares
280,wiggle-sort,Medium,Greedy; Array; Sorting,2015-08-07,train,True,5,airbnb; amazon; facebook; google; microsoft,google; facebook; amazon; microsoft; airbnb,facebook; google,airbnb; facebook; google,airbnb; amazon; facebook; google; microsoft,airbnb; amazon; facebook; google; microsoft,15,https://leetcode.com/problems/wiggle-sort
282,expression-add-operators,Hard,Math; String; Backtracking,2015-08-07,train,True,7,apple; bytedance; facebook; google; microsoft; snapchat; uber,facebook; google; uber; microsoft; apple; bytedance; snapchat,bytedance; facebook; google; uber,bytedance; facebook; google; microsoft; uber,apple; bytedance; facebook; google; microsoft; snapchat; uber,apple; bytedance; facebook; google; microsoft; snapchat; uber,23,https://leetcode.com/problems/expression-add-operators
283,move-zeroes,Easy,Array; Two Pointers,2015-08-07,train,True,22,adobe; amazon; apple; bloomberg; cohesity; dell; ebay; facebook; goldman-sachs; google; lyft; microsoft; nutanix; oracle; paypal; qualcomm; sap; tesla; uber; yahoo; yandex; zillow,facebook; bloomberg; google; microsoft; amazon; yandex; apple; uber; ebay; yahoo; adobe; paypal; sap; goldman-sachs; oracle; lyft; qualcomm; nutanix; dell; tesla; cohesity; zillow,amazon; apple; bloomberg; ebay; facebook; google; microsoft; oracle; tesla; yandex,amazon; apple; bloomberg; ebay; facebook; goldman-sachs; google; microsoft; nutanix; oracle; tesla; yahoo; yandex; zillow,adobe; amazon; apple; bloomberg; cohesity; dell; ebay; facebook; goldman-sachs; google; lyft; microsoft; nutanix; oracle; paypal; qualcomm; sap; tesla; uber; yahoo; yandex; zillow,adobe; amazon; apple; bloomberg; cohesity; dell; ebay; facebook; goldman-sachs; google; lyft; microsoft; nutanix; oracle; paypal; qualcomm; sap; tesla; uber; yahoo; yandex; zillow,68,https://leetcode.com/problems/move-zeroes
286,walls-and-gates,Medium,Breadth-First Search; Array; Matrix,2015-08-07,train,True,9,amazon; apple; bloomberg; bytedance; facebook; google; microsoft; spotify; uber,facebook; google; amazon; uber; microsoft; bloomberg; spotify; apple; bytedance,amazon; bloomberg; facebook; google; spotify,amazon; bloomberg; facebook; google; microsoft; spotify,amazon; apple; bloomberg; bytedance; facebook; google; microsoft; spotify; uber,amazon; apple; bloomberg; bytedance; facebook; google; microsoft; spotify; uber,29,https://leetcode.com/problems/walls-and-gates
287,find-the-duplicate-number,Medium,Bit Manipulation; Array; Two Pointers; Binary Search,2015-08-07,train,True,13,adobe; amazon; apple; bloomberg; ebay; facebook; google; intuit; microsoft; oracle; salesforce; tencent; vmware,amazon; google; microsoft; bloomberg; adobe; apple; facebook; salesforce; tencent; ebay; oracle; vmware; intuit,amazon; apple; facebook; google; microsoft,adobe; amazon; apple; bloomberg; ebay; facebook; google; intuit; microsoft,adobe; amazon; apple; bloomberg; ebay; facebook; google; intuit; microsoft; oracle; salesforce; tencent; vmware,adobe; amazon; apple; bloomberg; ebay; facebook; google; intuit; microsoft; oracle; salesforce; tencent; vmware,40,https://leetcode.com/problems/find-the-duplicate-number
289,game-of-life,Medium,Array; Matrix; Simulation,2015-08-07,train,True,14,amazon; bloomberg; dropbox; facebook; goldman-sachs; google; microsoft; opendoor; oracle; reddit; snapchat; two-sigma; uber; zillow,dropbox; google; amazon; goldman-sachs; microsoft; snapchat; uber; opendoor; two-sigma; reddit; bloomberg; facebook; oracle; zillow,amazon; dropbox; goldman-sachs; reddit,amazon; dropbox; facebook; goldman-sachs; google; oracle; reddit; uber,amazon; bloomberg; dropbox; facebook; goldman-sachs; google; microsoft; opendoor; oracle; reddit; uber; zillow,amazon; bloomberg; dropbox; facebook; goldman-sachs; google; microsoft; opendoor; oracle; reddit; snapchat; two-sigma; uber; zillow,38,https://leetcode.com/problems/game-of-life
290,word-pattern,Easy,Hash Table; String,2015-08-07,train,True,7,amazon; capital-one; dropbox; facebook; google; microsoft; uber,capital-one; google; dropbox; amazon; uber; facebook; microsoft,amazon; capital-one,amazon; capital-one; microsoft,amazon; capital-one; facebook; google; microsoft,amazon; capital-one; dropbox; facebook; google; microsoft; uber,17,https://leetcode.com/problems/word-pattern
291,word-pattern-ii,Medium,Hash Table; String; Backtracking,2015-08-07,train,True,4,dropbox; facebook; ponyai; uber,dropbox; uber; facebook; ponyai,,uber,facebook; ponyai; uber,dropbox; facebook; ponyai; uber,8,https://leetcode.com/problems/word-pattern-ii
292,nim-game,Easy,Brainteaser; Math; Game Theory,2015-08-07,train,True,2,adobe; bloomberg,adobe; bloomberg,bloomberg,bloomberg,bloomberg,adobe; bloomberg,5,https://leetcode.com/problems/nim-game
293,flip-game,Easy,String,2015-08-07,train,True,1,google,google,,,,google,1,https://leetcode.com/problems/flip-game
294,flip-game-ii,Medium,Memoization; Math; Dynamic Programming; Backtracking; Game Theory,2015-08-07,train,True,1,google,google,,,,google,1,https://leetcode.com/problems/flip-game-ii
296,best-meeting-point,Hard,Array; Math; Matrix; Sorting,2015-08-07,train,True,6,amazon; facebook; google; linkedin; snapchat; twitter,google; twitter; snapchat; facebook; linkedin; amazon,amazon; google,amazon; google,amazon; facebook; google; linkedin; snapchat,amazon; facebook; google; linkedin; snapchat; twitter,15,https://leetcode.com/problems/best-meeting-point
298,binary-tree-longest-consecutive-sequence,Medium,Tree; Depth-First Search; Binary Tree,2015-08-07,train,True,4,amazon; facebook; google; uber,google; amazon; facebook; uber,,amazon; facebook; google,amazon; facebook; google; uber,amazon; facebook; google; uber,11,https://leetcode.com/problems/binary-tree-longest-consecutive-sequence
299,bulls-and-cows,Medium,Hash Table; String; Counting,2015-08-07,train,True,6,airbnb; amazon; google; microsoft; uber; zillow,google; amazon; airbnb; microsoft; uber; zillow,amazon; google; microsoft,amazon; google; microsoft,airbnb; amazon; google; microsoft; uber; zillow,airbnb; amazon; google; microsoft; uber; zillow,18,https://leetcode.com/problems/bulls-and-cows
300,longest-increasing-subsequence,Medium,Array; Binary Search; Dynamic Programming,2015-08-07,train,True,12,adobe; amazon; apple; atlassian; ebay; facebook; google; microsoft; oracle; salesforce; uber; vmware,facebook; amazon; google; microsoft; apple; adobe; atlassian; vmware; uber; salesforce; ebay; oracle,adobe; amazon; apple; atlassian; ebay; facebook; google; microsoft; uber,adobe; amazon; apple; atlassian; ebay; facebook; google; microsoft; oracle; uber,adobe; amazon; apple; atlassian; ebay; facebook; google; microsoft; oracle; salesforce; uber; vmware,adobe; amazon; apple; atlassian; ebay; facebook; google; microsoft; oracle; salesforce; uber; vmware,43,https://leetcode.com/problems/longest-increasing-subsequence
302,smallest-rectangle-enclosing-black-pixels,Hard,Depth-First Search; Breadth-First Search; Array; Binary Search; Matrix,2015-08-07,train,True,1,google,google,,,google,google,2,https://leetcode.com/problems/smallest-rectangle-enclosing-black-pixels
305,number-of-islands-ii,Hard,Union Find; Array; Hash Table,2015-08-07,train,True,7,amazon; facebook; google; microsoft; oracle; snapchat; uber,google; uber; facebook; amazon; microsoft; oracle; snapchat,uber,facebook; oracle; uber,amazon; facebook; google; microsoft; oracle; snapchat; uber,amazon; facebook; google; microsoft; oracle; snapchat; uber,18,https://leetcode.com/problems/number-of-islands-ii
306,additive-number,Medium,String; Backtracking,2015-08-07,train,True,1,epic-systems,epic-systems,,epic-systems,epic-systems,epic-systems,3,https://leetcode.com/problems/additive-number
309,best-time-to-buy-and-sell-stock-with-cooldown,Medium,Array; Dynamic Programming,2015-08-07,train,True,4,amazon; apple; facebook; google,google; amazon; facebook; apple,amazon,amazon; facebook; google,amazon; apple; facebook; google,amazon; apple; facebook; google,12,https://leetcode.com/problems/best-time-to-buy-and-sell-stock-with-cooldown
310,minimum-height-trees,Medium,Depth-First Search; Breadth-First Search; Graph; Topological Sort,2015-08-07,train,True,6,amazon; apple; bloomberg; facebook; google; snapchat,google; amazon; facebook; snapchat; apple; bloomberg,amazon,amazon; apple; google; snapchat,amazon; apple; bloomberg; facebook; google; snapchat,amazon; apple; bloomberg; facebook; google; snapchat,17,https://leetcode.com/problems/minimum-height-trees
311,sparse-matrix-multiplication,Medium,Array; Hash Table; Matrix,2015-08-07,train,True,9,amazon; apple; bloomberg; facebook; google; linkedin; microsoft; snapchat; uber,facebook; apple; google; linkedin; bloomberg; uber; amazon; microsoft; snapchat,apple; facebook,apple; facebook; google; microsoft; uber,amazon; apple; bloomberg; facebook; google; microsoft; snapchat; uber,amazon; apple; bloomberg; facebook; google; linkedin; microsoft; snapchat; uber,24,https://leetcode.com/problems/sparse-matrix-multiplication
312,burst-balloons,Hard,Array; Dynamic Programming,2015-08-07,train,True,6,adobe; amazon; facebook; google; samsung; snapchat,amazon; adobe; google; facebook; samsung; snapchat,amazon,adobe; amazon; facebook; google; samsung,adobe; amazon; facebook; google; samsung,adobe; amazon; facebook; google; samsung; snapchat,17,https://leetcode.com/problems/burst-balloons
313,super-ugly-number,Medium,Array; Math; Dynamic Programming,2015-08-07,train,True,1,google,google,,,,google,1,https://leetcode.com/problems/super-ugly-number
314,binary-tree-vertical-order-traversal,Medium,Tree; Depth-First Search; Breadth-First Search; Hash Table; Binary Tree; Sorting,2015-08-07,train,True,15,adobe; amazon; bloomberg; bytedance; databricks; expedia; facebook; google; mathworks; microsoft; oracle; reddit; salesforce; snapchat; wish,facebook; amazon; databricks; bloomberg; microsoft; google; oracle; reddit; wish; adobe; mathworks; snapchat; bytedance; expedia; salesforce,amazon; bloomberg; databricks; facebook; google; reddit; wish,amazon; bloomberg; databricks; facebook; google; microsoft; oracle; reddit; wish,adobe; amazon; bloomberg; bytedance; databricks; expedia; facebook; google; mathworks; microsoft; oracle; reddit; salesforce; wish,adobe; amazon; bloomberg; bytedance; databricks; expedia; facebook; google; mathworks; microsoft; oracle; reddit; salesforce; snapchat; wish,45,https://leetcode.com/problems/binary-tree-vertical-order-traversal
315,count-of-smaller-numbers-after-self,Hard,Binary Indexed Tree; Segment Tree; Array; Binary Search; Divide and Conquer; Ordered Set; Merge Sort,2015-08-07,train,True,9,adobe; amazon; apple; bloomberg; facebook; google; microsoft; oracle; uber,google; amazon; adobe; uber; apple; microsoft; bloomberg; facebook; oracle,adobe; amazon; bloomberg; google; microsoft,adobe; amazon; apple; bloomberg; google; microsoft,adobe; amazon; apple; bloomberg; facebook; google; microsoft; oracle; uber,adobe; amazon; apple; bloomberg; facebook; google; microsoft; oracle; uber,29,https://leetcode.com/problems/count-of-smaller-numbers-after-self
316,remove-duplicate-letters,Medium,Stack; Greedy; String; Monotonic Stack,2015-08-07,train,True,9,adobe; amazon; apple; bytedance; facebook; google; microsoft; nutanix; yahoo,google; amazon; facebook; microsoft; apple; yahoo; adobe; bytedance; nutanix,amazon; bytedance; google,amazon; bytedance; google,adobe; amazon; apple; bytedance; facebook; google; microsoft; nutanix; yahoo,adobe; amazon; apple; bytedance; facebook; google; microsoft; nutanix; yahoo,24,https://leetcode.com/problems/remove-duplicate-letters
317,shortest-distance-from-all-buildings,Hard,Breadth-First Search; Array; Matrix,2015-08-07,train,True,11,amazon; bytedance; facebook; goldman-sachs; google; mathworks; microsoft; snapchat; splunk; uber; zenefits,google; facebook; amazon; mathworks; snapchat; microsoft; bytedance; uber; splunk; goldman-sachs; zenefits,amazon; facebook; microsoft; snapchat,amazon; bytedance; facebook; google; mathworks; microsoft; snapchat; uber,amazon; bytedance; facebook; goldman-sachs; google; mathworks; microsoft; snapchat; splunk; uber,amazon; bytedance; facebook; goldman-sachs; google; mathworks; microsoft; snapchat; splunk; uber; zenefits,33,https://leetcode.com/problems/shortest-distance-from-all-buildings
318,maximum-product-of-word-lengths,Medium,Bit Manipulation; Array; String,2015-08-07,train,True,1,google,google,,,google,google,2,https://leetcode.com/problems/maximum-product-of-word-lengths
319,bulb-switcher,Medium,Brainteaser; Math,2015-08-07,train,True,3,amazon; facebook; mathworks,facebook; amazon; mathworks,,facebook,amazon; facebook; mathworks,amazon; facebook; mathworks,7,https://leetcode.com/problems/bulb-switcher
320,generalized-abbreviation,Medium,Bit Manipulation; String; Backtracking,2015-08-07,train,True,2,bytedance; google,google; bytedance,bytedance,bytedance; google,bytedance; google,bytedance; google,7,https://leetcode.com/problems/generalized-abbreviation
321,create-maximum-number,Hard,Stack; Greedy; Array; Two Pointers; Monotonic Stack,2015-08-07,train,True,2,amazon; google,google; amazon,,amazon,amazon,amazon; google,4,https://leetcode.com/problems/create-maximum-number
322,coin-change,Medium,Breadth-First Search; Array; Dynamic Programming,2015-08-07,train,True,24,adobe; affirm; airbnb; amazon; apple; blackrock; bloomberg; bytedance; capital-one; ebay; facebook; goldman-sachs; google; jpmorgan; linkedin; microsoft; oracle; paypal; sap; uber; visa; vmware; yahoo; zappos,amazon; microsoft; google; capital-one; jpmorgan; facebook; bloomberg; apple; adobe; goldman-sachs; yahoo; airbnb; linkedin; uber; vmware; ebay; blackrock; bytedance; oracle; sap; visa; affirm; paypal; zappos,amazon; apple; bloomberg; bytedance; ebay; goldman-sachs; google; microsoft; sap,adobe; affirm; airbnb; amazon; apple; blackrock; bloomberg; bytedance; capital-one; ebay; goldman-sachs; google; microsoft; oracle; sap; uber; vmware; zappos,adobe; affirm; airbnb; amazon; apple; blackrock; bloomberg; bytedance; capital-one; ebay; facebook; goldman-sachs; google; jpmorgan; linkedin; microsoft; oracle; paypal; sap; uber; visa; vmware; yahoo; zappos,adobe; affirm; airbnb; amazon; apple; blackrock; bloomberg; bytedance; capital-one; ebay; facebook; goldman-sachs; google; jpmorgan; linkedin; microsoft; oracle; paypal; sap; uber; visa; vmware; yahoo; zappos,75,https://leetcode.com/problems/coin-change
323,number-of-connected-components-in-an-undirected-graph,Medium,Depth-First Search; Breadth-First Search; Union Find; Graph,2015-08-07,train,True,6,amazon; facebook; google; linkedin; microsoft; twitter,amazon; facebook; google; linkedin; microsoft; twitter,amazon; facebook,amazon; facebook,amazon; facebook; linkedin; microsoft,amazon; facebook; google; linkedin; microsoft; twitter,14,https://leetcode.com/problems/number-of-connected-components-in-an-undirected-graph
324,wiggle-sort-ii,Medium,Greedy; Array; Divide and Conquer; Quickselect; Sorting,2015-08-07,train,True,5,airbnb; akuna-capital; facebook; google; paypal,google; airbnb; akuna-capital; facebook; paypal,paypal,airbnb; facebook; paypal,airbnb; akuna-capital; facebook; google; paypal,airbnb; akuna-capital; facebook; google; paypal,14,https://leetcode.com/problems/wiggle-sort-ii
325,maximum-size-subarray-sum-equals-k,Medium,Array; Hash Table; Prefix Sum,2015-08-07,train,True,5,amazon; facebook; google; microsoft; palantir-technologies,facebook; google; amazon; microsoft; palantir-technologies,google,amazon; facebook; google,amazon; facebook; google; microsoft,amazon; facebook; google; microsoft; palantir-technologies,13,https://leetcode.com/problems/maximum-size-subarray-sum-equals-k
326,power-of-three,Easy,Recursion; Math,2015-08-07,train,True,4,apple; goldman-sachs; google; hulu,goldman-sachs; google; hulu; apple,goldman-sachs; hulu,goldman-sachs; hulu,apple; goldman-sachs; google; hulu,apple; goldman-sachs; google; hulu,12,https://leetcode.com/problems/power-of-three
327,count-of-range-sum,Hard,Binary Indexed Tree; Segment Tree; Array; Binary Search; Divide and Conquer; Ordered Set; Merge Sort,2015-08-07,train,True,1,google,google,,,,google,1,https://leetcode.com/problems/count-of-range-sum
328,odd-even-linked-list,Medium,Linked List,2015-08-07,train,True,7,amazon; bloomberg; capital-one; ebay; facebook; google; microsoft,capital-one; microsoft; amazon; bloomberg; google; facebook; ebay,bloomberg; capital-one; facebook; microsoft,amazon; bloomberg; capital-one; facebook; google; microsoft,amazon; bloomberg; capital-one; ebay; facebook; google; microsoft,amazon; bloomberg; capital-one; ebay; facebook; google; microsoft,24,https://leetcode.com/problems/odd-even-linked-list
329,longest-increasing-path-in-a-matrix,Hard,Depth-First Search; Breadth-First Search; Graph; Topological Sort; Memoization; Array; Dynamic Programming; Matrix,2015-08-07,train,True,10,adobe; amazon; apple; bloomberg; bytedance; facebook; google; microsoft; snapchat; uber,google; amazon; facebook; apple; uber; adobe; microsoft; bloomberg; bytedance; snapchat,amazon; apple; bytedance; facebook; google; microsoft,adobe; amazon; apple; bloomberg; bytedance; facebook; google; microsoft; snapchat,adobe; amazon; apple; bloomberg; bytedance; facebook; google; microsoft; snapchat; uber,adobe; amazon; apple; bloomberg; bytedance; facebook; google; microsoft; snapchat; uber,35,https://leetcode.com/problems/longest-increasing-path-in-a-matrix
330,patching-array,Hard,Greedy; Array,2015-08-07,train,True,1,google,google,,,,google,1,https://leetcode.com/problems/patching-array
331,verify-preorder-serialization-of-a-binary-tree,Medium,Stack; Tree; String; Binary Tree,2015-08-07,train,True,1,google,google,,,,google,1,https://leetcode.com/problems/verify-preorder-serialization-of-a-binary-tree
332,reconstruct-itinerary,Hard,Depth-First Search; Graph; Eulerian Circuit,2015-08-07,train,True,15,amazon; apple; bloomberg; citadel; facebook; goldman-sachs; google; microsoft; qualtrics; snapchat; square; twilio; uber; yandex; yelp,uber; google; amazon; facebook; yelp; bloomberg; snapchat; microsoft; apple; twilio; goldman-sachs; qualtrics; yandex; citadel; square,amazon; apple; bloomberg; facebook; google; microsoft; square,amazon; apple; bloomberg; citadel; facebook; goldman-sachs; google; microsoft; qualtrics; square; twilio; uber; yandex,amazon; apple; bloomberg; citadel; facebook; goldman-sachs; google; microsoft; qualtrics; snapchat; square; twilio; uber; yandex; yelp,amazon; apple; bloomberg; citadel; facebook; goldman-sachs; google; microsoft; qualtrics; snapchat; square; twilio; uber; yandex; yelp,50,https://leetcode.com/problems/reconstruct-itinerary
333,largest-bst-subtree,Medium,Tree; Depth-First Search; Binary Search Tree; Dynamic Programming; Binary Tree,2015-08-07,train,True,6,amazon; apple; facebook; google; lyft; microsoft,amazon; facebook; google; microsoft; apple; lyft,amazon; facebook,amazon; facebook,amazon; apple; facebook; google; lyft; microsoft,amazon; apple; facebook; google; lyft; microsoft,16,https://leetcode.com/problems/largest-bst-subtree
334,increasing-triplet-subsequence,Medium,Greedy; Array,2015-08-07,train,True,6,amazon; bloomberg; facebook; google; uber; yahoo,google; facebook; amazon; uber; yahoo; bloomberg,facebook,amazon; facebook; google; uber; yahoo,amazon; bloomberg; facebook; google; uber; yahoo,amazon; bloomberg; facebook; google; uber; yahoo,18,https://leetcode.com/problems/increasing-triplet-subsequence
335,self-crossing,Hard,Geometry; Array; Math,2015-08-07,train,True,2,amazon; google,google; amazon,amazon; google,amazon; google,amazon; google,amazon; google,8,https://leetcode.com/problems/self-crossing
336,palindrome-pairs,Hard,Trie; Array; Hash Table; String,2015-08-07,train,True,8,airbnb; amazon; apple; bloomberg; facebook; google; square; uber,airbnb; facebook; google; amazon; uber; square; apple; bloomberg,amazon; square,airbnb; amazon; apple; facebook; google; square,airbnb; amazon; apple; bloomberg; facebook; google; square; uber,airbnb; amazon; apple; bloomberg; facebook; google; square; uber,24,https://leetcode.com/problems/palindrome-pairs
337,house-robber-iii,Medium,Tree; Depth-First Search; Dynamic Programming; Binary Tree,2015-08-07,train,True,4,amazon; facebook; google; uber,google; amazon; uber; facebook,amazon; google,amazon; google; uber,amazon; facebook; google; uber,amazon; facebook; google; uber,13,https://leetcode.com/problems/house-robber-iii
338,counting-bits,Easy,Bit Manipulation; Dynamic Programming,2015-08-07,train,True,7,amazon; apple; bloomberg; facebook; mathworks; microsoft; uber,amazon; facebook; mathworks; apple; bloomberg; uber; microsoft,bloomberg; facebook; mathworks,amazon; bloomberg; facebook; mathworks,amazon; apple; bloomberg; facebook; mathworks; microsoft; uber,amazon; apple; bloomberg; facebook; mathworks; microsoft; uber,21,https://leetcode.com/problems/counting-bits
340,longest-substring-with-at-most-k-distinct-characters,Medium,Hash Table; String; Sliding Window,2015-08-07,train,True,12,amazon; appdynamics; bloomberg; citadel; coupang; facebook; google; microsoft; oracle; snapchat; uber; wish,google; facebook; amazon; microsoft; uber; snapchat; bloomberg; citadel; oracle; wish; appdynamics; coupang,amazon; facebook; google; microsoft; snapchat,amazon; citadel; facebook; google; microsoft; snapchat; wish,amazon; bloomberg; citadel; facebook; google; microsoft; oracle; snapchat; uber; wish,amazon; appdynamics; bloomberg; citadel; coupang; facebook; google; microsoft; oracle; snapchat; uber; wish,34,https://leetcode.com/problems/longest-substring-with-at-most-k-distinct-characters
342,power-of-four,Easy,Bit Manipulation; Recursion; Math,2015-08-07,train,True,1,two-sigma,two-sigma,,,,two-sigma,1,https://leetcode.com/problems/power-of-four
343,integer-break,Medium,Math; Dynamic Programming,2015-08-07,train,True,3,adobe; apple; google,google; adobe; apple,adobe,adobe; apple; google,adobe; apple; google,adobe; apple; google,10,https://leetcode.com/problems/integer-break
344,reverse-string,Easy,Two Pointers; String,2015-08-07,train,True,16,adobe; amazon; apple; bloomberg; cisco; ebay; facebook; godaddy; goldman-sachs; google; microsoft; oracle; paypal; servicenow; snapchat; uber,microsoft; amazon; adobe; google; apple; facebook; cisco; bloomberg; goldman-sachs; ebay; oracle; uber; paypal; godaddy; snapchat; servicenow,adobe; amazon; apple; google; servicenow,adobe; amazon; apple; bloomberg; cisco; facebook; google; microsoft; oracle; servicenow; uber,adobe; amazon; apple; bloomberg; cisco; ebay; facebook; godaddy; goldman-sachs; google; microsoft; oracle; paypal; servicenow; snapchat; uber,adobe; amazon; apple; bloomberg; cisco; ebay; facebook; godaddy; goldman-sachs; google; microsoft; oracle; paypal; servicenow; snapchat; uber,48,https://leetcode.com/problems/reverse-string
345,reverse-vowels-of-a-string,Easy,Two Pointers; String,2015-08-07,train,True,4,amazon; apple; facebook; google,google; amazon; facebook; apple,facebook,amazon; apple; facebook,amazon; apple; facebook; google,amazon; apple; facebook; google,12,https://leetcode.com/problems/reverse-vowels-of-a-string
347,top-k-frequent-elements,Medium,Array; Hash Table; Divide and Conquer; Bucket Sort; Counting; Quickselect; Sorting; Heap (Priority Queue),2015-08-07,train,True,19,amazon; apple; bloomberg; bytedance; ebay; facebook; goldman-sachs; google; hulu; linkedin; microsoft; oracle; pocket-gems; snapchat; spotify; uber; vmware; yahoo; yelp,amazon; facebook; google; bloomberg; yelp; microsoft; yahoo; uber; pocket-gems; apple; bytedance; oracle; linkedin; ebay; snapchat; goldman-sachs; spotify; vmware; hulu,amazon; apple; bloomberg; bytedance; ebay; facebook; google; oracle; spotify,amazon; apple; bloomberg; bytedance; ebay; facebook; goldman-sachs; google; microsoft; oracle; snapchat; spotify; uber; vmware; yelp,amazon; apple; bloomberg; bytedance; ebay; facebook; goldman-sachs; google; hulu; linkedin; microsoft; oracle; snapchat; spotify; uber; vmware; yahoo; yelp,amazon; apple; bloomberg; bytedance; ebay; facebook; goldman-sachs; google; hulu; linkedin; microsoft; oracle; pocket-gems; snapchat; spotify; uber; vmware; yahoo; yelp,61,https://leetcode.com/problems/top-k-frequent-elements
349,intersection-of-two-arrays,Easy,Array; Hash Table; Two Pointers; Binary Search; Sorting,2015-08-07,train,True,15,amazon; apple; bloomberg; bytedance; facebook; google; indeed; jpmorgan; linkedin; lyft; microsoft; oracle; two-sigma; uber; yelp,facebook; amazon; google; lyft; bloomberg; linkedin; microsoft; apple; oracle; indeed; jpmorgan; yelp; bytedance; two-sigma; uber,amazon; bytedance; facebook; google; linkedin,amazon; bloomberg; bytedance; facebook; google; linkedin; lyft; microsoft; oracle,amazon; apple; bloomberg; bytedance; facebook; google; indeed; jpmorgan; linkedin; lyft; microsoft; oracle; uber; yelp,amazon; apple; bloomberg; bytedance; facebook; google; indeed; jpmorgan; linkedin; lyft; microsoft; oracle; two-sigma; uber; yelp,43,https://leetcode.com/problems/intersection-of-two-arrays
350,intersection-of-two-arrays-ii,Easy,Array; Hash Table; Two Pointers; Binary Search; Sorting,2015-08-07,train,True,13,amazon; apple; bloomberg; bytedance; databricks; facebook; google; linkedin; microsoft; oracle; salesforce; uber; yandex,facebook; amazon; google; apple; linkedin; bloomberg; microsoft; oracle; bytedance; uber; databricks; yandex; salesforce,amazon; apple; bytedance; facebook,amazon; apple; bytedance; facebook; linkedin; microsoft; yandex,amazon; apple; bloomberg; bytedance; databricks; facebook; google; linkedin; microsoft; oracle; salesforce; uber; yandex,amazon; apple; bloomberg; bytedance; databricks; facebook; google; linkedin; microsoft; oracle; salesforce; uber; yandex,37,https://leetcode.com/problems/intersection-of-two-arrays-ii
351,android-unlock-patterns,Medium,Bit Manipulation; Dynamic Programming; Backtracking; Bitmask,2015-08-07,train,True,5,amazon; apple; bytedance; google; microsoft,google; amazon; apple; microsoft; bytedance,apple; bytedance; google,amazon; apple; bytedance; google,amazon; apple; bytedance; google; microsoft,amazon; apple; bytedance; google; microsoft,17,https://leetcode.com/problems/android-unlock-patterns
354,russian-doll-envelopes,Hard,Array; Binary Search; Dynamic Programming; Sorting,2015-08-07,train,True,3,amazon; google; microsoft,google; amazon; microsoft,amazon; google,amazon; google,amazon; google; microsoft,amazon; google; microsoft,10,https://leetcode.com/problems/russian-doll-envelopes
356,line-reflection,Medium,Array; Hash Table; Math,2015-08-07,train,True,2,amazon; google,google; amazon,amazon,amazon,amazon; google,amazon; google,6,https://leetcode.com/problems/line-reflection
357,count-numbers-with-unique-digits,Medium,Math; Dynamic Programming; Backtracking,2015-08-07,train,True,1,google,google,,,,google,1,https://leetcode.com/problems/count-numbers-with-unique-digits
358,rearrange-string-k-distance-apart,Hard,Greedy; Hash Table; String; Counting; Sorting; Heap (Priority Queue),2015-08-07,train,True,5,amazon; ebay; facebook; google; microsoft,facebook; google; microsoft; amazon; ebay,facebook; microsoft,facebook; google; microsoft,amazon; ebay; facebook; google; microsoft,amazon; ebay; facebook; google; microsoft,15,https://leetcode.com/problems/rearrange-string-k-distance-apart
360,sort-transformed-array,Medium,Array; Math; Two Pointers; Sorting,2015-08-07,train,True,2,facebook; google,google; facebook,,google,facebook; google,facebook; google,5,https://leetcode.com/problems/sort-transformed-array
361,bomb-enemy,Medium,Array; Dynamic Programming; Matrix,2015-08-07,train,True,3,amazon; google; uber,google; uber; amazon,,google; uber,amazon; google; uber,amazon; google; uber,8,https://leetcode.com/problems/bomb-enemy
363,max-sum-of-rectangle-no-larger-than-k,Hard,Array; Binary Search; Matrix; Ordered Set; Prefix Sum,2015-08-07,train,True,2,facebook; google,google; facebook,google,google,facebook; google,facebook; google,6,https://leetcode.com/problems/max-sum-of-rectangle-no-larger-than-k
365,water-and-jug-problem,Medium,Depth-First Search; Breadth-First Search; Math,2015-08-07,train,True,5,amazon; google; lyft; microsoft; uber,lyft; google; uber; amazon; microsoft,lyft,lyft; uber,amazon; google; lyft; uber,amazon; google; lyft; microsoft; uber,12,https://leetcode.com/problems/water-and-jug-problem
366,find-leaves-of-binary-tree,Medium,Tree; Depth-First Search; Binary Tree,2015-08-07,train,True,6,amazon; atlassian; ebay; google; linkedin; pocket-gems,linkedin; pocket-gems; amazon; atlassian; google; ebay,amazon; atlassian; linkedin; pocket-gems,amazon; atlassian; ebay; google; linkedin; pocket-gems,amazon; atlassian; ebay; google; linkedin; pocket-gems,amazon; atlassian; ebay; google; linkedin; pocket-gems,22,https://leetcode.com/problems/find-leaves-of-binary-tree
367,valid-perfect-square,Easy,Math; Binary Search,2015-08-07,train,True,4,amazon; google; linkedin; microsoft,linkedin; microsoft; amazon; google,,linkedin,amazon; google; linkedin; microsoft,amazon; google; linkedin; microsoft,9,https://leetcode.com/problems/valid-perfect-square
368,largest-divisible-subset,Medium,Array; Math; Dynamic Programming; Sorting,2015-08-07,train,True,3,adobe; amazon; google,google; amazon; adobe,adobe; amazon,adobe; amazon,adobe; amazon,adobe; amazon; google,9,https://leetcode.com/problems/largest-divisible-subset
369,plus-one-linked-list,Medium,Linked List; Math,2015-08-07,train,True,2,amazon; google,google; amazon,,google,amazon; google,amazon; google,5,https://leetcode.com/problems/plus-one-linked-list
370,range-addition,Medium,Array; Prefix Sum,2015-08-07,train,True,1,google,google,,,google,google,2,https://leetcode.com/problems/range-addition
371,sum-of-two-integers,Medium,Bit Manipulation; Math,2015-08-07,train,True,5,amazon; apple; facebook; google; hulu,amazon; google; facebook; apple; hulu,apple,apple; google,amazon; apple; facebook; google,amazon; apple; facebook; google; hulu,12,https://leetcode.com/problems/sum-of-two-integers
373,find-k-pairs-with-smallest-sums,Medium,Array; Heap (Priority Queue),2015-08-07,train,True,7,amazon; apple; facebook; google; linkedin; microsoft; uber,amazon; linkedin; google; facebook; microsoft; apple; uber,amazon; facebook; linkedin,amazon; facebook; google; linkedin,amazon; apple; facebook; google; linkedin; microsoft,amazon; apple; facebook; google; linkedin; microsoft; uber,20,https://leetcode.com/problems/find-k-pairs-with-smallest-sums
375,guess-number-higher-or-lower-ii,Medium,Math; Dynamic Programming; Game Theory,2015-08-07,train,True,2,adobe; google,google; adobe,google,google,adobe; google,adobe; google,6,https://leetcode.com/problems/guess-number-higher-or-lower-ii
376,wiggle-subsequence,Medium,Greedy; Array; Dynamic Programming,2015-08-07,train,True,3,amazon; facebook; uber,amazon; uber; facebook,,,amazon; facebook; uber,amazon; facebook; uber,6,https://leetcode.com/problems/wiggle-subsequence
377,combination-sum-iv,Medium,Array; Dynamic Programming,2015-08-07,train,True,5,amazon; facebook; google; snapchat; visa,amazon; facebook; google; visa; snapchat,,google,amazon; google; visa,amazon; facebook; google; snapchat; visa,9,https://leetcode.com/problems/combination-sum-iv
378,kth-smallest-element-in-a-sorted-matrix,Medium,Array; Binary Search; Matrix; Sorting; Heap (Priority Queue),2015-08-07,train,True,10,adobe; amazon; apple; bloomberg; facebook; google; microsoft; twitter; uber; yahoo,amazon; facebook; google; microsoft; adobe; bloomberg; apple; uber; yahoo; twitter,amazon; facebook; google; microsoft,amazon; apple; facebook; google; microsoft,adobe; amazon; apple; bloomberg; facebook; google; microsoft; uber; yahoo,adobe; amazon; apple; bloomberg; facebook; google; microsoft; twitter; uber; yahoo,28,https://leetcode.com/problems/kth-smallest-element-in-a-sorted-matrix
383,ransom-note,Easy,Hash Table; String; Counting,2015-08-07,train,True,4,amazon; apple; microsoft; spotify,amazon; microsoft; apple; spotify,amazon; spotify,amazon; microsoft; spotify,amazon; apple; microsoft; spotify,amazon; apple; microsoft; spotify,13,https://leetcode.com/problems/ransom-note
386,lexicographical-numbers,Medium,Depth-First Search; Trie,2015-08-07,train,True,4,adobe; bloomberg; bytedance; google,adobe; google; bloomberg; bytedance,bytedance,bytedance,adobe; bytedance; google,adobe; bloomberg; bytedance; google,9,https://leetcode.com/problems/lexicographical-numbers
387,first-unique-character-in-a-string,Easy,Queue; Hash Table; String; Counting,2015-08-07,train,True,15,adobe; amazon; apple; bloomberg; facebook; goldman-sachs; google; huawei; jpmorgan; linkedin; microsoft; servicenow; yahoo; zillow; zulily,amazon; goldman-sachs; bloomberg; facebook; microsoft; apple; google; yahoo; zillow; adobe; linkedin; huawei; servicenow; zulily; jpmorgan,adobe; amazon; apple; bloomberg; facebook; goldman-sachs; google; microsoft; servicenow,adobe; amazon; apple; bloomberg; facebook; goldman-sachs; google; linkedin; microsoft; servicenow; zillow,adobe; amazon; apple; bloomberg; facebook; goldman-sachs; google; huawei; jpmorgan; linkedin; microsoft; servicenow; yahoo; zillow; zulily,adobe; amazon; apple; bloomberg; facebook; goldman-sachs; google; huawei; jpmorgan; linkedin; microsoft; servicenow; yahoo; zillow; zulily,50,https://leetcode.com/problems/first-unique-character-in-a-string
388,longest-absolute-file-path,Medium,Stack; Depth-First Search; String,2015-08-07,train,True,6,amazon; apple; facebook; google; uber; wish,google; amazon; uber; facebook; apple; wish,apple; facebook; google,amazon; apple; facebook; google; wish,amazon; apple; facebook; google; uber; wish,amazon; apple; facebook; google; uber; wish,20,https://leetcode.com/problems/longest-absolute-file-path
389,find-the-difference,Easy,Bit Manipulation; Hash Table; String; Sorting,2015-08-07,train,True,3,adobe; amazon; google,google; adobe; amazon,amazon,adobe; amazon; google,adobe; amazon; google,adobe; amazon; google,10,https://leetcode.com/problems/find-the-difference
390,elimination-game,Medium,Recursion; Math,2015-08-07,train,True,3,amazon; bloomberg; quora,bloomberg; amazon; quora,,amazon; bloomberg; quora,amazon; bloomberg; quora,amazon; bloomberg; quora,9,https://leetcode.com/problems/elimination-game
391,perfect-rectangle,Hard,Array; Line Sweep,2015-08-07,train,True,3,apple; google; uber,google; apple; uber,apple,apple,apple; uber,apple; google; uber,7,https://leetcode.com/problems/perfect-rectangle
392,is-subsequence,Easy,Two Pointers; String; Dynamic Programming,2015-08-07,train,True,6,amazon; bloomberg; coursera; facebook; google; pinterest,google; facebook; amazon; bloomberg; pinterest; coursera,facebook; google,amazon; bloomberg; facebook; google,amazon; bloomberg; coursera; facebook; google; pinterest,amazon; bloomberg; coursera; facebook; google; pinterest,18,https://leetcode.com/problems/is-subsequence
393,utf-8-validation,Medium,Bit Manipulation; Array,2015-08-07,train,True,5,amazon; apple; facebook; google; palantir-technologies,palantir-technologies; google; facebook; apple; amazon,google; palantir-technologies,apple; google; palantir-technologies,amazon; apple; facebook; google; palantir-technologies,amazon; apple; facebook; google; palantir-technologies,15,https://leetcode.com/problems/utf-8-validation
394,decode-string,Medium,Stack; Recursion; String,2015-08-07,train,True,23,alibaba; amazon; appdynamics; apple; atlassian; bloomberg; bytedance; cisco; coupang; cruise-automation; ebay; facebook; google; huawei; hulu; microsoft; oracle; salesforce; snapchat; tencent; vmware; yahoo; yelp,google; bloomberg; amazon; facebook; microsoft; apple; oracle; cisco; snapchat; yahoo; appdynamics; ebay; salesforce; huawei; atlassian; cruise-automation; bytedance; tencent; hulu; alibaba; vmware; yelp; coupang,amazon; apple; bloomberg; cisco; ebay; google; hulu; microsoft; oracle,amazon; apple; atlassian; bloomberg; cisco; ebay; facebook; google; hulu; microsoft; oracle; snapchat; tencent,alibaba; amazon; appdynamics; apple; atlassian; bloomberg; bytedance; cisco; cruise-automation; ebay; facebook; google; huawei; hulu; microsoft; oracle; salesforce; snapchat; tencent; vmware; yahoo,alibaba; amazon; appdynamics; apple; atlassian; bloomberg; bytedance; cisco; coupang; cruise-automation; ebay; facebook; google; huawei; hulu; microsoft; oracle; salesforce; snapchat; tencent; vmware; yahoo; yelp,66,https://leetcode.com/problems/decode-string
395,longest-substring-with-at-least-k-repeating-characters,Medium,Hash Table; String; Divide and Conquer; Sliding Window,2015-08-07,train,True,8,adobe; amazon; baidu; bloomberg; bytedance; facebook; google; uber,google; facebook; amazon; adobe; uber; bytedance; bloomberg; baidu,amazon; bloomberg; bytedance; uber,adobe; amazon; bloomberg; bytedance; facebook; google; uber,adobe; amazon; bloomberg; bytedance; facebook; google; uber,adobe; amazon; baidu; bloomberg; bytedance; facebook; google; uber,26,https://leetcode.com/problems/longest-substring-with-at-least-k-repeating-characters
396,rotate-function,Medium,Array; Math; Dynamic Programming,2015-08-07,train,True,1,amazon,amazon,,,,amazon,1,https://leetcode.com/problems/rotate-function
397,integer-replacement,Medium,Greedy; Bit Manipulation; Memoization; Dynamic Programming,2015-08-07,train,True,5,amazon; baidu; bloomberg; google; microsoft,microsoft; amazon; google; bloomberg; baidu,,amazon; bloomberg,amazon; bloomberg; microsoft,amazon; baidu; bloomberg; google; microsoft,10,https://leetcode.com/problems/integer-replacement
399,evaluate-division,Medium,Depth-First Search; Breadth-First Search; Union Find; Graph; Array; String; Shortest Path,2015-08-07,train,True,7,adobe; amazon; bloomberg; facebook; google; microsoft; uber,google; amazon; facebook; bloomberg; uber; microsoft; adobe,amazon; bloomberg; facebook; google; microsoft,amazon; bloomberg; facebook; google; microsoft; uber,adobe; amazon; bloomberg; facebook; google; microsoft; uber,adobe; amazon; bloomberg; facebook; google; microsoft; uber,25,https://leetcode.com/problems/evaluate-division
400,nth-digit,Medium,Math; Binary Search,2015-08-07,train,True,2,facebook; google,google; facebook,facebook,facebook,facebook; google,facebook; google,6,https://leetcode.com/problems/nth-digit
401,binary-watch,Easy,Bit Manipulation; Backtracking,2015-08-07,train,True,2,apple; google,google; apple,,,apple,apple; google,3,https://leetcode.com/problems/binary-watch
402,remove-k-digits,Medium,Stack; Greedy; String; Monotonic Stack,2015-08-07,train,True,12,adobe; amazon; bloomberg; bytedance; didi; facebook; google; microsoft; nutanix; oracle; snapchat; vmware,microsoft; amazon; google; nutanix; bloomberg; facebook; adobe; bytedance; oracle; vmware; didi; snapchat,amazon; bloomberg; bytedance; oracle,amazon; bloomberg; bytedance; didi; microsoft; oracle,adobe; amazon; bloomberg; bytedance; didi; facebook; microsoft; nutanix; oracle; vmware,adobe; amazon; bloomberg; bytedance; didi; facebook; google; microsoft; nutanix; oracle; snapchat; vmware,32,https://leetcode.com/problems/remove-k-digits
403,frog-jump,Hard,Array; Dynamic Programming,2015-08-07,train,True,9,amazon; apple; bytedance; facebook; google; microsoft; nutanix; oracle; snapchat,google; apple; amazon; facebook; microsoft; oracle; snapchat; bytedance; nutanix,amazon; apple; bytedance; facebook; google; nutanix,amazon; apple; bytedance; facebook; google; microsoft; nutanix; oracle,amazon; apple; bytedance; facebook; google; microsoft; nutanix; oracle,amazon; apple; bytedance; facebook; google; microsoft; nutanix; oracle; snapchat,31,https://leetcode.com/problems/frog-jump
404,sum-of-left-leaves,Easy,Tree; Depth-First Search; Breadth-First Search; Binary Tree,2015-08-07,train,True,7,adobe; amazon; bloomberg; expedia; facebook; google; mathworks,amazon; google; bloomberg; adobe; expedia; facebook; mathworks,amazon; bloomberg,amazon; bloomberg,adobe; amazon; bloomberg; expedia; google; mathworks,adobe; amazon; bloomberg; expedia; facebook; google; mathworks,17,https://leetcode.com/problems/sum-of-left-leaves
405,convert-a-number-to-hexadecimal,Easy,Bit Manipulation; Math,2015-08-07,train,True,2,facebook; microsoft,facebook; microsoft,facebook,facebook,facebook; microsoft,facebook; microsoft,6,https://leetcode.com/problems/convert-a-number-to-hexadecimal
406,queue-reconstruction-by-height,Medium,Binary Indexed Tree; Segment Tree; Array; Sorting,2015-08-07,train,True,7,amazon; apple; bloomberg; bytedance; facebook; google; microsoft,google; amazon; microsoft; bytedance; facebook; apple; bloomberg,amazon; bytedance; facebook; google,amazon; apple; bytedance; facebook; google; microsoft,amazon; apple; bloomberg; bytedance; facebook; google; microsoft,amazon; apple; bloomberg; bytedance; facebook; google; microsoft,24,https://leetcode.com/problems/queue-reconstruction-by-height
407,trapping-rain-water-ii,Hard,Breadth-First Search; Array; Matrix; Heap (Priority Queue),2015-08-07,train,True,7,amazon; apple; bytedance; facebook; google; microsoft; twitter,google; amazon; microsoft; bytedance; facebook; apple; twitter,amazon; bytedance,amazon; bytedance,amazon; apple; bytedance; facebook; google; microsoft,amazon; apple; bytedance; facebook; google; microsoft; twitter,17,https://leetcode.com/problems/trapping-rain-water-ii
408,valid-word-abbreviation,Easy,Two Pointers; String,2015-08-07,train,True,2,facebook; google,facebook; google,facebook,facebook,facebook,facebook; google,5,https://leetcode.com/problems/valid-word-abbreviation
409,longest-palindrome,Easy,Greedy; Hash Table; String,2015-08-07,train,True,3,amazon; google; intuit,amazon; google; intuit,google,amazon; google; intuit,amazon; google; intuit,amazon; google; intuit,10,https://leetcode.com/problems/longest-palindrome
410,split-array-largest-sum,Hard,Greedy; Array; Binary Search; Dynamic Programming; Prefix Sum,2015-08-07,train,True,4,amazon; baidu; facebook; google,google; amazon; facebook; baidu,amazon; google,amazon; facebook; google,amazon; facebook; google,amazon; baidu; facebook; google,12,https://leetcode.com/problems/split-array-largest-sum
411,minimum-unique-word-abbreviation,Hard,Bit Manipulation; Array; String; Backtracking,2015-08-07,train,True,1,google,google,,,,google,1,https://leetcode.com/problems/minimum-unique-word-abbreviation
412,fizz-buzz,Easy,Math; String; Simulation,2015-08-07,train,True,13,adobe; amazon; apple; bloomberg; capital-one; cisco; google; linkedin; microsoft; oracle; salesforce; spotify; wayfair,amazon; google; microsoft; apple; linkedin; capital-one; bloomberg; adobe; oracle; wayfair; cisco; salesforce; spotify,amazon; bloomberg,amazon; bloomberg; capital-one; google; microsoft; oracle; salesforce; wayfair,adobe; amazon; apple; bloomberg; capital-one; cisco; google; linkedin; microsoft; oracle; salesforce; spotify; wayfair,adobe; amazon; apple; bloomberg; capital-one; cisco; google; linkedin; microsoft; oracle; salesforce; spotify; wayfair,36,https://leetcode.com/problems/fizz-buzz
413,arithmetic-slices,Medium,Array; Dynamic Programming; Sliding Window,2015-08-07,train,True,6,aetion; amazon; baidu; bloomberg; facebook; microsoft,amazon; microsoft; facebook; bloomberg; aetion; baidu,amazon,amazon; bloomberg,amazon; bloomberg; facebook; microsoft,aetion; amazon; baidu; bloomberg; facebook; microsoft,13,https://leetcode.com/problems/arithmetic-slices
414,third-maximum-number,Easy,Array; Sorting,2015-08-07,train,True,5,amazon; bloomberg; facebook; google; microsoft,amazon; facebook; bloomberg; google; microsoft,amazon; facebook,amazon; facebook,amazon; bloomberg; facebook; google; microsoft,amazon; bloomberg; facebook; google; microsoft,14,https://leetcode.com/problems/third-maximum-number
415,add-strings,Easy,Math; String; Simulation,2015-08-07,train,True,13,adobe; airbnb; amazon; apple; bloomberg; bytedance; facebook; google; microsoft; nvidia; oracle; snapchat; square,facebook; google; microsoft; amazon; oracle; apple; snapchat; adobe; bloomberg; square; bytedance; nvidia; airbnb,amazon; apple; bloomberg; bytedance; facebook; microsoft; oracle; square,amazon; apple; bloomberg; bytedance; facebook; microsoft; oracle; snapchat; square,adobe; amazon; apple; bloomberg; bytedance; facebook; google; microsoft; nvidia; oracle; snapchat; square,adobe; airbnb; amazon; apple; bloomberg; bytedance; facebook; google; microsoft; nvidia; oracle; snapchat; square,42,https://leetcode.com/problems/add-strings
416,partition-equal-subset-sum,Medium,Array; Dynamic Programming,2015-08-07,train,True,10,amazon; apple; ebay; facebook; google; microsoft; paypal; uber; vmware; yahoo,facebook; google; amazon; microsoft; apple; uber; yahoo; paypal; ebay; vmware,amazon; facebook,amazon; facebook; google; vmware; yahoo,amazon; apple; facebook; google; microsoft; paypal; uber; vmware; yahoo,amazon; apple; ebay; facebook; google; microsoft; paypal; uber; vmware; yahoo,26,https://leetcode.com/problems/partition-equal-subset-sum
417,pacific-atlantic-water-flow,Medium,Depth-First Search; Breadth-First Search; Array; Matrix,2015-08-07,train,True,7,amazon; apple; bloomberg; facebook; google; microsoft; oracle,google; amazon; microsoft; facebook; bloomberg; apple; oracle,amazon; apple; google; microsoft,amazon; apple; bloomberg; facebook; google; microsoft,amazon; apple; bloomberg; facebook; google; microsoft; oracle,amazon; apple; bloomberg; facebook; google; microsoft; oracle,24,https://leetcode.com/problems/pacific-atlantic-water-flow
418,sentence-screen-fitting,Medium,Array; String; Dynamic Programming,2015-08-07,train,True,2,google; robinhood,google; robinhood,google,google; robinhood,google; robinhood,google; robinhood,7,https://leetcode.com/problems/sentence-screen-fitting
419,battleships-in-a-board,Medium,Depth-First Search; Array; Matrix,2015-08-07,train,True,5,amazon; apple; facebook; google; microsoft,microsoft; facebook; google; amazon; apple,amazon; facebook; microsoft,amazon; facebook; google; microsoft,amazon; apple; facebook; google; microsoft,amazon; apple; facebook; google; microsoft,17,https://leetcode.com/problems/battleships-in-a-board
420,strong-password-checker,Hard,Greedy; String; Heap (Priority Queue),2015-08-07,train,True,4,adobe; amazon; google; uber,adobe; google; amazon; uber,google,adobe; amazon; google,adobe; amazon; google; uber,adobe; amazon; google; uber,12,https://leetcode.com/problems/strong-password-checker
421,maximum-xor-of-two-numbers-in-an-array,Medium,Bit Manipulation; Trie; Array; Hash Table,2015-08-07,train,True,2,amazon; google,amazon; google,,amazon,amazon; google,amazon; google,5,https://leetcode.com/problems/maximum-xor-of-two-numbers-in-an-array
422,valid-word-square,Easy,Array; Matrix,2015-08-07,train,True,2,bloomberg; google,google; bloomberg,,bloomberg,bloomberg,bloomberg; google,4,https://leetcode.com/problems/valid-word-square
423,reconstruct-original-digits-from-english,Medium,Hash Table; Math; String,2015-08-07,train,False,0,,,,,,,0,https://leetcode.com/problems/reconstruct-original-digits-from-english
424,longest-repeating-character-replacement,Medium,Hash Table; String; Sliding Window,2015-08-07,train,True,3,bloomberg; google; pocket-gems,google; bloomberg; pocket-gems,bloomberg; google,bloomberg; google,bloomberg; google,bloomberg; google; pocket-gems,9,https://leetcode.com/problems/longest-repeating-character-replacement
425,word-squares,Hard,Trie; Array; String; Backtracking,2015-08-07,train,True,2,google; oracle,google; oracle,,oracle,google; oracle,google; oracle,5,https://leetcode.com/problems/word-squares
433,minimum-genetic-mutation,Medium,Breadth-First Search; Hash Table; String,2015-08-07,train,True,3,amazon; google; twitter,twitter; amazon; google,,,amazon; google,amazon; google; twitter,5,https://leetcode.com/problems/minimum-genetic-mutation
434,number-of-segments-in-a-string,Easy,String,2015-08-07,train,False,0,,,,,,,0,https://leetcode.com/problems/number-of-segments-in-a-string
435,non-overlapping-intervals,Medium,Greedy; Array; Dynamic Programming; Sorting,2015-08-07,train,True,6,amazon; apple; bloomberg; facebook; google; microsoft,google; facebook; amazon; bloomberg; apple; microsoft,amazon; facebook,amazon; apple; facebook,amazon; apple; bloomberg; facebook; google; microsoft,amazon; apple; bloomberg; facebook; google; microsoft,17,https://leetcode.com/problems/non-overlapping-intervals
436,find-right-interval,Medium,Array; Binary Search; Sorting,2015-08-07,train,False,0,,,,,,,0,https://leetcode.com/problems/find-right-interval
437,path-sum-iii,Medium,Tree; Depth-First Search; Binary Tree,2015-08-07,train,True,8,amazon; bloomberg; facebook; microsoft; oracle; quora; uber; zillow,amazon; quora; facebook; microsoft; uber; zillow; bloomberg; oracle,amazon; facebook; microsoft; oracle,amazon; bloomberg; facebook; microsoft; oracle; quora; zillow,amazon; bloomberg; facebook; microsoft; oracle; quora; uber; zillow,amazon; bloomberg; facebook; microsoft; oracle; quora; uber; zillow,27,https://leetcode.com/problems/path-sum-iii
438,find-all-anagrams-in-a-string,Medium,Hash Table; String; Sliding Window,2015-08-07,train,True,9,amazon; bloomberg; facebook; goldman-sachs; google; microsoft; oracle; robinhood; uber,facebook; amazon; google; microsoft; oracle; uber; bloomberg; goldman-sachs; robinhood,amazon; facebook; google; microsoft; oracle; uber,amazon; facebook; google; microsoft; oracle; robinhood; uber,amazon; bloomberg; facebook; goldman-sachs; google; microsoft; oracle; robinhood; uber,amazon; bloomberg; facebook; goldman-sachs; google; microsoft; oracle; robinhood; uber,31,https://leetcode.com/problems/find-all-anagrams-in-a-string
439,ternary-expression-parser,Medium,Stack; Recursion; String,2015-08-07,train,True,1,snapchat,snapchat,,,,snapchat,1,https://leetcode.com/problems/ternary-expression-parser
440,k-th-smallest-in-lexicographical-order,Hard,Trie,2015-08-07,train,True,3,bytedance; google; hulu,bytedance; google; hulu,,,bytedance; google,bytedance; google; hulu,5,https://leetcode.com/problems/k-th-smallest-in-lexicographical-order
441,arranging-coins,Easy,Math; Binary Search,2015-08-07,train,True,1,godaddy,godaddy,,,godaddy,godaddy,2,https://leetcode.com/problems/arranging-coins
442,find-all-duplicates-in-an-array,Medium,Array; Hash Table,2015-08-07,train,True,8,amazon; apple; bloomberg; facebook; google; lyft; microsoft; pocket-gems,amazon; microsoft; google; facebook; bloomberg; apple; lyft; pocket-gems,amazon; apple; facebook; google; microsoft,amazon; apple; facebook; google; microsoft,amazon; apple; bloomberg; facebook; google; lyft; microsoft,amazon; apple; bloomberg; facebook; google; lyft; microsoft; pocket-gems,25,https://leetcode.com/problems/find-all-duplicates-in-an-array
443,string-compression,Medium,Two Pointers; String,2015-08-07,train,True,19,akuna-capital; amazon; apple; bloomberg; ebay; expedia; facebook; godaddy; goldman-sachs; google; lyft; microsoft; redfin; snapchat; spotify; wayfair; yandex; yelp; zillow,microsoft; goldman-sachs; amazon; bloomberg; google; facebook; expedia; apple; yandex; ebay; wayfair; zillow; akuna-capital; spotify; redfin; godaddy; lyft; snapchat; yelp,amazon; apple; ebay; facebook; goldman-sachs; microsoft; spotify,amazon; apple; bloomberg; ebay; expedia; facebook; goldman-sachs; google; microsoft; spotify; yandex; zillow,akuna-capital; amazon; apple; bloomberg; ebay; expedia; facebook; goldman-sachs; google; microsoft; redfin; spotify; wayfair; yandex; zillow,akuna-capital; amazon; apple; bloomberg; ebay; expedia; facebook; godaddy; goldman-sachs; google; lyft; microsoft; redfin; snapchat; spotify; wayfair; yandex; yelp; zillow,53,https://leetcode.com/problems/string-compression
444,sequence-reconstruction,Medium,Graph; Topological Sort; Array,2015-08-07,train,True,1,google,google,google,google,google,google,4,https://leetcode.com/problems/sequence-reconstruction
445,add-two-numbers-ii,Medium,Stack; Linked List; Math,2015-08-07,train,True,13,amazon; apple; bloomberg; bytedance; cisco; ebay; facebook; goldman-sachs; google; microsoft; oracle; uber; yahoo,microsoft; bloomberg; amazon; facebook; google; uber; bytedance; apple; cisco; goldman-sachs; oracle; yahoo; ebay,amazon; apple; bloomberg; ebay; microsoft; uber,amazon; apple; bloomberg; bytedance; ebay; facebook; microsoft; oracle; uber; yahoo,amazon; apple; bloomberg; bytedance; cisco; ebay; facebook; goldman-sachs; google; microsoft; oracle; uber; yahoo,amazon; apple; bloomberg; bytedance; cisco; ebay; facebook; goldman-sachs; google; microsoft; oracle; uber; yahoo,42,https://leetcode.com/problems/add-two-numbers-ii
446,arithmetic-slices-ii-subsequence,Hard,Array; Dynamic Programming,2015-08-07,train,True,4,adobe; alibaba; baidu; facebook,adobe; facebook; alibaba; baidu,,,adobe; alibaba; facebook,adobe; alibaba; baidu; facebook,7,https://leetcode.com/problems/arithmetic-slices-ii-subsequence
447,number-of-boomerangs,Medium,Array; Hash Table; Math,2015-08-07,train,True,2,amazon; google,google; amazon,,,amazon; google,amazon; google,4,https://leetcode.com/problems/number-of-boomerangs
448,find-all-numbers-disappeared-in-an-array,Easy,Array; Hash Table,2015-08-07,train,True,6,adobe; apple; bloomberg; google; microsoft; yahoo,microsoft; google; adobe; apple; bloomberg; yahoo,apple; bloomberg,apple; bloomberg; microsoft; yahoo,adobe; apple; bloomberg; google; microsoft; yahoo,adobe; apple; bloomberg; google; microsoft; yahoo,18,https://leetcode.com/problems/find-all-numbers-disappeared-in-an-array
450,delete-node-in-a-bst,Medium,Tree; Binary Search Tree; Binary Tree,2015-08-07,train,True,11,amazon; apple; bloomberg; cisco; facebook; google; linkedin; microsoft; oracle; uber; yahoo,microsoft; oracle; google; amazon; facebook; linkedin; uber; apple; yahoo; bloomberg; cisco,amazon; cisco; microsoft; oracle,amazon; bloomberg; cisco; facebook; microsoft; oracle,amazon; apple; bloomberg; cisco; facebook; google; linkedin; microsoft; oracle; yahoo,amazon; apple; bloomberg; cisco; facebook; google; linkedin; microsoft; oracle; uber; yahoo,31,https://leetcode.com/problems/delete-node-in-a-bst
451,sort-characters-by-frequency,Medium,Hash Table; String; Bucket Sort; Counting; Sorting; Heap (Priority Queue),2015-08-07,train,True,7,amazon; bloomberg; expedia; facebook; google; linkedin; uber,bloomberg; amazon; google; uber; expedia; linkedin; facebook,amazon; bloomberg,amazon; bloomberg; google; uber,amazon; bloomberg; expedia; facebook; google; linkedin; uber,amazon; bloomberg; expedia; facebook; google; linkedin; uber,20,https://leetcode.com/problems/sort-characters-by-frequency
452,minimum-number-of-arrows-to-burst-balloons,Medium,Greedy; Array; Sorting,2015-08-07,train,True,5,amazon; facebook; google; microsoft; quora,facebook; google; amazon; quora; microsoft,facebook,amazon; facebook; quora,amazon; facebook; google; quora,amazon; facebook; google; microsoft; quora,13,https://leetcode.com/problems/minimum-number-of-arrows-to-burst-balloons
453,minimum-moves-to-equal-array-elements,Medium,Array; Math,2015-08-07,train,True,5,amazon; apple; coursera; drawbridge; indeed,coursera; amazon; drawbridge; apple; indeed,amazon; apple,amazon; apple,amazon; apple; coursera; drawbridge,amazon; apple; coursera; drawbridge; indeed,13,https://leetcode.com/problems/minimum-moves-to-equal-array-elements
454,4sum-ii,Medium,Array; Hash Table,2015-08-07,train,True,1,apple,apple,,apple,apple,apple,3,https://leetcode.com/problems/4sum-ii
455,assign-cookies,Easy,Greedy; Array; Two Pointers; Sorting,2015-08-07,train,False,0,,,,,,,0,https://leetcode.com/problems/assign-cookies
456,132-pattern,Medium,Stack; Array; Binary Search; Ordered Set; Monotonic Stack,2015-08-07,train,True,3,amazon; google; oracle,amazon; google; oracle,google; oracle,amazon; google; oracle,amazon; google; oracle,amazon; google; oracle,11,https://leetcode.com/problems/132-pattern
457,circular-array-loop,Medium,Array; Hash Table; Two Pointers,2015-08-07,train,True,3,google; microsoft; nutanix,google; microsoft; nutanix,microsoft,microsoft,google; microsoft; nutanix,google; microsoft; nutanix,8,https://leetcode.com/problems/circular-array-loop
458,poor-pigs,Hard,Math; Dynamic Programming; Combinatorics,2015-08-07,train,False,0,,,,,,,0,https://leetcode.com/problems/poor-pigs
459,repeated-substring-pattern,Easy,String; String Matching,2015-08-07,train,True,3,amazon; google; microsoft,google; amazon; microsoft,google,amazon; google,amazon; google; microsoft,amazon; google; microsoft,9,https://leetcode.com/problems/repeated-substring-pattern
461,hamming-distance,Easy,Bit Manipulation,2015-08-07,train,True,2,amazon; facebook,facebook; amazon,,amazon,amazon,amazon; facebook,4,https://leetcode.com/problems/hamming-distance
462,minimum-moves-to-equal-array-elements-ii,Medium,Array; Math; Sorting,2015-08-07,train,False,0,,,,,,,0,https://leetcode.com/problems/minimum-moves-to-equal-array-elements-ii
463,island-perimeter,Easy,Depth-First Search; Breadth-First Search; Array; Matrix,2015-08-07,train,True,6,amazon; apple; bloomberg; facebook; google; microsoft,facebook; google; bloomberg; amazon; apple; microsoft,amazon; bloomberg; facebook; google,amazon; bloomberg; facebook; google; microsoft,amazon; apple; bloomberg; facebook; google; microsoft,amazon; apple; bloomberg; facebook; google; microsoft,21,https://leetcode.com/problems/island-perimeter
464,can-i-win,Medium,Bit Manipulation; Memoization; Math; Dynamic Programming; Bitmask; Game Theory,2015-08-07,train,True,2,google; linkedin,linkedin; google,,linkedin,google; linkedin,google; linkedin,5,https://leetcode.com/problems/can-i-win
465,optimal-account-balancing,Hard,Bit Manipulation; Array; Dynamic Programming; Backtracking; Bitmask,2015-08-07,train,True,4,amazon; bytedance; google; uber,google; uber; amazon; bytedance,amazon; bytedance,amazon; bytedance; google; uber,amazon; bytedance; google; uber,amazon; bytedance; google; uber,14,https://leetcode.com/problems/optimal-account-balancing
466,count-the-repetitions,Hard,String; Dynamic Programming,2015-08-07,train,True,1,amazon,amazon,amazon,amazon,amazon,amazon,4,https://leetcode.com/problems/count-the-repetitions
467,unique-substrings-in-wraparound-string,Medium,String; Dynamic Programming,2015-08-07,train,True,2,google; maq-software,google; maq-software,,google,google,google; maq-software,4,https://leetcode.com/problems/unique-substrings-in-wraparound-string
468,validate-ip-address,Medium,String,2015-08-07,train,True,7,amazon; cisco; facebook; google; microsoft; twitter; uber,facebook; microsoft; twitter; amazon; cisco; uber; google,microsoft,amazon; facebook; microsoft,amazon; cisco; facebook; google; microsoft; uber,amazon; cisco; facebook; google; microsoft; twitter; uber,17,https://leetcode.com/problems/validate-ip-address
469,convex-polygon,Medium,Geometry; Array; Math,2015-08-07,train,True,1,google,google,,,,google,1,https://leetcode.com/problems/convex-polygon
471,encode-string-with-shortest-length,Hard,String; Dynamic Programming,2015-08-07,train,True,1,google,google,,google,google,google,3,https://leetcode.com/problems/encode-string-with-shortest-length
472,concatenated-words,Hard,Depth-First Search; Trie; Array; String; Dynamic Programming,2015-08-07,train,True,6,amazon; apple; audible; facebook; google; microsoft,amazon; apple; facebook; google; microsoft; audible,amazon; apple; audible; facebook,amazon; apple; audible; facebook; microsoft,amazon; apple; audible; facebook; google; microsoft,amazon; apple; audible; facebook; google; microsoft,21,https://leetcode.com/problems/concatenated-words
473,matchsticks-to-square,Medium,Bit Manipulation; Array; Dynamic Programming; Backtracking; Bitmask,2015-08-07,train,True,2,amazon; rackspace,amazon; rackspace,amazon,amazon,amazon,amazon; rackspace,5,https://leetcode.com/problems/matchsticks-to-square
474,ones-and-zeroes,Medium,Array; String; Dynamic Programming,2015-08-07,train,True,1,google,google,,,,google,1,https://leetcode.com/problems/ones-and-zeroes
475,heaters,Medium,Array; Two Pointers; Binary Search; Sorting,2015-08-07,train,True,2,amazon; google,google; amazon,,google,amazon; google,amazon; google,5,https://leetcode.com/problems/heaters
476,number-complement,Easy,Bit Manipulation,2015-08-07,train,True,1,cloudera,cloudera,,,,cloudera,1,https://leetcode.com/problems/number-complement
477,total-hamming-distance,Medium,Bit Manipulation; Array; Math,2015-08-07,train,True,2,facebook; google,facebook; google,,,facebook; google,facebook; google,4,https://leetcode.com/problems/total-hamming-distance
479,largest-palindrome-product,Hard,Math; Enumeration,2015-08-07,train,True,2,apple; yahoo,apple; yahoo,,,apple,apple; yahoo,3,https://leetcode.com/problems/largest-palindrome-product
480,sliding-window-median,Hard,Array; Hash Table; Sliding Window; Heap (Priority Queue),2015-08-07,train,True,7,amazon; apple; facebook; google; microsoft; snapchat; spotify,amazon; facebook; google; apple; microsoft; snapchat; spotify,amazon; apple; facebook; google,amazon; apple; facebook; google,amazon; apple; facebook; google; microsoft; snapchat; spotify,amazon; apple; facebook; google; microsoft; snapchat; spotify,22,https://leetcode.com/problems/sliding-window-median
481,magical-string,Medium,Two Pointers; String,2015-08-07,train,True,1,google,google,,,,google,1,https://leetcode.com/problems/magical-string
482,license-key-formatting,Easy,String,2015-08-07,train,True,2,google; twitter,google; twitter,,google,google; twitter,google; twitter,5,https://leetcode.com/problems/license-key-formatting
483,smallest-good-base,Hard,Math; Binary Search,2015-08-07,train,True,1,google,google,,,,google,1,https://leetcode.com/problems/smallest-good-base
484,find-permutation,Medium,Stack; Greedy; Array; String,2015-08-07,train,True,1,google,google,,,google,google,2,https://leetcode.com/problems/find-permutation
485,max-consecutive-ones,Easy,Array,2015-08-07,train,True,3,amazon; google; microsoft,amazon; google; microsoft,google,amazon; google,amazon; google; microsoft,amazon; google; microsoft,9,https://leetcode.com/problems/max-consecutive-ones
486,predict-the-winner,Medium,Recursion; Array; Math; Dynamic Programming; Game Theory,2015-08-07,train,True,4,amazon; apple; google; uber,google; apple; amazon; uber,,amazon; google,amazon; apple; google; uber,amazon; apple; google; uber,10,https://leetcode.com/problems/predict-the-winner
487,max-consecutive-ones-ii,Medium,Array; Dynamic Programming; Sliding Window,2015-08-07,train,True,2,google; yandex,google; yandex,yandex,yandex,yandex,google; yandex,5,https://leetcode.com/problems/max-consecutive-ones-ii
488,zuma-game,Hard,Stack; Breadth-First Search; Memoization; String; Dynamic Programming,2015-08-07,train,True,2,baidu; bloomberg,bloomberg; baidu,,,bloomberg,baidu; bloomberg,3,https://leetcode.com/problems/zuma-game
490,the-maze,Medium,Depth-First Search; Breadth-First Search; Array; Matrix,2015-08-07,train,True,7,amazon; apple; facebook; google; microsoft; twitter; uber,amazon; google; facebook; microsoft; uber; apple; twitter,amazon; apple; facebook,amazon; apple; facebook; google; microsoft,amazon; apple; facebook; google; microsoft; twitter; uber,amazon; apple; facebook; google; microsoft; twitter; uber,22,https://leetcode.com/problems/the-maze
491,non-decreasing-subsequences,Medium,Bit Manipulation; Array; Hash Table; Backtracking,2015-08-07,train,True,2,facebook; yahoo,facebook; yahoo,facebook,facebook,facebook,facebook; yahoo,5,https://leetcode.com/problems/non-decreasing-subsequences
492,construct-the-rectangle,Easy,Math,2015-08-07,train,False,0,,,,,,,0,https://leetcode.com/problems/construct-the-rectangle
493,reverse-pairs,Hard,Binary Indexed Tree; Segment Tree; Array; Binary Search; Divide and Conquer; Ordered Set; Merge Sort,2015-08-07,train,True,5,amazon; bytedance; google; microsoft; uber,google; microsoft; bytedance; uber; amazon,bytedance,bytedance; google; uber,amazon; bytedance; google; microsoft; uber,amazon; bytedance; google; microsoft; uber,14,https://leetcode.com/problems/reverse-pairs
494,target-sum,Medium,Array; Dynamic Programming; Backtracking,2015-08-07,train,True,3,facebook; google; microsoft,facebook; google; microsoft,facebook,facebook,facebook; google; microsoft,facebook; google; microsoft,8,https://leetcode.com/problems/target-sum
495,teemo-attacking,Easy,Array; Simulation,2015-08-07,train,True,1,riot-games,riot-games,,,,riot-games,1,https://leetcode.com/problems/teemo-attacking
496,next-greater-element-i,Easy,Stack; Array; Hash Table; Monotonic Stack,2015-08-07,train,True,7,amazon; bloomberg; facebook; google; microsoft; oracle; twitter,amazon; bloomberg; google; facebook; microsoft; oracle; twitter,amazon; facebook,amazon; facebook; google; oracle; twitter,amazon; bloomberg; facebook; google; microsoft; oracle; twitter,amazon; bloomberg; facebook; google; microsoft; oracle; twitter,21,https://leetcode.com/problems/next-greater-element-i
498,diagonal-traverse,Medium,Array; Matrix; Simulation,2015-08-07,train,True,8,amazon; apple; ebay; facebook; google; microsoft; quora; splunk,facebook; google; amazon; microsoft; quora; apple; ebay; splunk,ebay; facebook,amazon; ebay; facebook; google; quora; splunk,amazon; apple; ebay; facebook; google; microsoft; quora; splunk,amazon; apple; ebay; facebook; google; microsoft; quora; splunk,24,https://leetcode.com/problems/diagonal-traverse
499,the-maze-iii,Hard,Depth-First Search; Breadth-First Search; Graph; Array; String; Matrix; Shortest Path; Heap (Priority Queue),2015-08-07,train,True,1,google,google,,,google,google,2,https://leetcode.com/problems/the-maze-iii
500,keyboard-row,Easy,Array; Hash Table; String,2015-08-07,train,True,1,mathworks,mathworks,,mathworks,mathworks,mathworks,3,https://leetcode.com/problems/keyboard-row
501,find-mode-in-binary-search-tree,Easy,Tree; Depth-First Search; Binary Search Tree; Binary Tree,2015-08-07,train,True,2,amazon; google,google; amazon,,,amazon; google,amazon; google,4,https://leetcode.com/problems/find-mode-in-binary-search-tree
502,ipo,Hard,Greedy; Array; Sorting; Heap (Priority Queue),2015-08-07,train,False,0,,,,,,,0,https://leetcode.com/problems/ipo
503,next-greater-element-ii,Medium,Stack; Array; Monotonic Stack,2015-08-07,train,True,7,amazon; bloomberg; facebook; google; microsoft; oracle; yahoo,amazon; bloomberg; facebook; google; oracle; yahoo; microsoft,amazon; facebook,amazon; bloomberg; facebook; oracle,amazon; bloomberg; facebook; google; microsoft; oracle; yahoo,amazon; bloomberg; facebook; google; microsoft; oracle; yahoo,20,https://leetcode.com/problems/next-greater-element-ii
504,base-7,Easy,Math,2015-08-07,train,True,2,bloomberg; google,google; bloomberg,,,bloomberg; google,bloomberg; google,4,https://leetcode.com/problems/base-7
505,the-maze-ii,Medium,Depth-First Search; Breadth-First Search; Graph; Array; Matrix; Shortest Path; Heap (Priority Queue),2015-08-07,train,True,4,amazon; facebook; google; oracle,google; amazon; facebook; oracle,,facebook; google; oracle,amazon; facebook; google; oracle,amazon; facebook; google; oracle,11,https://leetcode.com/problems/the-maze-ii
506,relative-ranks,Easy,Array; Sorting; Heap (Priority Queue),2015-08-07,train,True,1,google,google,,,,google,1,https://leetcode.com/problems/relative-ranks
507,perfect-number,Easy,Math,2015-08-07,train,True,2,amazon; fallible,amazon; fallible,,amazon,amazon,amazon; fallible,4,https://leetcode.com/problems/perfect-number
508,most-frequent-subtree-sum,Medium,Tree; Depth-First Search; Hash Table; Binary Tree,2015-08-07,train,True,1,amazon,amazon,,,amazon,amazon,2,https://leetcode.com/problems/most-frequent-subtree-sum
509,fibonacci-number,Easy,Recursion; Memoization; Math; Dynamic Programming,2015-08-07,train,True,8,amazon; apple; barclays; facebook; mathworks; microsoft; sap; yahoo,amazon; apple; microsoft; barclays; facebook; sap; mathworks; yahoo,amazon; apple; facebook; microsoft; sap,amazon; apple; barclays; facebook; microsoft; sap,amazon; apple; barclays; facebook; mathworks; microsoft; sap; yahoo,amazon; apple; barclays; facebook; mathworks; microsoft; sap; yahoo,27,https://leetcode.com/problems/fibonacci-number
513,find-bottom-left-tree-value,Medium,Tree; Depth-First Search; Breadth-First Search; Binary Tree,2015-08-07,train,True,2,bloomberg; microsoft,bloomberg; microsoft,,,bloomberg,bloomberg; microsoft,3,https://leetcode.com/problems/find-bottom-left-tree-value
514,freedom-trail,Hard,Depth-First Search; Breadth-First Search; String; Dynamic Programming,2015-08-07,train,True,1,google,google,,,,google,1,https://leetcode.com/problems/freedom-trail
515,find-largest-value-in-each-tree-row,Medium,Tree; Depth-First Search; Breadth-First Search; Binary Tree,2015-08-07,train,True,5,amazon; apple; facebook; linkedin; microsoft,amazon; facebook; microsoft; apple; linkedin,amazon; apple; facebook,amazon; apple; facebook; microsoft,amazon; apple; facebook; microsoft,amazon; apple; facebook; linkedin; microsoft,16,https://leetcode.com/problems/find-largest-value-in-each-tree-row
516,longest-palindromic-subsequence,Medium,String; Dynamic Programming,2015-08-07,train,True,7,amazon; apple; bloomberg; facebook; linkedin; microsoft; uber,linkedin; amazon; microsoft; facebook; bloomberg; apple; uber,microsoft,amazon; bloomberg; facebook; microsoft,amazon; apple; bloomberg; facebook; linkedin; microsoft,amazon; apple; bloomberg; facebook; linkedin; microsoft; uber,18,https://leetcode.com/problems/longest-palindromic-subsequence
517,super-washing-machines,Hard,Greedy; Array,2015-08-07,train,True,1,amazon,amazon,,,,amazon,1,https://leetcode.com/problems/super-washing-machines
518,coin-change-ii,Medium,Array; Dynamic Programming,2015-08-07,train,True,10,amazon; apple; bloomberg; facebook; google; ixl; microsoft; oracle; uber; yahoo,amazon; google; facebook; microsoft; apple; bloomberg; uber; yahoo; oracle; ixl,amazon; apple; bloomberg; microsoft,amazon; apple; bloomberg; microsoft; yahoo,amazon; apple; bloomberg; facebook; google; ixl; microsoft; oracle; uber; yahoo,amazon; apple; bloomberg; facebook; google; ixl; microsoft; oracle; uber; yahoo,29,https://leetcode.com/problems/coin-change-ii
520,detect-capital,Easy,String,2015-08-07,train,True,1,google,google,,,,google,1,https://leetcode.com/problems/detect-capital
521,longest-uncommon-subsequence-i,Easy,String,2015-08-07,train,True,1,google,google,,,,google,1,https://leetcode.com/problems/longest-uncommon-subsequence-i
522,longest-uncommon-subsequence-ii,Medium,Array; Hash Table; Two Pointers; String; Sorting,2015-08-07,train,True,1,google,google,,,,google,1,https://leetcode.com/problems/longest-uncommon-subsequence-ii
523,continuous-subarray-sum,Medium,Array; Hash Table; Math; Prefix Sum,2015-08-07,train,True,6,amazon; bytedance; facebook; google; microsoft; samsung,facebook; microsoft; amazon; google; bytedance; samsung,amazon; facebook,amazon; bytedance; facebook; google; microsoft,amazon; bytedance; facebook; google; microsoft; samsung,amazon; bytedance; facebook; google; microsoft; samsung,19,https://leetcode.com/problems/continuous-subarray-sum
524,longest-word-in-dictionary-through-deleting,Medium,Array; Two Pointers; String; Sorting,2015-08-07,train,True,2,goldman-sachs; google,google; goldman-sachs,goldman-sachs; google,goldman-sachs; google,goldman-sachs; google,goldman-sachs; google,8,https://leetcode.com/problems/longest-word-in-dictionary-through-deleting
525,contiguous-array,Medium,Array; Hash Table; Prefix Sum,2015-08-07,train,True,9,adobe; amazon; apple; facebook; google; microsoft; quora; robinhood; vmware,amazon; quora; google; facebook; microsoft; adobe; vmware; apple; robinhood,adobe; amazon; apple; facebook; google,adobe; amazon; apple; facebook; google; quora,adobe; amazon; apple; facebook; google; microsoft; quora; robinhood; vmware,adobe; amazon; apple; facebook; google; microsoft; quora; robinhood; vmware,29,https://leetcode.com/problems/contiguous-array
526,beautiful-arrangement,Medium,Bit Manipulation; Array; Dynamic Programming; Backtracking; Bitmask,2015-08-07,train,True,2,google; mathworks,mathworks; google,mathworks,mathworks,mathworks,google; mathworks,5,https://leetcode.com/problems/beautiful-arrangement
527,word-abbreviation,Hard,Greedy; Trie; Array; String; Sorting,2015-08-07,train,True,4,google; grab; snapchat; uber,google; snapchat; uber; grab,google; uber,google; uber,google; grab; snapchat; uber,google; grab; snapchat; uber,12,https://leetcode.com/problems/word-abbreviation
529,minesweeper,Medium,Depth-First Search; Breadth-First Search; Array; Matrix,2015-08-07,train,True,9,amazon; bloomberg; cruise-automation; facebook; google; liveramp; microsoft; oracle; uber,uber; google; amazon; facebook; microsoft; cruise-automation; bloomberg; liveramp; oracle,amazon; facebook; uber,amazon; cruise-automation; facebook; liveramp; microsoft; uber,amazon; bloomberg; cruise-automation; facebook; google; liveramp; microsoft; oracle; uber,amazon; bloomberg; cruise-automation; facebook; google; liveramp; microsoft; oracle; uber,27,https://leetcode.com/problems/minesweeper
530,minimum-absolute-difference-in-bst,Easy,Tree; Depth-First Search; Breadth-First Search; Binary Search Tree; Binary Tree,2015-08-07,train,True,2,apple; google,google; apple,,,apple,apple; google,3,https://leetcode.com/problems/minimum-absolute-difference-in-bst
531,lonely-pixel-i,Medium,Array; Hash Table; Matrix,2015-08-07,train,True,1,google,google,,,google,google,2,https://leetcode.com/problems/lonely-pixel-i
532,k-diff-pairs-in-an-array,Medium,Array; Hash Table; Two Pointers; Binary Search; Sorting,2015-08-07,train,True,9,amazon; bloomberg; goldman-sachs; microsoft; oracle; paypal; salesforce; twilio; twitter,goldman-sachs; salesforce; amazon; twitter; bloomberg; microsoft; paypal; oracle; twilio,goldman-sachs; microsoft,bloomberg; goldman-sachs; microsoft; twitter,amazon; bloomberg; goldman-sachs; microsoft; oracle; paypal; salesforce; twilio; twitter,amazon; bloomberg; goldman-sachs; microsoft; oracle; paypal; salesforce; twilio; twitter,24,https://leetcode.com/problems/k-diff-pairs-in-an-array
533,lonely-pixel-ii,Medium,Array; Hash Table; Matrix,2015-08-07,train,True,1,google,google,,,,google,1,https://leetcode.com/problems/lonely-pixel-ii
536,construct-binary-tree-from-string,Medium,Stack; Tree; Depth-First Search; String; Binary Tree,2015-08-07,train,True,2,amazon; facebook,facebook; amazon,facebook,facebook,facebook,amazon; facebook,5,https://leetcode.com/problems/construct-binary-tree-from-string
537,complex-number-multiplication,Medium,Math; String; Simulation,2015-08-07,train,True,1,amazon,amazon,,,,amazon,1,https://leetcode.com/problems/complex-number-multiplication
538,convert-bst-to-greater-tree,Medium,Tree; Depth-First Search; Binary Search Tree; Binary Tree,2015-08-07,train,True,1,amazon,amazon,amazon,amazon,amazon,amazon,4,https://leetcode.com/problems/convert-bst-to-greater-tree
539,minimum-time-difference,Medium,Array; Math; String; Sorting,2015-08-07,train,True,2,amazon; palantir-technologies,palantir-technologies; amazon,palantir-technologies,amazon; palantir-technologies,amazon; palantir-technologies,amazon; palantir-technologies,7,https://leetcode.com/problems/minimum-time-difference
540,single-element-in-a-sorted-array,Medium,Array; Binary Search,2015-08-07,train,True,8,amazon; apple; atlassian; bloomberg; facebook; google; microsoft; twitter,amazon; google; facebook; microsoft; apple; atlassian; bloomberg; twitter,amazon; atlassian; facebook; google; microsoft; twitter,amazon; atlassian; facebook; google; microsoft; twitter,amazon; apple; atlassian; bloomberg; facebook; google; microsoft; twitter,amazon; apple; atlassian; bloomberg; facebook; google; microsoft; twitter,28,https://leetcode.com/problems/single-element-in-a-sorted-array
541,reverse-string-ii,Easy,Two Pointers; String,2015-08-07,train,True,3,amazon; google; microsoft,amazon; microsoft; google,,amazon,amazon; microsoft,amazon; google; microsoft,6,https://leetcode.com/problems/reverse-string-ii
542,01-matrix,Medium,Breadth-First Search; Array; Dynamic Programming; Matrix,2015-08-07,train,True,4,amazon; apple; google; uber,amazon; google; uber; apple,amazon; apple,amazon; apple; uber,amazon; apple; google; uber,amazon; apple; google; uber,13,https://leetcode.com/problems/01-matrix
543,diameter-of-binary-tree,Easy,Tree; Depth-First Search; Binary Tree,2015-08-07,train,True,14,adobe; amazon; apple; atlassian; baidu; bloomberg; bytedance; facebook; google; intel; microsoft; oracle; qualtrics; tencent,facebook; amazon; google; microsoft; adobe; apple; bloomberg; bytedance; oracle; tencent; atlassian; qualtrics; baidu; intel,adobe; amazon; bytedance; facebook; google; microsoft; oracle; tencent,adobe; amazon; apple; atlassian; bloomberg; bytedance; facebook; google; microsoft; oracle; tencent,adobe; amazon; apple; atlassian; baidu; bloomberg; bytedance; facebook; google; intel; microsoft; oracle; qualtrics; tencent,adobe; amazon; apple; atlassian; baidu; bloomberg; bytedance; facebook; google; intel; microsoft; oracle; qualtrics; tencent,47,https://leetcode.com/problems/diameter-of-binary-tree
544,output-contest-matches,Medium,Recursion; String; Simulation,2015-08-07,train,True,1,google,google,,,google,google,2,https://leetcode.com/problems/output-contest-matches
545,boundary-of-binary-tree,Medium,Tree; Depth-First Search; Binary Tree,2015-08-07,train,True,8,adobe; amazon; apple; audible; ebay; google; microsoft; oracle,amazon; microsoft; apple; ebay; oracle; audible; adobe; google,amazon; apple; audible; ebay; microsoft; oracle,amazon; apple; audible; ebay; microsoft; oracle,adobe; amazon; apple; audible; ebay; microsoft; oracle,adobe; amazon; apple; audible; ebay; google; microsoft; oracle,27,https://leetcode.com/problems/boundary-of-binary-tree
546,remove-boxes,Hard,Memoization; Array; Dynamic Programming,2015-08-07,train,True,2,apple; tencent,apple; tencent,apple,apple,apple,apple; tencent,5,https://leetcode.com/problems/remove-boxes
547,number-of-provinces,Medium,Depth-First Search; Breadth-First Search; Union Find; Graph,2015-08-07,train,True,16,adobe; amazon; atlassian; bloomberg; drawbridge; ebay; facebook; goldman-sachs; google; linkedin; microsoft; pocket-gems; salesforce; twitter; two-sigma; uber,two-sigma; amazon; pocket-gems; twitter; facebook; linkedin; google; microsoft; goldman-sachs; adobe; uber; atlassian; bloomberg; drawbridge; ebay; salesforce,amazon; ebay; facebook; goldman-sachs; twitter; two-sigma,amazon; atlassian; ebay; facebook; goldman-sachs; google; microsoft; pocket-gems; salesforce; twitter; two-sigma,adobe; amazon; atlassian; bloomberg; drawbridge; ebay; facebook; goldman-sachs; google; linkedin; microsoft; pocket-gems; salesforce; twitter; two-sigma; uber,adobe; amazon; atlassian; bloomberg; drawbridge; ebay; facebook; goldman-sachs; google; linkedin; microsoft; pocket-gems; salesforce; twitter; two-sigma; uber,49,https://leetcode.com/problems/number-of-provinces
548,split-array-with-equal-sum,Hard,Array; Hash Table; Prefix Sum,2015-08-07,train,True,2,alibaba; facebook,facebook; alibaba,facebook,facebook,facebook,alibaba; facebook,5,https://leetcode.com/problems/split-array-with-equal-sum
549,binary-tree-longest-consecutive-sequence-ii,Medium,Tree; Depth-First Search; Binary Tree,2015-08-07,train,True,4,amazon; apple; facebook; google,google; facebook; amazon; apple,facebook; google,facebook; google,amazon; apple; facebook; google,amazon; apple; facebook; google,12,https://leetcode.com/problems/binary-tree-longest-consecutive-sequence-ii
551,student-attendance-record-i,Easy,String,2015-08-07,train,True,1,google,google,,google,google,google,3,https://leetcode.com/problems/student-attendance-record-i
552,student-attendance-record-ii,Hard,Dynamic Programming,2015-08-07,train,True,2,google; uber,google; uber,google,google,google; uber,google; uber,6,https://leetcode.com/problems/student-attendance-record-ii
553,optimal-division,Medium,Array; Math; Dynamic Programming,2015-08-07,train,True,1,amazon,amazon,,,,amazon,1,https://leetcode.com/problems/optimal-division
554,brick-wall,Medium,Array; Hash Table,2015-08-07,train,True,5,adobe; bloomberg; facebook; google; oracle,bloomberg; facebook; oracle; adobe; google,google,google; oracle,adobe; bloomberg; facebook; google; oracle,adobe; bloomberg; facebook; google; oracle,13,https://leetcode.com/problems/brick-wall
555,split-concatenated-strings,Medium,Greedy; Array; String,2015-08-07,train,True,1,alibaba,alibaba,,,,alibaba,1,https://leetcode.com/problems/split-concatenated-strings
556,next-greater-element-iii,Medium,Math; Two Pointers; String,2015-08-07,train,True,6,amazon; bloomberg; facebook; houzz; microsoft; vmware,amazon; facebook; microsoft; bloomberg; houzz; vmware,amazon; microsoft,amazon; facebook; microsoft,amazon; bloomberg; facebook; houzz; microsoft; vmware,amazon; bloomberg; facebook; houzz; microsoft; vmware,17,https://leetcode.com/problems/next-greater-element-iii
557,reverse-words-in-a-string-iii,Easy,Two Pointers; String,2015-08-07,train,True,9,amazon; apple; bloomberg; microsoft; paypal; salesforce; snapchat; yahoo; zappos,microsoft; amazon; apple; bloomberg; zappos; paypal; salesforce; snapchat; yahoo,microsoft; salesforce,amazon; bloomberg; microsoft; salesforce,amazon; apple; bloomberg; microsoft; paypal; salesforce; snapchat; yahoo,amazon; apple; bloomberg; microsoft; paypal; salesforce; snapchat; yahoo; zappos,23,https://leetcode.com/problems/reverse-words-in-a-string-iii
560,subarray-sum-equals-k,Medium,Array; Hash Table; Prefix Sum,2015-08-07,train,True,20,adobe; amazon; apple; bloomberg; ebay; expedia; facebook; goldman-sachs; google; indeed; linkedin; microsoft; oracle; quora; snapchat; twilio; uber; wish; yahoo; yandex,facebook; amazon; google; microsoft; bloomberg; goldman-sachs; adobe; yandex; apple; oracle; ebay; uber; yahoo; twilio; indeed; linkedin; snapchat; expedia; wish; quora,adobe; amazon; ebay; facebook; goldman-sachs; google; microsoft,adobe; amazon; apple; ebay; facebook; goldman-sachs; google; microsoft; quora; twilio; uber; yahoo; yandex,adobe; amazon; apple; bloomberg; ebay; expedia; facebook; goldman-sachs; google; indeed; linkedin; microsoft; oracle; quora; snapchat; twilio; uber; wish; yahoo; yandex,adobe; amazon; apple; bloomberg; ebay; expedia; facebook; goldman-sachs; google; indeed; linkedin; microsoft; oracle; quora; snapchat; twilio; uber; wish; yahoo; yandex,60,https://leetcode.com/problems/subarray-sum-equals-k
561,array-partition,Easy,Greedy; Array; Counting Sort; Sorting,2015-08-07,train,True,3,adobe; amazon; apple,adobe; amazon; apple,,adobe; apple,adobe; amazon; apple,adobe; amazon; apple,8,https://leetcode.com/problems/array-partition
562,longest-line-of-consecutive-one-in-matrix,Medium,Array; Dynamic Programming; Matrix,2015-08-07,train,True,1,google,google,google,google,google,google,4,https://leetcode.com/problems/longest-line-of-consecutive-one-in-matrix
563,binary-tree-tilt,Easy,Tree; Depth-First Search; Binary Tree,2015-08-07,train,True,1,indeed,indeed,,,indeed,indeed,2,https://leetcode.com/problems/binary-tree-tilt
564,find-the-closest-palindrome,Hard,Math; String,2015-08-07,train,True,8,amazon; facebook; google; microsoft; nutanix; pinterest; uber; yelp,amazon; yelp; microsoft; facebook; google; pinterest; nutanix; uber,amazon,amazon,amazon; facebook; google; microsoft; nutanix; pinterest; uber; yelp,amazon; facebook; google; microsoft; nutanix; pinterest; uber; yelp,18,https://leetcode.com/problems/find-the-closest-palindrome
565,array-nesting,Medium,Depth-First Search; Array,2015-08-07,train,True,2,apple; bloomberg,bloomberg; apple,,bloomberg,bloomberg,apple; bloomberg,4,https://leetcode.com/problems/array-nesting
566,reshape-the-matrix,Easy,Array; Matrix; Simulation,2015-08-07,train,True,1,mathworks,mathworks,,,,mathworks,1,https://leetcode.com/problems/reshape-the-matrix
567,permutation-in-string,Medium,Hash Table; Two Pointers; String; Sliding Window,2015-08-07,train,True,9,amazon; bloomberg; facebook; google; lyft; microsoft; uber; yahoo; yandex,facebook; amazon; microsoft; google; uber; yandex; bloomberg; yahoo; lyft,amazon; facebook; lyft; microsoft; yandex,amazon; facebook; google; lyft; microsoft; uber; yandex,amazon; bloomberg; facebook; google; lyft; microsoft; uber; yahoo; yandex,amazon; bloomberg; facebook; google; lyft; microsoft; uber; yahoo; yandex,30,https://leetcode.com/problems/permutation-in-string
568,maximum-vacation-days,Hard,Array; Dynamic Programming; Matrix,2015-08-07,train,True,4,facebook; google; microsoft; uber,google; facebook; uber; microsoft,google,facebook; google,facebook; google; microsoft; uber,facebook; google; microsoft; uber,11,https://leetcode.com/problems/maximum-vacation-days
572,subtree-of-another-tree,Easy,Tree; Depth-First Search; Binary Tree; String Matching; Hash Function,2015-08-07,train,True,7,amazon; bloomberg; ebay; facebook; google; microsoft; samsung,amazon; google; microsoft; bloomberg; facebook; samsung; ebay,amazon,amazon; bloomberg; google; microsoft,amazon; bloomberg; facebook; google; microsoft; samsung,amazon; bloomberg; ebay; facebook; google; microsoft; samsung,18,https://leetcode.com/problems/subtree-of-another-tree
573,squirrel-simulation,Medium,Array; Math,2015-08-07,train,True,1,square,square,,,,square,1,https://leetcode.com/problems/squirrel-simulation
575,distribute-candies,Easy,Array; Hash Table,2015-08-07,train,True,2,liveramp; microsoft,liveramp; microsoft,,microsoft,microsoft,liveramp; microsoft,4,https://leetcode.com/problems/distribute-candies
576,out-of-boundary-paths,Medium,Dynamic Programming,2015-08-07,train,True,1,baidu,baidu,,,,baidu,1,https://leetcode.com/problems/out-of-boundary-paths
581,shortest-unsorted-continuous-subarray,Medium,Stack; Greedy; Array; Two Pointers; Sorting; Monotonic Stack,2015-08-07,train,True,6,amazon; bloomberg; google; liveramp; redfin; uber,amazon; google; liveramp; bloomberg; redfin; uber,amazon,amazon; uber,amazon; bloomberg; google; redfin; uber,amazon; bloomberg; google; liveramp; redfin; uber,14,https://leetcode.com/problems/shortest-unsorted-continuous-subarray
582,kill-process,Medium,Tree; Depth-First Search; Breadth-First Search; Array; Hash Table,2015-08-07,train,True,4,amazon; apple; bloomberg; google,bloomberg; google; amazon; apple,bloomberg,bloomberg,amazon; apple; bloomberg; google,amazon; apple; bloomberg; google,10,https://leetcode.com/problems/kill-process
583,delete-operation-for-two-strings,Medium,String; Dynamic Programming,2015-08-07,train,True,1,google,google,,,,google,1,https://leetcode.com/problems/delete-operation-for-two-strings
587,erect-the-fence,Hard,Geometry; Array; Math,2015-08-07,train,True,1,google,google,,,,google,1,https://leetcode.com/problems/erect-the-fence
591,tag-validator,Hard,Stack; String,2015-08-07,train,True,3,google; microsoft; uber,google; microsoft; uber,,,google; uber,google; microsoft; uber,5,https://leetcode.com/problems/tag-validator
592,fraction-addition-and-subtraction,Medium,Math; String; Simulation,2015-08-07,train,True,2,goldman-sachs; ixl,ixl; goldman-sachs,goldman-sachs,goldman-sachs; ixl,goldman-sachs; ixl,goldman-sachs; ixl,7,https://leetcode.com/problems/fraction-addition-and-subtraction
593,valid-square,Medium,Geometry; Math,2015-08-07,train,True,3,facebook; google; pure-storage,pure-storage; google; facebook,google; pure-storage,facebook; google; pure-storage,facebook; google; pure-storage,facebook; google; pure-storage,11,https://leetcode.com/problems/valid-square
594,longest-harmonious-subsequence,Easy,Array; Hash Table; Counting; Sorting; Sliding Window,2015-08-07,train,True,2,apple; liveramp,apple; liveramp,,apple,apple,apple; liveramp,4,https://leetcode.com/problems/longest-harmonious-subsequence
598,range-addition-ii,Easy,Array; Math,2015-08-07,train,True,1,ixl,ixl,,ixl,ixl,ixl,3,https://leetcode.com/problems/range-addition-ii
599,minimum-index-sum-of-two-lists,Easy,Array; Hash Table; String,2015-08-07,train,True,2,oracle; yelp,yelp; oracle,,oracle,oracle; yelp,oracle; yelp,5,https://leetcode.com/problems/minimum-index-sum-of-two-lists
600,non-negative-integers-without-consecutive-ones,Hard,Dynamic Programming,2015-08-07,train,True,1,pocket-gems,pocket-gems,,,,pocket-gems,1,https://leetcode.com/problems/non-negative-integers-without-consecutive-ones
605,can-place-flowers,Easy,Greedy; Array,2015-08-07,train,True,5,amazon; cisco; facebook; linkedin; yahoo,linkedin; amazon; yahoo; cisco; facebook,linkedin,linkedin; yahoo,amazon; cisco; facebook; linkedin; yahoo,amazon; cisco; facebook; linkedin; yahoo,13,https://leetcode.com/problems/can-place-flowers
606,construct-string-from-binary-tree,Medium,Tree; Depth-First Search; String; Binary Tree,2015-08-07,train,True,1,amazon,amazon,,,,amazon,1,https://leetcode.com/problems/construct-string-from-binary-tree
609,find-duplicate-file-in-system,Medium,Array; Hash Table; String,2015-08-07,train,True,8,amazon; apple; dropbox; facebook; google; microsoft; oracle; vmware,dropbox; google; apple; amazon; facebook; microsoft; oracle; vmware,apple; dropbox; facebook,amazon; apple; dropbox; facebook; google; oracle; vmware,amazon; apple; dropbox; facebook; google; microsoft; oracle; vmware,amazon; apple; dropbox; facebook; google; microsoft; oracle; vmware,26,https://leetcode.com/problems/find-duplicate-file-in-system
611,valid-triangle-number,Medium,Greedy; Array; Two Pointers; Binary Search; Sorting,2015-08-07,train,True,7,amazon; bloomberg; expedia; facebook; linkedin; microsoft; uber,linkedin; bloomberg; amazon; microsoft; facebook; uber; expedia,amazon; bloomberg,amazon; bloomberg; facebook; linkedin,amazon; bloomberg; facebook; linkedin; microsoft; uber,amazon; bloomberg; expedia; facebook; linkedin; microsoft; uber,19,https://leetcode.com/problems/valid-triangle-number
616,add-bold-tag-in-string,Medium,Trie; Array; Hash Table; String; String Matching,2015-08-07,train,True,3,facebook; google; wish,google; facebook; wish,facebook; wish,facebook; wish,facebook; google; wish,facebook; google; wish,10,https://leetcode.com/problems/add-bold-tag-in-string
617,merge-two-binary-trees,Easy,Tree; Depth-First Search; Breadth-First Search; Binary Tree,2015-08-07,train,True,6,adobe; amazon; apple; bloomberg; huawei; oracle,amazon; adobe; apple; bloomberg; oracle; huawei,apple; huawei,adobe; amazon; apple; bloomberg; huawei; oracle,adobe; amazon; apple; bloomberg; huawei; oracle,adobe; amazon; apple; bloomberg; huawei; oracle,20,https://leetcode.com/problems/merge-two-binary-trees
621,task-scheduler,Medium,Greedy; Array; Hash Table; Counting; Sorting; Heap (Priority Queue),2015-08-07,train,True,11,amazon; apple; bloomberg; facebook; google; microsoft; nutanix; oracle; pinterest; uber; vmware,facebook; google; amazon; microsoft; uber; apple; bloomberg; nutanix; oracle; vmware; pinterest,amazon; bloomberg; facebook; microsoft,amazon; bloomberg; facebook; google; microsoft; oracle; pinterest; uber,amazon; apple; bloomberg; facebook; google; microsoft; nutanix; oracle; pinterest; uber; vmware,amazon; apple; bloomberg; facebook; google; microsoft; nutanix; oracle; pinterest; uber; vmware,34,https://leetcode.com/problems/task-scheduler
623,add-one-row-to-tree,Medium,Tree; Depth-First Search; Breadth-First Search; Binary Tree,2015-08-07,train,True,1,gilt-groupe,gilt-groupe,,,,gilt-groupe,1,https://leetcode.com/problems/add-one-row-to-tree
624,maximum-distance-in-arrays,Medium,Greedy; Array,2015-08-07,train,True,1,yahoo,yahoo,,,,yahoo,1,https://leetcode.com/problems/maximum-distance-in-arrays
625,minimum-factorization,Medium,Greedy; Math,2015-08-07,train,True,1,tencent,tencent,,,,tencent,1,https://leetcode.com/problems/minimum-factorization
628,maximum-product-of-three-numbers,Easy,Array; Math; Sorting,2015-08-07,train,True,10,amazon; apple; bloomberg; cisco; citadel; facebook; goldman-sachs; intuit; redfin; symantec,amazon; bloomberg; facebook; cisco; symantec; redfin; apple; citadel; goldman-sachs; intuit,amazon; citadel,amazon; citadel; redfin,amazon; apple; bloomberg; cisco; citadel; facebook; goldman-sachs; redfin; symantec,amazon; apple; bloomberg; cisco; citadel; facebook; goldman-sachs; intuit; redfin; symantec,24,https://leetcode.com/problems/maximum-product-of-three-numbers
629,k-inverse-pairs-array,Hard,Dynamic Programming,2015-08-07,train,True,1,works-applications,works-applications,,,,works-applications,1,https://leetcode.com/problems/k-inverse-pairs-array
630,course-schedule-iii,Hard,Greedy; Array; Sorting; Heap (Priority Queue),2015-08-07,train,True,3,google; microsoft; works-applications,google; microsoft; works-applications,google; microsoft,google; microsoft,google; microsoft,google; microsoft; works-applications,9,https://leetcode.com/problems/course-schedule-iii
632,smallest-range-covering-elements-from-k-lists,Hard,Greedy; Array; Hash Table; Sorting; Sliding Window; Heap (Priority Queue),2015-08-07,train,True,8,amazon; apple; facebook; google; lyft; microsoft; pinterest; snapchat,facebook; amazon; google; pinterest; apple; microsoft; snapchat; lyft,amazon; apple,amazon; apple; google; snapchat,amazon; apple; facebook; google; microsoft; pinterest; snapchat,amazon; apple; facebook; google; lyft; microsoft; pinterest; snapchat,21,https://leetcode.com/problems/smallest-range-covering-elements-from-k-lists
633,sum-of-square-numbers,Medium,Math; Two Pointers; Binary Search,2015-08-07,train,True,1,linkedin,linkedin,,,,linkedin,1,https://leetcode.com/problems/sum-of-square-numbers
634,find-the-derangement-of-an-array,Medium,Math; Dynamic Programming; Combinatorics,2015-08-07,train,True,2,amazon; ixl,ixl; amazon,,amazon,amazon,amazon; ixl,4,https://leetcode.com/problems/find-the-derangement-of-an-array
636,exclusive-time-of-functions,Medium,Stack; Array,2015-08-07,train,True,8,amazon; apple; facebook; google; linkedin; microsoft; oracle; uber,facebook; microsoft; amazon; linkedin; google; uber; oracle; apple,amazon; apple; facebook; google; microsoft; oracle,amazon; apple; facebook; google; linkedin; microsoft; oracle,amazon; apple; facebook; google; linkedin; microsoft; oracle; uber,amazon; apple; facebook; google; linkedin; microsoft; oracle; uber,29,https://leetcode.com/problems/exclusive-time-of-functions
637,average-of-levels-in-binary-tree,Easy,Tree; Depth-First Search; Breadth-First Search; Binary Tree,2015-08-07,train,True,2,amazon; facebook,facebook; amazon,facebook,amazon; facebook,amazon; facebook,amazon; facebook,7,https://leetcode.com/problems/average-of-levels-in-binary-tree
638,shopping-offers,Medium,Bit Manipulation; Memoization; Array; Dynamic Programming; Backtracking; Bitmask,2015-08-07,train,True,1,google,google,,,,google,1,https://leetcode.com/problems/shopping-offers
639,decode-ways-ii,Hard,String; Dynamic Programming,2015-08-07,train,True,2,facebook; google,facebook; google,google,google,facebook; google,facebook; google,6,https://leetcode.com/problems/decode-ways-ii
640,solve-the-equation,Medium,Math; String; Simulation,2015-08-07,train,True,3,amazon; google; uber,amazon; google; uber,amazon,amazon,amazon; google; uber,amazon; google; uber,8,https://leetcode.com/problems/solve-the-equation
643,maximum-average-subarray-i,Easy,Array; Sliding Window,2015-08-07,train,True,2,google; microsoft,microsoft; google,,,microsoft,google; microsoft,3,https://leetcode.com/problems/maximum-average-subarray-i
644,maximum-average-subarray-ii,Hard,Array; Binary Search; Prefix Sum,2015-08-07,train,True,1,google,google,,,,google,1,https://leetcode.com/problems/maximum-average-subarray-ii
645,set-mismatch,Easy,Bit Manipulation; Array; Hash Table; Sorting,2015-08-07,train,True,1,amazon,amazon,,,,amazon,1,https://leetcode.com/problems/set-mismatch
646,maximum-length-of-pair-chain,Medium,Greedy; Array; Dynamic Programming; Sorting,2015-08-07,train,True,4,amazon; bloomberg; facebook; uber,amazon; uber; bloomberg; facebook,amazon,amazon,amazon; bloomberg; facebook; uber,amazon; bloomberg; facebook; uber,10,https://leetcode.com/problems/maximum-length-of-pair-chain
647,palindromic-substrings,Medium,Two Pointers; String; Dynamic Programming,2015-08-07,train,True,17,adobe; amazon; apple; atlassian; citadel; coursera; facebook; goldman-sachs; google; linkedin; mathworks; microsoft; pure-storage; roblox; twitter; uber; vmware,facebook; pure-storage; amazon; twitter; google; microsoft; citadel; apple; uber; goldman-sachs; adobe; linkedin; roblox; coursera; atlassian; mathworks; vmware,amazon; apple; citadel; facebook; goldman-sachs; google; mathworks; microsoft,amazon; apple; atlassian; citadel; facebook; goldman-sachs; google; mathworks; microsoft; roblox; twitter; uber,adobe; amazon; apple; atlassian; citadel; coursera; facebook; goldman-sachs; google; mathworks; microsoft; pure-storage; roblox; twitter; uber; vmware,adobe; amazon; apple; atlassian; citadel; coursera; facebook; goldman-sachs; google; linkedin; mathworks; microsoft; pure-storage; roblox; twitter; uber; vmware,53,https://leetcode.com/problems/palindromic-substrings
648,replace-words,Medium,Trie; Array; Hash Table; String,2015-08-07,train,True,1,uber,uber,,,,uber,1,https://leetcode.com/problems/replace-words
649,dota2-senate,Medium,Greedy; Queue; String,2015-08-07,train,True,1,valve,valve,,,,valve,1,https://leetcode.com/problems/dota2-senate
650,2-keys-keyboard,Medium,Math; Dynamic Programming,2015-08-07,train,True,2,bloomberg; microsoft,bloomberg; microsoft,,bloomberg,bloomberg,bloomberg; microsoft,4,https://leetcode.com/problems/2-keys-keyboard
651,4-keys-keyboard,Medium,Math; Dynamic Programming,2015-08-07,train,True,2,google; microsoft,microsoft; google,,,,google; microsoft,2,https://leetcode.com/problems/4-keys-keyboard
653,two-sum-iv-input-is-a-bst,Easy,Tree; Depth-First Search; Breadth-First Search; Binary Search Tree; Hash Table; Two Pointers; Binary Tree,2015-08-07,train,True,6,amazon; facebook; microsoft; samsung; servicenow; snapchat,amazon; microsoft; servicenow; facebook; snapchat; samsung,amazon; facebook; microsoft; servicenow,amazon; facebook; microsoft; servicenow,amazon; facebook; microsoft; servicenow; snapchat,amazon; facebook; microsoft; samsung; servicenow; snapchat,19,https://leetcode.com/problems/two-sum-iv-input-is-a-bst
654,maximum-binary-tree,Medium,Stack; Tree; Array; Divide and Conquer; Binary Tree; Monotonic Stack,2015-08-07,train,True,4,amazon; facebook; google; microsoft,facebook; amazon; google; microsoft,google,amazon; google,amazon; facebook; google,amazon; facebook; google; microsoft,10,https://leetcode.com/problems/maximum-binary-tree
655,print-binary-tree,Medium,Tree; Depth-First Search; Breadth-First Search; Binary Tree,2015-08-07,train,True,5,facebook; linkedin; microsoft; poynt; uber,uber; linkedin; microsoft; facebook; poynt,,uber,facebook; linkedin; microsoft; uber,facebook; linkedin; microsoft; poynt; uber,10,https://leetcode.com/problems/print-binary-tree
656,coin-path,Hard,Array; Dynamic Programming,2015-08-07,train,True,1,google,google,,,,google,1,https://leetcode.com/problems/coin-path
657,robot-return-to-origin,Easy,String; Simulation,2015-08-07,train,True,3,amazon; goldman-sachs; google,goldman-sachs; amazon; google,goldman-sachs,amazon; goldman-sachs,amazon; goldman-sachs,amazon; goldman-sachs; google,8,https://leetcode.com/problems/robot-return-to-origin
658,find-k-closest-elements,Medium,Array; Two Pointers; Binary Search; Sorting; Sliding Window; Heap (Priority Queue),2015-08-07,train,True,9,amazon; apple; bloomberg; ebay; facebook; google; microsoft; snapchat; uber,facebook; amazon; google; uber; apple; bloomberg; microsoft; snapchat; ebay,apple; bloomberg; ebay; facebook; google,apple; bloomberg; ebay; facebook; google; uber,amazon; apple; bloomberg; ebay; facebook; google; microsoft; snapchat; uber,amazon; apple; bloomberg; ebay; facebook; google; microsoft; snapchat; uber,29,https://leetcode.com/problems/find-k-closest-elements
659,split-array-into-consecutive-subsequences,Medium,Greedy; Array; Hash Table; Heap (Priority Queue),2015-08-07,train,True,1,google,google,google,google,google,google,4,https://leetcode.com/problems/split-array-into-consecutive-subsequences
660,remove-9,Hard,Math,2015-08-07,train,True,2,google; houzz,google; houzz,,,google,google; houzz,3,https://leetcode.com/problems/remove-9
661,image-smoother,Easy,Array; Matrix,2015-08-07,train,True,2,amazon; apple,apple; amazon,,,apple,amazon; apple,3,https://leetcode.com/problems/image-smoother
662,maximum-width-of-binary-tree,Medium,Tree; Depth-First Search; Breadth-First Search; Binary Tree,2015-08-07,train,True,7,amazon; bloomberg; ebay; facebook; google; microsoft; uber,amazon; bloomberg; google; facebook; microsoft; ebay; uber,amazon; bloomberg; ebay; facebook,amazon; bloomberg; ebay; facebook; google; microsoft,amazon; bloomberg; ebay; facebook; google; microsoft; uber,amazon; bloomberg; ebay; facebook; google; microsoft; uber,24,https://leetcode.com/problems/maximum-width-of-binary-tree
663,equal-tree-partition,Medium,Tree; Depth-First Search; Binary Tree,2015-08-07,train,True,2,amazon; facebook,facebook; amazon,,,facebook,amazon; facebook,3,https://leetcode.com/problems/equal-tree-partition
664,strange-printer,Hard,String; Dynamic Programming,2015-08-07,train,True,1,netease,netease,,,,netease,1,https://leetcode.com/problems/strange-printer
665,non-decreasing-array,Medium,Array,2015-08-07,train,True,4,adobe; amazon; ebay; google,google; adobe; amazon; ebay,ebay,amazon; ebay; google,adobe; amazon; ebay; google,adobe; amazon; ebay; google,12,https://leetcode.com/problems/non-decreasing-array
666,path-sum-iv,Medium,Tree; Depth-First Search; Array; Hash Table; Binary Tree,2015-08-07,train,True,1,alibaba,alibaba,,,,alibaba,1,https://leetcode.com/problems/path-sum-iv
667,beautiful-arrangement-ii,Medium,Array; Math,2015-08-07,train,True,1,google,google,,,,google,1,https://leetcode.com/problems/beautiful-arrangement-ii
668,kth-smallest-number-in-multiplication-table,Hard,Math; Binary Search,2015-08-07,train,True,2,google; uber,uber; google,,uber,google; uber,google; uber,5,https://leetcode.com/problems/kth-smallest-number-in-multiplication-table
669,trim-a-binary-search-tree,Medium,Tree; Depth-First Search; Binary Search Tree; Binary Tree,2015-08-07,train,True,8,adobe; amazon; apple; bloomberg; facebook; google; microsoft; yahoo,microsoft; amazon; facebook; yahoo; google; adobe; apple; bloomberg,apple; facebook; google; yahoo,apple; facebook; google; microsoft; yahoo,adobe; amazon; apple; facebook; google; microsoft; yahoo,adobe; amazon; apple; bloomberg; facebook; google; microsoft; yahoo,24,https://leetcode.com/problems/trim-a-binary-search-tree
670,maximum-swap,Medium,Greedy; Math,2015-08-07,train,True,6,amazon; apple; bytedance; facebook; microsoft; uber,facebook; bytedance; amazon; microsoft; uber; apple,apple; bytedance; facebook,apple; bytedance; facebook,amazon; apple; bytedance; facebook; microsoft; uber,amazon; apple; bytedance; facebook; microsoft; uber,18,https://leetcode.com/problems/maximum-swap
671,second-minimum-node-in-a-binary-tree,Easy,Tree; Depth-First Search; Binary Tree,2015-08-07,train,True,4,amazon; linkedin; microsoft; uber,linkedin; amazon; microsoft; uber,linkedin,amazon; linkedin,amazon; linkedin; microsoft; uber,amazon; linkedin; microsoft; uber,11,https://leetcode.com/problems/second-minimum-node-in-a-binary-tree
672,bulb-switcher-ii,Medium,Bit Manipulation; Depth-First Search; Breadth-First Search; Math,2015-08-07,train,True,1,microsoft,microsoft,,,,microsoft,1,https://leetcode.com/problems/bulb-switcher-ii
673,number-of-longest-increasing-subsequence,Medium,Binary Indexed Tree; Segment Tree; Array; Dynamic Programming,2015-08-07,train,True,3,amazon; bloomberg; facebook,amazon; bloomberg; facebook,,bloomberg,amazon; bloomberg; facebook,amazon; bloomberg; facebook,7,https://leetcode.com/problems/number-of-longest-increasing-subsequence
674,longest-continuous-increasing-subsequence,Easy,Array,2015-08-07,train,True,5,amazon; apple; facebook; google; microsoft,facebook; google; amazon; apple; microsoft,facebook,amazon; facebook,amazon; apple; facebook; google; microsoft,amazon; apple; facebook; google; microsoft,13,https://leetcode.com/problems/longest-continuous-increasing-subsequence
675,cut-off-trees-for-golf-event,Hard,Breadth-First Search; Array; Matrix; Heap (Priority Queue),2015-08-07,train,True,1,amazon,amazon,,amazon,amazon,amazon,3,https://leetcode.com/problems/cut-off-trees-for-golf-event
678,valid-parenthesis-string,Medium,Stack; Greedy; String; Dynamic Programming,2015-08-07,train,True,5,alibaba; amazon; bloomberg; facebook; google,facebook; amazon; google; bloomberg; alibaba,amazon; facebook; google,amazon; facebook; google,alibaba; amazon; bloomberg; facebook; google,alibaba; amazon; bloomberg; facebook; google,16,https://leetcode.com/problems/valid-parenthesis-string
679,24-game,Hard,Array; Math; Backtracking,2015-08-07,train,True,6,amazon; facebook; google; microsoft; twitter; uber,google; microsoft; uber; twitter; amazon; facebook,google; microsoft,facebook; google; microsoft; uber,amazon; facebook; google; microsoft; twitter; uber,amazon; facebook; google; microsoft; twitter; uber,18,https://leetcode.com/problems/24-game
680,valid-palindrome-ii,Easy,Greedy; Two Pointers; String,2015-08-07,train,True,5,atlassian; facebook; google; microsoft; yahoo,facebook; microsoft; google; yahoo; atlassian,facebook; microsoft,facebook; microsoft,atlassian; facebook; google; microsoft; yahoo,atlassian; facebook; google; microsoft; yahoo,14,https://leetcode.com/problems/valid-palindrome-ii
681,next-closest-time,Medium,Hash Table; String; Backtracking; Enumeration,2015-08-07,train,True,7,adobe; amazon; bytedance; facebook; google; microsoft; uber,google; microsoft; amazon; bytedance; facebook; adobe; uber,amazon; bytedance; google; microsoft,amazon; bytedance; facebook; google; microsoft,adobe; amazon; bytedance; facebook; google; microsoft; uber,adobe; amazon; bytedance; facebook; google; microsoft; uber,23,https://leetcode.com/problems/next-closest-time
682,baseball-game,Easy,Stack; Array; Simulation,2015-08-07,train,True,2,amazon; google,amazon; google,amazon; google,amazon; google,amazon; google,amazon; google,8,https://leetcode.com/problems/baseball-game
683,k-empty-slots,Hard,Binary Indexed Tree; Segment Tree; Queue; Array; Ordered Set; Sliding Window; Monotonic Queue; Heap (Priority Queue),2015-08-07,train,True,3,amazon; google; microsoft,google; amazon; microsoft,,,amazon; google; microsoft,amazon; google; microsoft,6,https://leetcode.com/problems/k-empty-slots
684,redundant-connection,Medium,Depth-First Search; Breadth-First Search; Union Find; Graph,2015-08-07,train,True,2,amazon; google,google; amazon,,amazon,amazon; google,amazon; google,5,https://leetcode.com/problems/redundant-connection
685,redundant-connection-ii,Hard,Depth-First Search; Breadth-First Search; Union Find; Graph,2015-08-07,train,True,1,google,google,,google,google,google,3,https://leetcode.com/problems/redundant-connection-ii
686,repeated-string-match,Medium,String; String Matching,2015-08-07,train,True,4,adobe; amazon; facebook; google,google; amazon; facebook; adobe,amazon; facebook; google,amazon; facebook; google,adobe; amazon; facebook; google,adobe; amazon; facebook; google,14,https://leetcode.com/problems/repeated-string-match
687,longest-univalue-path,Medium,Tree; Depth-First Search; Binary Tree,2015-08-07,train,True,3,amazon; apple; google,google; amazon; apple,,apple; google,amazon; apple; google,amazon; apple; google,8,https://leetcode.com/problems/longest-univalue-path
688,knight-probability-in-chessboard,Medium,Dynamic Programming,2015-08-07,train,True,6,amazon; apple; facebook; goldman-sachs; google; microsoft,goldman-sachs; amazon; google; microsoft; apple; facebook,amazon; apple; goldman-sachs; google,amazon; apple; goldman-sachs; google; microsoft,amazon; apple; facebook; goldman-sachs; google; microsoft,amazon; apple; facebook; goldman-sachs; google; microsoft,21,https://leetcode.com/problems/knight-probability-in-chessboard
689,maximum-sum-of-3-non-overlapping-subarrays,Hard,Array; Dynamic Programming,2015-08-07,train,True,2,facebook; google,facebook; google,facebook; google,facebook; google,facebook; google,facebook; google,8,https://leetcode.com/problems/maximum-sum-of-3-non-overlapping-subarrays
691,stickers-to-spell-word,Hard,Bit Manipulation; Memoization; Array; Hash Table; String; Dynamic Programming; Backtracking; Bitmask,2015-08-07,train,True,2,facebook; ixl,ixl; facebook,ixl,ixl,facebook; ixl,facebook; ixl,6,https://leetcode.com/problems/stickers-to-spell-word
692,top-k-frequent-words,Medium,Trie; Array; Hash Table; String; Bucket Sort; Counting; Sorting; Heap (Priority Queue),2015-08-07,train,True,17,adobe; amazon; apple; atlassian; bloomberg; expedia; facebook; google; linkedin; microsoft; oracle; pocket-gems; salesforce; tripadvisor; uber; vmware; yelp,amazon; facebook; bloomberg; google; microsoft; yelp; apple; oracle; uber; tripadvisor; expedia; linkedin; salesforce; adobe; atlassian; vmware; pocket-gems,amazon; apple; bloomberg; facebook; google; microsoft; oracle,amazon; apple; bloomberg; facebook; google; microsoft; oracle; uber; yelp,adobe; amazon; apple; atlassian; bloomberg; expedia; facebook; google; linkedin; microsoft; oracle; salesforce; tripadvisor; uber; vmware; yelp,adobe; amazon; apple; atlassian; bloomberg; expedia; facebook; google; linkedin; microsoft; oracle; pocket-gems; salesforce; tripadvisor; uber; vmware; yelp,49,https://leetcode.com/problems/top-k-frequent-words
693,binary-number-with-alternating-bits,Easy,Bit Manipulation,2015-08-07,train,True,1,yahoo,yahoo,,,,yahoo,1,https://leetcode.com/problems/binary-number-with-alternating-bits
694,number-of-distinct-islands,Medium,Depth-First Search; Breadth-First Search; Union Find; Hash Table; Hash Function,2015-08-07,train,True,9,amazon; apple; bloomberg; facebook; google; lyft; microsoft; oracle; uber,amazon; facebook; google; apple; bloomberg; microsoft; uber; oracle; lyft,amazon; bloomberg; facebook,amazon; apple; bloomberg; facebook; microsoft; oracle; uber,amazon; apple; bloomberg; facebook; google; lyft; microsoft; oracle; uber,amazon; apple; bloomberg; facebook; google; lyft; microsoft; oracle; uber,28,https://leetcode.com/problems/number-of-distinct-islands
695,max-area-of-island,Medium,Depth-First Search; Breadth-First Search; Union Find; Array; Matrix,2015-08-07,train,True,20,adobe; affirm; amazon; apple; bloomberg; bytedance; cruise-automation; doordash; facebook; google; intuit; mathworks; microsoft; oracle; palantir-technologies; qualtrics; twitch; uber; wish; zillow,amazon; google; facebook; doordash; microsoft; qualtrics; affirm; bloomberg; twitch; bytedance; uber; apple; intuit; oracle; wish; adobe; cruise-automation; mathworks; palantir-technologies; zillow,amazon; bloomberg; bytedance; cruise-automation; doordash; facebook; google; microsoft; twitch,amazon; apple; bloomberg; bytedance; cruise-automation; doordash; facebook; google; microsoft; oracle; palantir-technologies; qualtrics; twitch; wish,adobe; affirm; amazon; apple; bloomberg; bytedance; cruise-automation; doordash; facebook; google; mathworks; microsoft; oracle; palantir-technologies; qualtrics; twitch; uber; wish; zillow,adobe; affirm; amazon; apple; bloomberg; bytedance; cruise-automation; doordash; facebook; google; intuit; mathworks; microsoft; oracle; palantir-technologies; qualtrics; twitch; uber; wish; zillow,62,https://leetcode.com/problems/max-area-of-island
696,count-binary-substrings,Easy,Two Pointers; String,2015-08-07,train,True,1,helix,helix,,,,helix,1,https://leetcode.com/problems/count-binary-substrings
697,degree-of-an-array,Easy,Array; Hash Table,2015-08-07,train,True,7,citrix; ge-digital; ixl; mathworks; robinhood; visa; vmware,mathworks; ixl; vmware; citrix; robinhood; visa; ge-digital,vmware,citrix; mathworks; vmware,citrix; ixl; mathworks; robinhood; visa; vmware,citrix; ge-digital; ixl; mathworks; robinhood; visa; vmware,17,https://leetcode.com/problems/degree-of-an-array
698,partition-to-k-equal-sum-subsets,Medium,Bit Manipulation; Memoization; Array; Dynamic Programming; Backtracking; Bitmask,2015-08-07,train,True,10,amazon; bytedance; ebay; facebook; google; houzz; linkedin; microsoft; pinterest; vmware,linkedin; amazon; google; microsoft; facebook; vmware; bytedance; ebay; houzz; pinterest,amazon; bytedance; facebook; linkedin; pinterest,amazon; bytedance; ebay; facebook; google; linkedin; pinterest,amazon; bytedance; ebay; facebook; google; houzz; linkedin; microsoft; pinterest; vmware,amazon; bytedance; ebay; facebook; google; houzz; linkedin; microsoft; pinterest; vmware,32,https://leetcode.com/problems/partition-to-k-equal-sum-subsets
699,falling-squares,Hard,Segment Tree; Array; Ordered Set,2015-08-07,train,True,3,amazon; square; uber,amazon; uber; square,,,amazon,amazon; square; uber,4,https://leetcode.com/problems/falling-squares
700,search-in-a-binary-search-tree,Easy,Tree; Binary Search Tree; Binary Tree,2015-08-07,train,True,4,adobe; apple; google; ibm,ibm; apple; adobe; google,,apple,adobe; apple; google; ibm,adobe; apple; google; ibm,9,https://leetcode.com/problems/search-in-a-binary-search-tree
701,insert-into-a-binary-search-tree,Medium,Tree; Binary Search Tree; Binary Tree,2015-08-07,train,True,5,amazon; atlassian; facebook; google; microsoft,amazon; microsoft; google; facebook; atlassian,amazon; microsoft,amazon; atlassian; microsoft,amazon; atlassian; facebook; google; microsoft,amazon; atlassian; facebook; google; microsoft,15,https://leetcode.com/problems/insert-into-a-binary-search-tree
704,binary-search,Easy,Array; Binary Search,2015-08-07,train,True,2,amazon; microsoft,microsoft; amazon,amazon,amazon,amazon; microsoft,amazon; microsoft,6,https://leetcode.com/problems/binary-search
709,to-lower-case,Easy,String,2015-08-07,train,True,3,adobe; apple; google,apple; adobe; google,,,adobe; apple; google,adobe; apple; google,6,https://leetcode.com/problems/to-lower-case
711,number-of-distinct-islands-ii,Hard,Depth-First Search; Breadth-First Search; Union Find; Hash Table; Hash Function,2015-08-07,train,True,1,amazon,amazon,,,amazon,amazon,2,https://leetcode.com/problems/number-of-distinct-islands-ii
712,minimum-ascii-delete-sum-for-two-strings,Medium,String; Dynamic Programming,2015-08-07,train,True,1,triplebyte,triplebyte,,,triplebyte,triplebyte,2,https://leetcode.com/problems/minimum-ascii-delete-sum-for-two-strings
713,subarray-product-less-than-k,Medium,Array; Binary Search; Prefix Sum; Sliding Window,2015-08-07,train,True,6,akuna-capital; atlassian; coursera; expedia; google; yatra,akuna-capital; coursera; expedia; google; atlassian; yatra,,akuna-capital,akuna-capital; atlassian; coursera; expedia; google,akuna-capital; atlassian; coursera; expedia; google; yatra,12,https://leetcode.com/problems/subarray-product-less-than-k
714,best-time-to-buy-and-sell-stock-with-transaction-fee,Medium,Greedy; Array; Dynamic Programming,2015-08-07,train,True,4,amazon; bloomberg; facebook; google,facebook; google; amazon; bloomberg,amazon,amazon,amazon; facebook; google,amazon; bloomberg; facebook; google,9,https://leetcode.com/problems/best-time-to-buy-and-sell-stock-with-transaction-fee
717,1-bit-and-2-bit-characters,Easy,Array,2015-08-07,train,True,4,google; ixl; microsoft; quora,ixl; microsoft; google; quora,,microsoft,google; ixl; microsoft,google; ixl; microsoft; quora,8,https://leetcode.com/problems/1-bit-and-2-bit-characters
718,maximum-length-of-repeated-subarray,Medium,Array; Binary Search; Dynamic Programming; Sliding Window; Hash Function; Rolling Hash,2015-08-07,train,True,6,citadel; indeed; intuit; karat; pinterest; wayfair,indeed; intuit; pinterest; karat; wayfair; citadel,indeed; karat,indeed; karat; wayfair,indeed; intuit; karat; pinterest; wayfair,citadel; indeed; intuit; karat; pinterest; wayfair,16,https://leetcode.com/problems/maximum-length-of-repeated-subarray
719,find-k-th-smallest-pair-distance,Hard,Array; Two Pointers; Binary Search; Sorting,2015-08-07,train,True,2,amazon; google,amazon; google,,google,amazon; google,amazon; google,5,https://leetcode.com/problems/find-k-th-smallest-pair-distance
720,longest-word-in-dictionary,Medium,Trie; Array; Hash Table; String; Sorting,2015-08-07,train,True,4,amazon; goldman-sachs; google; pinterest,google; amazon; goldman-sachs; pinterest,,goldman-sachs; google,amazon; goldman-sachs; google,amazon; goldman-sachs; google; pinterest,9,https://leetcode.com/problems/longest-word-in-dictionary
721,accounts-merge,Medium,Depth-First Search; Breadth-First Search; Union Find; Array; Hash Table; String; Sorting,2015-08-07,train,True,9,amazon; apple; bloomberg; facebook; google; houzz; linkedin; microsoft; oracle,facebook; amazon; google; houzz; linkedin; microsoft; bloomberg; apple; oracle,amazon; bloomberg; facebook; google; linkedin,amazon; bloomberg; facebook; google; houzz; linkedin; microsoft; oracle,amazon; apple; bloomberg; facebook; google; houzz; linkedin; microsoft; oracle,amazon; apple; bloomberg; facebook; google; houzz; linkedin; microsoft; oracle,31,https://leetcode.com/problems/accounts-merge
722,remove-comments,Medium,Array; String,2015-08-07,train,True,8,databricks; goldman-sachs; google; hbo; microsoft; oracle; qualtrics; uber,google; microsoft; goldman-sachs; databricks; oracle; uber; hbo; qualtrics,databricks; google; microsoft,databricks; goldman-sachs; google; microsoft; oracle,databricks; goldman-sachs; google; hbo; microsoft; oracle; qualtrics; uber,databricks; goldman-sachs; google; hbo; microsoft; oracle; qualtrics; uber,24,https://leetcode.com/problems/remove-comments
723,candy-crush,Medium,Array; Two Pointers; Matrix; Simulation,2015-08-07,train,True,5,bloomberg; facebook; google; rubrik; twitch,bloomberg; google; facebook; twitch; rubrik,bloomberg; facebook; google,bloomberg; facebook; google; twitch,bloomberg; facebook; google; twitch,bloomberg; facebook; google; rubrik; twitch,16,https://leetcode.com/problems/candy-crush
724,find-pivot-index,Easy,Array; Prefix Sum,2015-08-07,train,True,15,amazon; apple; bloomberg; citadel; coupang; expedia; facebook; godaddy; goldman-sachs; google; indeed; microsoft; radius; salesforce; tesla,google; facebook; apple; microsoft; amazon; goldman-sachs; bloomberg; expedia; tesla; citadel; godaddy; salesforce; indeed; coupang; radius,amazon; bloomberg; facebook; goldman-sachs; microsoft,amazon; apple; bloomberg; expedia; facebook; goldman-sachs; google; microsoft; salesforce,amazon; apple; bloomberg; citadel; expedia; facebook; godaddy; goldman-sachs; google; indeed; microsoft; salesforce; tesla,amazon; apple; bloomberg; citadel; coupang; expedia; facebook; godaddy; goldman-sachs; google; indeed; microsoft; radius; salesforce; tesla,42,https://leetcode.com/problems/find-pivot-index
726,number-of-atoms,Hard,Stack; Hash Table; String; Sorting,2015-08-07,train,True,6,adobe; amazon; bytedance; facebook; google; pinterest,amazon; bytedance; google; adobe; facebook; pinterest,amazon; bytedance,amazon; bytedance; google,adobe; amazon; bytedance; facebook; google; pinterest,adobe; amazon; bytedance; facebook; google; pinterest,17,https://leetcode.com/problems/number-of-atoms
727,minimum-window-subsequence,Hard,String; Dynamic Programming; Sliding Window,2015-08-07,train,True,6,amazon; bloomberg; ebay; google; houzz; microsoft,google; amazon; microsoft; bloomberg; houzz; ebay,google; microsoft,amazon; bloomberg; google; microsoft,amazon; bloomberg; google; houzz; microsoft,amazon; bloomberg; ebay; google; houzz; microsoft,17,https://leetcode.com/problems/minimum-window-subsequence
728,self-dividing-numbers,Easy,Math,2015-08-07,train,True,3,adobe; epic-systems; tesla,adobe; tesla; epic-systems,,adobe,adobe; tesla,adobe; epic-systems; tesla,6,https://leetcode.com/problems/self-dividing-numbers
730,count-different-palindromic-subsequences,Hard,String; Dynamic Programming,2015-08-07,train,True,4,facebook; google; linkedin; pure-storage,linkedin; pure-storage; facebook; google,,facebook; linkedin,facebook; google; linkedin; pure-storage,facebook; google; linkedin; pure-storage,10,https://leetcode.com/problems/count-different-palindromic-subsequences
733,flood-fill,Easy,Depth-First Search; Breadth-First Search; Array; Matrix,2015-08-07,train,True,11,amazon; apple; bloomberg; facebook; google; microsoft; palantir-technologies; qualtrics; snapchat; uber; vmware,amazon; microsoft; google; apple; palantir-technologies; uber; qualtrics; vmware; bloomberg; facebook; snapchat,amazon; apple; google; microsoft; vmware,amazon; apple; facebook; google; microsoft; palantir-technologies; qualtrics; snapchat; vmware,amazon; apple; bloomberg; facebook; google; microsoft; palantir-technologies; qualtrics; snapchat; uber; vmware,amazon; apple; bloomberg; facebook; google; microsoft; palantir-technologies; qualtrics; snapchat; uber; vmware,36,https://leetcode.com/problems/flood-fill
734,sentence-similarity,Easy,Array; Hash Table; String,2015-08-07,train,True,1,google,google,,google,google,google,3,https://leetcode.com/problems/sentence-similarity
735,asteroid-collision,Medium,Stack; Array; Simulation,2015-08-07,train,True,9,amazon; bytedance; ebay; google; lyft; microsoft; paypal; uber; visa,lyft; amazon; google; visa; bytedance; ebay; microsoft; paypal; uber,amazon; bytedance; google; lyft,amazon; bytedance; google; lyft,amazon; bytedance; ebay; google; lyft; microsoft; paypal; visa,amazon; bytedance; ebay; google; lyft; microsoft; paypal; uber; visa,25,https://leetcode.com/problems/asteroid-collision
736,parse-lisp-expression,Hard,Stack; Recursion; Hash Table; String,2015-08-07,train,True,2,affirm; google,google; affirm,google,google,affirm; google,affirm; google,6,https://leetcode.com/problems/parse-lisp-expression
737,sentence-similarity-ii,Medium,Depth-First Search; Breadth-First Search; Union Find; Array; Hash Table; String,2015-08-07,train,True,3,amazon; bloomberg; google,google; amazon; bloomberg,amazon,amazon; google,amazon; bloomberg; google,amazon; bloomberg; google,9,https://leetcode.com/problems/sentence-similarity-ii
738,monotone-increasing-digits,Medium,Greedy; Math,2015-08-07,train,True,2,amazon; sap,sap; amazon,,sap,sap,amazon; sap,4,https://leetcode.com/problems/monotone-increasing-digits
739,daily-temperatures,Medium,Stack; Array; Monotonic Stack,2015-08-07,train,True,14,adobe; amazon; apple; bloomberg; cisco; expedia; facebook; goldman-sachs; google; linkedin; microsoft; nvidia; uber; zillow,amazon; google; bloomberg; linkedin; adobe; apple; zillow; microsoft; facebook; uber; expedia; goldman-sachs; cisco; nvidia,adobe; amazon; cisco; linkedin,adobe; amazon; apple; cisco; expedia; goldman-sachs; google; linkedin; microsoft,adobe; amazon; apple; bloomberg; cisco; expedia; facebook; goldman-sachs; google; linkedin; microsoft; nvidia; uber; zillow,adobe; amazon; apple; bloomberg; cisco; expedia; facebook; goldman-sachs; google; linkedin; microsoft; nvidia; uber; zillow,41,https://leetcode.com/problems/daily-temperatures
740,delete-and-earn,Medium,Array; Hash Table; Dynamic Programming,2015-08-07,train,True,3,akuna-capital; pocket-gems; uber,pocket-gems; uber; akuna-capital,,pocket-gems,pocket-gems; uber,akuna-capital; pocket-gems; uber,6,https://leetcode.com/problems/delete-and-earn
741,cherry-pickup,Hard,Array; Dynamic Programming; Matrix,2015-08-07,train,True,10,adobe; akuna-capital; amazon; apple; citrix; flipkart; google; mathworks; oracle; uber,uber; adobe; citrix; google; mathworks; amazon; apple; flipkart; oracle; akuna-capital,google,adobe; amazon; apple; citrix; flipkart; google; mathworks; oracle; uber,adobe; amazon; apple; citrix; flipkart; google; mathworks; oracle; uber,adobe; akuna-capital; amazon; apple; citrix; flipkart; google; mathworks; oracle; uber,29,https://leetcode.com/problems/cherry-pickup
742,closest-leaf-in-a-binary-tree,Medium,Tree; Depth-First Search; Breadth-First Search; Binary Tree,2015-08-07,train,True,4,amazon; databricks; facebook; google,databricks; google; facebook; amazon,facebook,databricks; facebook,amazon; databricks; facebook; google,amazon; databricks; facebook; google,11,https://leetcode.com/problems/closest-leaf-in-a-binary-tree
743,network-delay-time,Medium,Depth-First Search; Breadth-First Search; Graph; Shortest Path; Heap (Priority Queue),2015-08-07,train,True,4,akuna-capital; amazon; google; microsoft,google; amazon; akuna-capital; microsoft,amazon; google,amazon; google,amazon; google; microsoft,akuna-capital; amazon; google; microsoft,11,https://leetcode.com/problems/network-delay-time
744,find-smallest-letter-greater-than-target,Easy,Array; Binary Search,2015-08-07,train,True,1,linkedin,linkedin,,,linkedin,linkedin,2,https://leetcode.com/problems/find-smallest-letter-greater-than-target
746,min-cost-climbing-stairs,Easy,Array; Dynamic Programming,2015-08-07,train,True,3,amazon; bloomberg; yahoo,amazon; yahoo; bloomberg,,,amazon; bloomberg; yahoo,amazon; bloomberg; yahoo,6,https://leetcode.com/problems/min-cost-climbing-stairs
747,largest-number-at-least-twice-of-others,Easy,Array; Sorting,2015-08-07,train,True,1,google,google,,,google,google,2,https://leetcode.com/problems/largest-number-at-least-twice-of-others
748,shortest-completing-word,Easy,Array; Hash Table; String,2015-08-07,train,True,1,google,google,,,google,google,2,https://leetcode.com/problems/shortest-completing-word
749,contain-virus,Hard,Depth-First Search; Breadth-First Search; Array; Matrix; Simulation,2015-08-07,train,True,1,bloomberg,bloomberg,,,,bloomberg,1,https://leetcode.com/problems/contain-virus
750,number-of-corner-rectangles,Medium,Array; Math; Dynamic Programming; Matrix,2015-08-07,train,True,2,facebook; google,google; facebook,,,google,facebook; google,3,https://leetcode.com/problems/number-of-corner-rectangles
751,ip-to-cidr,Medium,Bit Manipulation; String,2015-08-07,train,True,1,airbnb,airbnb,,,airbnb,airbnb,2,https://leetcode.com/problems/ip-to-cidr
752,open-the-lock,Medium,Breadth-First Search; Array; Hash Table; String,2015-08-07,train,True,5,amazon; bloomberg; facebook; google; uber,google; facebook; amazon; uber; bloomberg,bloomberg; google,bloomberg; google; uber,amazon; bloomberg; facebook; google; uber,amazon; bloomberg; facebook; google; uber,15,https://leetcode.com/problems/open-the-lock
753,cracking-the-safe,Hard,Depth-First Search; Graph; Eulerian Circuit,2015-08-07,train,True,1,google,google,google,google,google,google,4,https://leetcode.com/problems/cracking-the-safe
754,reach-a-number,Medium,Math; Binary Search,2015-08-07,train,True,1,inmobi,inmobi,,,,inmobi,1,https://leetcode.com/problems/reach-a-number
755,pour-water,Medium,Array; Simulation,2015-08-07,train,True,2,airbnb; robinhood,airbnb; robinhood,,airbnb; robinhood,airbnb; robinhood,airbnb; robinhood,6,https://leetcode.com/problems/pour-water
756,pyramid-transition-matrix,Medium,Bit Manipulation; Depth-First Search; Breadth-First Search,2015-08-07,train,True,3,airbnb; amazon; google,airbnb; amazon; google,amazon,amazon,airbnb; amazon,airbnb; amazon; google,7,https://leetcode.com/problems/pyramid-transition-matrix
757,set-intersection-size-at-least-two,Hard,Greedy; Array; Sorting,2015-08-07,train,True,2,drawbridge; uber,uber; drawbridge,uber,uber,uber,drawbridge; uber,5,https://leetcode.com/problems/set-intersection-size-at-least-two
758,bold-words-in-string,Medium,Trie; Array; Hash Table; String; String Matching,2015-08-07,train,True,1,google,google,,,,google,1,https://leetcode.com/problems/bold-words-in-string
760,find-anagram-mappings,Easy,Array; Hash Table,2015-08-07,train,True,1,google,google,,,,google,1,https://leetcode.com/problems/find-anagram-mappings
761,special-binary-string,Hard,Recursion; String,2015-08-07,train,True,4,citrix; coursera; quip; visa,coursera; citrix; quip; visa,,citrix; visa,citrix; coursera; visa,citrix; coursera; quip; visa,9,https://leetcode.com/problems/special-binary-string
762,prime-number-of-set-bits-in-binary-representation,Easy,Bit Manipulation; Math,2015-08-07,train,True,1,amazon,amazon,,,,amazon,1,https://leetcode.com/problems/prime-number-of-set-bits-in-binary-representation
763,partition-labels,Medium,Greedy; Hash Table; Two Pointers; String,2015-08-07,train,True,3,amazon; apple; facebook,amazon; apple; facebook,amazon,amazon; apple; facebook,amazon; apple; facebook,amazon; apple; facebook,10,https://leetcode.com/problems/partition-labels
764,largest-plus-sign,Medium,Array; Dynamic Programming,2015-08-07,train,True,2,facebook; google,google; facebook,,,google,facebook; google,3,https://leetcode.com/problems/largest-plus-sign
765,couples-holding-hands,Hard,Greedy; Depth-First Search; Breadth-First Search; Union Find; Graph,2015-08-07,train,True,2,amazon; google,amazon; google,,,amazon; google,amazon; google,4,https://leetcode.com/problems/couples-holding-hands
766,toeplitz-matrix,Easy,Array; Matrix,2015-08-07,train,True,3,apple; facebook; google,google; facebook; apple,facebook,facebook; google,apple; facebook; google,apple; facebook; google,9,https://leetcode.com/problems/toeplitz-matrix
767,reorganize-string,Medium,Greedy; Hash Table; String; Counting; Sorting; Heap (Priority Queue),2015-08-07,train,True,12,amazon; apple; ebay; facebook; google; microsoft; oracle; qualtrics; tesla; twitch; twitter; uber,facebook; amazon; google; microsoft; uber; apple; oracle; twitter; ebay; qualtrics; tesla; twitch,amazon; apple; ebay; facebook; google; microsoft; oracle,amazon; apple; ebay; facebook; google; microsoft; oracle; qualtrics; twitter,amazon; apple; ebay; facebook; google; microsoft; oracle; qualtrics; tesla; twitch; twitter; uber,amazon; apple; ebay; facebook; google; microsoft; oracle; qualtrics; tesla; twitch; twitter; uber,40,https://leetcode.com/problems/reorganize-string
768,max-chunks-to-make-sorted-ii,Hard,Stack; Greedy; Array; Sorting; Monotonic Stack,2015-08-07,train,True,2,google; microsoft,google; microsoft,,microsoft,google; microsoft,google; microsoft,5,https://leetcode.com/problems/max-chunks-to-make-sorted-ii
769,max-chunks-to-make-sorted,Medium,Stack; Greedy; Array; Sorting; Monotonic Stack,2015-08-07,train,True,3,google; microsoft; uber,google; microsoft; uber,,google; microsoft,google; microsoft; uber,google; microsoft; uber,8,https://leetcode.com/problems/max-chunks-to-make-sorted
770,basic-calculator-iv,Hard,Stack; Recursion; Hash Table; Math; String,2015-08-07,train,True,6,amazon; google; indeed; intuit; pinterest; roblox,intuit; roblox; amazon; indeed; google; pinterest,roblox,amazon; indeed; roblox,amazon; google; indeed; intuit; pinterest; roblox,amazon; google; indeed; intuit; pinterest; roblox,16,https://leetcode.com/problems/basic-calculator-iv
771,jewels-and-stones,Easy,Hash Table; String,2015-08-07,train,True,6,adobe; amazon; apple; facebook; google; yahoo,adobe; google; amazon; apple; yahoo; facebook,amazon,amazon; apple,adobe; amazon; apple; facebook; google; yahoo,adobe; amazon; apple; facebook; google; yahoo,15,https://leetcode.com/problems/jewels-and-stones
772,basic-calculator-iii,Hard,Stack; Recursion; Math; String,2015-08-07,train,True,14,amazon; apple; bytedance; doordash; facebook; google; houzz; hulu; jingchi; microsoft; pinterest; pocket-gems; snapchat; uber,amazon; google; facebook; uber; microsoft; snapchat; pinterest; apple; bytedance; jingchi; doordash; houzz; hulu; pocket-gems,amazon; bytedance; facebook,amazon; bytedance; facebook; google; microsoft; snapchat; uber,amazon; apple; bytedance; facebook; google; microsoft; pinterest; snapchat; uber,amazon; apple; bytedance; doordash; facebook; google; houzz; hulu; jingchi; microsoft; pinterest; pocket-gems; snapchat; uber,33,https://leetcode.com/problems/basic-calculator-iii
773,sliding-puzzle,Hard,Breadth-First Search; Memoization; Array; Dynamic Programming; Backtracking; Matrix,2015-08-07,train,True,6,airbnb; amazon; facebook; google; microsoft; uber,airbnb; uber; google; amazon; microsoft; facebook,facebook; google; microsoft; uber,airbnb; facebook; google; microsoft; uber,airbnb; amazon; facebook; google; microsoft; uber,airbnb; amazon; facebook; google; microsoft; uber,21,https://leetcode.com/problems/sliding-puzzle
774,minimize-max-distance-to-gas-station,Hard,Array; Binary Search,2015-08-07,train,True,1,google,google,,google,google,google,3,https://leetcode.com/problems/minimize-max-distance-to-gas-station
775,global-and-local-inversions,Medium,Array; Math,2015-08-07,train,True,1,amazon,amazon,amazon,amazon,amazon,amazon,4,https://leetcode.com/problems/global-and-local-inversions
777,swap-adjacent-in-lr-string,Medium,Two Pointers; String,2015-08-07,train,True,2,bytedance; google,google; bytedance,bytedance; google,bytedance; google,bytedance; google,bytedance; google,8,https://leetcode.com/problems/swap-adjacent-in-lr-string
778,swim-in-rising-water,Hard,Depth-First Search; Breadth-First Search; Union Find; Array; Binary Search; Matrix; Heap (Priority Queue),2015-08-07,train,True,2,facebook; google,google; facebook,google,facebook; google,facebook; google,facebook; google,7,https://leetcode.com/problems/swim-in-rising-water
779,k-th-symbol-in-grammar,Medium,Bit Manipulation; Recursion; Math,2015-08-07,train,True,2,amazon; google,amazon; google,,,amazon,amazon; google,3,https://leetcode.com/problems/k-th-symbol-in-grammar
780,reaching-points,Hard,Math,2015-08-07,train,True,7,coursera; goldman-sachs; google; quora; salesforce; twitter; uber,twitter; goldman-sachs; uber; salesforce; coursera; google; quora,goldman-sachs; twitter,goldman-sachs; quora; twitter; uber,coursera; goldman-sachs; google; quora; salesforce; twitter; uber,coursera; goldman-sachs; google; quora; salesforce; twitter; uber,20,https://leetcode.com/problems/reaching-points
781,rabbits-in-forest,Medium,Greedy; Array; Hash Table; Math,2015-08-07,train,True,1,wish,wish,,,,wish,1,https://leetcode.com/problems/rabbits-in-forest
782,transform-to-chessboard,Hard,Bit Manipulation; Array; Math; Matrix,2015-08-07,train,True,1,google,google,,,,google,1,https://leetcode.com/problems/transform-to-chessboard
783,minimum-distance-between-bst-nodes,Easy,Tree; Depth-First Search; Breadth-First Search; Binary Search Tree; Binary Tree,2015-08-07,train,True,2,amazon; google,amazon; google,,,amazon,amazon; google,3,https://leetcode.com/problems/minimum-distance-between-bst-nodes
784,letter-case-permutation,Medium,Bit Manipulation; String; Backtracking,2015-08-07,train,True,6,amazon; bloomberg; facebook; microsoft; spotify; yelp,microsoft; amazon; bloomberg; yelp; spotify; facebook,amazon; bloomberg; spotify,amazon; bloomberg; microsoft; spotify,amazon; bloomberg; microsoft; spotify,amazon; bloomberg; facebook; microsoft; spotify; yelp,17,https://leetcode.com/problems/letter-case-permutation
785,is-graph-bipartite,Medium,Depth-First Search; Breadth-First Search; Union Find; Graph,2015-08-07,train,True,7,amazon; ebay; facebook; google; linkedin; liveramp; microsoft,facebook; amazon; google; microsoft; liveramp; linkedin; ebay,amazon; ebay; facebook,amazon; ebay; facebook; google; linkedin; microsoft,amazon; ebay; facebook; google; linkedin; liveramp; microsoft,amazon; ebay; facebook; google; linkedin; liveramp; microsoft,23,https://leetcode.com/problems/is-graph-bipartite
786,k-th-smallest-prime-fraction,Medium,Array; Two Pointers; Binary Search; Sorting; Heap (Priority Queue),2015-08-07,train,True,1,ponyai,ponyai,,,ponyai,ponyai,2,https://leetcode.com/problems/k-th-smallest-prime-fraction
787,cheapest-flights-within-k-stops,Medium,Depth-First Search; Breadth-First Search; Graph; Dynamic Programming; Shortest Path; Heap (Priority Queue),2015-08-07,train,True,7,airbnb; amazon; bloomberg; ebay; facebook; google; microsoft,airbnb; amazon; google; facebook; bloomberg; ebay; microsoft,amazon; ebay; facebook,airbnb; amazon; ebay; facebook,airbnb; amazon; bloomberg; ebay; facebook; google; microsoft,airbnb; amazon; bloomberg; ebay; facebook; google; microsoft,21,https://leetcode.com/problems/cheapest-flights-within-k-stops
788,rotated-digits,Medium,Math; Dynamic Programming,2015-08-07,train,True,3,facebook; google; microsoft,google; facebook; microsoft,,facebook,facebook; google; microsoft,facebook; google; microsoft,7,https://leetcode.com/problems/rotated-digits
789,escape-the-ghosts,Medium,Array; Math,2015-08-07,train,True,1,google,google,,,,google,1,https://leetcode.com/problems/escape-the-ghosts
790,domino-and-tromino-tiling,Medium,Dynamic Programming,2015-08-07,train,True,1,google,google,,,,google,1,https://leetcode.com/problems/domino-and-tromino-tiling
791,custom-sort-string,Medium,Hash Table; String; Sorting,2015-08-07,train,True,4,amazon; facebook; google; uber,facebook; google; amazon; uber,facebook; google,facebook; google,amazon; facebook; google; uber,amazon; facebook; google; uber,12,https://leetcode.com/problems/custom-sort-string
792,number-of-matching-subsequences,Medium,Trie; Array; Hash Table; String; Binary Search; Dynamic Programming; Sorting,2015-08-07,train,True,3,amazon; facebook; google,google; amazon; facebook,google,google,amazon; facebook; google,amazon; facebook; google,8,https://leetcode.com/problems/number-of-matching-subsequences
793,preimage-size-of-factorial-zeroes-function,Hard,Math; Binary Search,2015-08-07,train,True,1,adobe,adobe,,,,adobe,1,https://leetcode.com/problems/preimage-size-of-factorial-zeroes-function
794,valid-tic-tac-toe-state,Medium,Array; Matrix,2015-08-07,train,True,5,amazon; facebook; google; microsoft; oracle,microsoft; amazon; google; facebook; oracle,,amazon; google; microsoft,amazon; facebook; google; microsoft; oracle,amazon; facebook; google; microsoft; oracle,13,https://leetcode.com/problems/valid-tic-tac-toe-state
795,number-of-subarrays-with-bounded-maximum,Medium,Array; Two Pointers,2015-08-07,train,True,1,adobe,adobe,,,,adobe,1,https://leetcode.com/problems/number-of-subarrays-with-bounded-maximum
796,rotate-string,Easy,String; String Matching,2015-08-07,train,True,6,amazon; apple; ebay; linkedin; microsoft; oracle,amazon; apple; linkedin; ebay; microsoft; oracle,,amazon; apple; linkedin,amazon; apple; ebay; linkedin; microsoft; oracle,amazon; apple; ebay; linkedin; microsoft; oracle,15,https://leetcode.com/problems/rotate-string
797,all-paths-from-source-to-target,Medium,Depth-First Search; Breadth-First Search; Graph; Backtracking,2015-08-07,train,True,2,amazon; bloomberg,bloomberg; amazon,amazon; bloomberg,amazon; bloomberg,amazon; bloomberg,amazon; bloomberg,8,https://leetcode.com/problems/all-paths-from-source-to-target
798,smallest-rotation-with-highest-score,Hard,Array; Prefix Sum,2015-08-07,train,False,0,,,,,,,0,https://leetcode.com/problems/smallest-rotation-with-highest-score
799,champagne-tower,Medium,Dynamic Programming,2015-08-07,train,True,1,google,google,,,google,google,2,https://leetcode.com/problems/champagne-tower
800,similar-rgb-color,Easy,Math; String; Enumeration,2015-08-07,train,True,1,google,google,,,google,google,2,https://leetcode.com/problems/similar-rgb-color
801,minimum-swaps-to-make-sequences-increasing,Hard,Array; Dynamic Programming,2015-08-07,train,True,3,amazon; facebook; google,google; amazon; facebook,,amazon; google,amazon; google,amazon; facebook; google,7,https://leetcode.com/problems/minimum-swaps-to-make-sequences-increasing
802,find-eventual-safe-states,Medium,Depth-First Search; Breadth-First Search; Graph; Topological Sort,2015-08-07,train,True,1,google,google,,google,google,google,3,https://leetcode.com/problems/find-eventual-safe-states
803,bricks-falling-when-hit,Hard,Union Find; Array; Matrix,2015-08-07,train,True,1,google,google,google,google,google,google,4,https://leetcode.com/problems/bricks-falling-when-hit
804,unique-morse-code-words,Easy,Array; Hash Table; String,2015-08-07,train,True,2,apple; google,google; apple,,,apple; google,apple; google,4,https://leetcode.com/problems/unique-morse-code-words
805,split-array-with-same-average,Hard,Bit Manipulation; Array; Math; Dynamic Programming; Bitmask,2015-08-07,train,True,4,amazon; google; microsoft; uber,amazon; google; microsoft; uber,,amazon,amazon; google; microsoft; uber,amazon; google; microsoft; uber,9,https://leetcode.com/problems/split-array-with-same-average
806,number-of-lines-to-write-string,Easy,Array; String,2015-08-07,train,True,1,google,google,,,google,google,2,https://leetcode.com/problems/number-of-lines-to-write-string
807,max-increase-to-keep-city-skyline,Medium,Greedy; Array; Matrix,2015-08-07,train,True,2,amazon; google,google; amazon,,,amazon; google,amazon; google,4,https://leetcode.com/problems/max-increase-to-keep-city-skyline
808,soup-servings,Medium,Math; Dynamic Programming; Probability and Statistics,2015-08-07,train,True,1,google,google,,,,google,1,https://leetcode.com/problems/soup-servings
809,expressive-words,Medium,Array; Two Pointers; String,2015-08-07,train,True,1,google,google,google,google,google,google,4,https://leetcode.com/problems/expressive-words
810,chalkboard-xor-game,Hard,Bit Manipulation; Brainteaser; Array; Math; Game Theory,2015-08-07,train,True,1,garena,garena,,,,garena,1,https://leetcode.com/problems/chalkboard-xor-game
811,subdomain-visit-count,Medium,Array; Hash Table; String; Counting,2015-08-07,train,True,10,amazon; apple; citrix; google; indeed; intuit; karat; pinterest; roblox; wayfair,intuit; roblox; indeed; pinterest; karat; citrix; wayfair; amazon; google; apple,indeed; intuit; karat; roblox,indeed; intuit; karat; pinterest; roblox; wayfair,amazon; apple; citrix; google; indeed; intuit; karat; pinterest; roblox; wayfair,amazon; apple; citrix; google; indeed; intuit; karat; pinterest; roblox; wayfair,30,https://leetcode.com/problems/subdomain-visit-count
812,largest-triangle-area,Easy,Geometry; Array; Math,2015-08-07,train,True,1,google,google,,,,google,1,https://leetcode.com/problems/largest-triangle-area
813,largest-sum-of-averages,Medium,Array; Dynamic Programming; Prefix Sum,2015-08-07,train,True,2,bloomberg; google,bloomberg; google,,bloomberg,bloomberg,bloomberg; google,4,https://leetcode.com/problems/largest-sum-of-averages
814,binary-tree-pruning,Medium,Tree; Depth-First Search; Binary Tree,2015-08-07,train,True,5,amazon; capital-one; google; hulu; twitter,capital-one; amazon; google; twitter; hulu,capital-one,capital-one; google,amazon; capital-one; google; twitter,amazon; capital-one; google; hulu; twitter,12,https://leetcode.com/problems/binary-tree-pruning
815,bus-routes,Hard,Breadth-First Search; Array; Hash Table,2015-08-07,train,True,4,amazon; didi; google; uber,google; amazon; uber; didi,amazon; google,amazon; didi; google,amazon; didi; google; uber,amazon; didi; google; uber,13,https://leetcode.com/problems/bus-routes
816,ambiguous-coordinates,Medium,String; Backtracking; Enumeration,2015-08-07,train,True,1,google,google,,,,google,1,https://leetcode.com/problems/ambiguous-coordinates
817,linked-list-components,Medium,Array; Hash Table; Linked List,2015-08-07,train,True,1,google,google,,google,google,google,3,https://leetcode.com/problems/linked-list-components
818,race-car,Hard,Dynamic Programming,2015-08-07,train,True,1,google,google,google,google,google,google,4,https://leetcode.com/problems/race-car
820,short-encoding-of-words,Medium,Trie; Array; Hash Table; String,2015-08-07,train,False,0,,,,,,,0,https://leetcode.com/problems/short-encoding-of-words
821,shortest-distance-to-a-character,Easy,Array; Two Pointers; String,2015-08-07,train,True,5,apple; atlassian; bloomberg; facebook; google,google; atlassian; bloomberg; apple; facebook,,apple; google,apple; atlassian; bloomberg; facebook; google,apple; atlassian; bloomberg; facebook; google,12,https://leetcode.com/problems/shortest-distance-to-a-character
822,card-flipping-game,Medium,Array; Hash Table,2015-08-07,train,False,0,,,,,,,0,https://leetcode.com/problems/card-flipping-game
823,binary-trees-with-factors,Medium,Array; Hash Table; Dynamic Programming; Sorting,2015-08-07,train,False,0,,,,,,,0,https://leetcode.com/problems/binary-trees-with-factors
824,goat-latin,Easy,String,2015-08-07,train,True,2,facebook; square,facebook; square,facebook,facebook,facebook; square,facebook; square,6,https://leetcode.com/problems/goat-latin
825,friends-of-appropriate-ages,Medium,Array; Two Pointers; Binary Search; Sorting,2015-08-07,train,True,1,facebook,facebook,facebook,facebook,facebook,facebook,4,https://leetcode.com/problems/friends-of-appropriate-ages
826,most-profit-assigning-work,Medium,Greedy; Array; Two Pointers; Binary Search; Sorting,2015-08-07,train,True,4,amazon; netease; nutanix; uber,amazon; nutanix; uber; netease,,,amazon; nutanix; uber,amazon; netease; nutanix; uber,7,https://leetcode.com/problems/most-profit-assigning-work
827,making-a-large-island,Hard,Depth-First Search; Breadth-First Search; Union Find; Array; Matrix,2015-08-07,train,True,4,amazon; facebook; google; uber,amazon; facebook; google; uber,amazon; facebook,amazon; facebook,amazon; facebook; google,amazon; facebook; google; uber,11,https://leetcode.com/problems/making-a-large-island
828,count-unique-characters-of-all-substrings-of-a-given-string,Hard,Hash Table; String; Dynamic Programming,2018-05-06,train,True,3,forusall; microsoft; twitch,twitch; microsoft; forusall,microsoft,microsoft,microsoft; twitch,forusall; microsoft; twitch,7,https://leetcode.com/problems/count-unique-characters-of-all-substrings-of-a-given-string
829,consecutive-numbers-sum,Hard,Math; Enumeration,2018-05-06,train,True,7,citadel; citrix; indeed; roblox; uber; visa; vmware,citadel; roblox; visa; citrix; indeed; uber; vmware,citadel; roblox,citadel; citrix; roblox,citadel; citrix; indeed; roblox; uber; visa; vmware,citadel; citrix; indeed; roblox; uber; visa; vmware,19,https://leetcode.com/problems/consecutive-numbers-sum
830,positions-of-large-groups,Easy,String,2018-05-06,train,True,1,google,google,google,google,google,google,4,https://leetcode.com/problems/positions-of-large-groups
831,masking-personal-information,Medium,String,2018-05-06,train,True,1,twitter,twitter,,,,twitter,1,https://leetcode.com/problems/masking-personal-information
832,flipping-an-image,Easy,Bit Manipulation; Array; Two Pointers; Matrix; Simulation,2018-05-13,train,True,3,facebook; google; microsoft,google; microsoft; facebook,microsoft,microsoft,facebook; microsoft,facebook; google; microsoft,7,https://leetcode.com/problems/flipping-an-image
833,find-and-replace-in-string,Medium,Array; Hash Table; String; Sorting,2018-05-13,train,True,3,google; linkedin; microsoft,google; microsoft; linkedin,google,google; microsoft,google; linkedin; microsoft,google; linkedin; microsoft,9,https://leetcode.com/problems/find-and-replace-in-string
834,sum-of-distances-in-tree,Hard,Tree; Depth-First Search; Graph; Dynamic Programming,2018-05-13,train,True,1,google,google,,,google,google,2,https://leetcode.com/problems/sum-of-distances-in-tree
835,image-overlap,Medium,Array; Matrix,2018-05-13,train,True,1,google,google,,google,google,google,3,https://leetcode.com/problems/image-overlap
836,rectangle-overlap,Easy,Geometry; Math,2018-05-20,train,True,9,adobe; amazon; apple; bloomberg; goldman-sachs; google; mathworks; microsoft; oracle,microsoft; amazon; google; apple; adobe; bloomberg; goldman-sachs; oracle; mathworks,amazon; apple; google,adobe; amazon; apple; goldman-sachs; google; microsoft; oracle,adobe; amazon; apple; bloomberg; goldman-sachs; google; mathworks; microsoft; oracle,adobe; amazon; apple; bloomberg; goldman-sachs; google; mathworks; microsoft; oracle,28,https://leetcode.com/problems/rectangle-overlap
837,new-21-game,Medium,Math; Dynamic Programming; Sliding Window; Probability and Statistics,2018-05-20,train,True,3,apple; google; uber,google; apple; uber,apple; google,apple; google; uber,apple; google; uber,apple; google; uber,11,https://leetcode.com/problems/new-21-game
838,push-dominoes,Medium,Two Pointers; String; Dynamic Programming,2018-05-20,train,True,1,google,google,,,,google,1,https://leetcode.com/problems/push-dominoes
839,similar-string-groups,Hard,Depth-First Search; Breadth-First Search; Union Find; Array; Hash Table; String,2018-05-20,train,True,4,amazon; facebook; google; snapchat,facebook; google; amazon; snapchat,amazon; facebook,amazon; facebook,amazon; facebook; google; snapchat,amazon; facebook; google; snapchat,12,https://leetcode.com/problems/similar-string-groups
840,magic-squares-in-grid,Medium,Array; Hash Table; Math; Matrix,2018-05-27,train,True,2,google; wayfair,google; wayfair,google,google; wayfair,google; wayfair,google; wayfair,7,https://leetcode.com/problems/magic-squares-in-grid
841,keys-and-rooms,Medium,Depth-First Search; Breadth-First Search; Graph,2018-05-27,train,True,2,amazon; google,google; amazon,amazon,amazon,amazon; google,amazon; google,6,https://leetcode.com/problems/keys-and-rooms
842,split-array-into-fibonacci-sequence,Medium,String; Backtracking,2018-05-27,train,True,1,amazon,amazon,,,,amazon,1,https://leetcode.com/problems/split-array-into-fibonacci-sequence
844,backspace-string-compare,Easy,Stack; Two Pointers; String; Simulation,2018-06-03,train,True,7,amazon; atlassian; facebook; google; microsoft; oracle; uber,google; facebook; amazon; microsoft; atlassian; oracle; uber,amazon; facebook; google; microsoft,amazon; facebook; google; microsoft; oracle,amazon; atlassian; facebook; google; microsoft; oracle; uber,amazon; atlassian; facebook; google; microsoft; oracle; uber,23,https://leetcode.com/problems/backspace-string-compare
845,longest-mountain-in-array,Medium,Array; Two Pointers; Dynamic Programming; Enumeration,2018-06-03,train,True,4,cohesity; google; microsoft; wish,google; wish; microsoft; cohesity,google; microsoft,google; microsoft,cohesity; google; microsoft; wish,cohesity; google; microsoft; wish,12,https://leetcode.com/problems/longest-mountain-in-array
846,hand-of-straights,Medium,Greedy; Array; Hash Table; Sorting,2018-06-03,train,True,3,bloomberg; ebay; google,google; ebay; bloomberg,ebay; google,bloomberg; ebay; google,bloomberg; ebay; google,bloomberg; ebay; google,11,https://leetcode.com/problems/hand-of-straights
847,shortest-path-visiting-all-nodes,Hard,Bit Manipulation; Breadth-First Search; Graph; Dynamic Programming; Bitmask,2018-06-03,train,True,3,amazon; google; meituan,amazon; meituan; google,,,amazon; meituan,amazon; google; meituan,5,https://leetcode.com/problems/shortest-path-visiting-all-nodes
848,shifting-letters,Medium,Array; String; Prefix Sum,2018-06-10,train,True,1,facebook,facebook,,,facebook,facebook,2,https://leetcode.com/problems/shifting-letters
849,maximize-distance-to-closest-person,Medium,Array,2018-06-10,train,True,2,amazon; google,google; amazon,amazon,amazon; google,amazon; google,amazon; google,7,https://leetcode.com/problems/maximize-distance-to-closest-person
850,rectangle-area-ii,Hard,Segment Tree; Array; Ordered Set; Line Sweep,2018-06-10,train,True,2,google; sumologic,google; sumologic,google,google; sumologic,google; sumologic,google; sumologic,7,https://leetcode.com/problems/rectangle-area-ii
851,loud-and-rich,Medium,Depth-First Search; Graph; Topological Sort; Array,2018-06-10,train,True,1,amazon,amazon,,,,amazon,1,https://leetcode.com/problems/loud-and-rich
852,peak-index-in-a-mountain-array,Medium,Array; Binary Search,2018-06-17,train,True,7,amazon; bloomberg; facebook; google; microsoft; quora; uber,google; facebook; amazon; bloomberg; microsoft; quora; uber,amazon; facebook; uber,amazon; bloomberg; facebook; google; uber,amazon; bloomberg; facebook; google; microsoft; quora; uber,amazon; bloomberg; facebook; google; microsoft; quora; uber,22,https://leetcode.com/problems/peak-index-in-a-mountain-array
853,car-fleet,Medium,Stack; Array; Sorting; Monotonic Stack,2018-06-17,train,True,1,google,google,,google,google,google,3,https://leetcode.com/problems/car-fleet
854,k-similar-strings,Hard,Breadth-First Search; String,2018-06-17,train,True,2,amazon; google,amazon; google,,amazon,amazon,amazon; google,4,https://leetcode.com/problems/k-similar-strings
856,score-of-parentheses,Medium,Stack; String,2018-06-24,train,True,3,adobe; amazon; bytedance,adobe; amazon; bytedance,,bytedance,adobe; amazon; bytedance,adobe; amazon; bytedance,7,https://leetcode.com/problems/score-of-parentheses
857,minimum-cost-to-hire-k-workers,Hard,Greedy; Array; Sorting; Heap (Priority Queue),2018-06-24,train,True,2,bloomberg; google,google; bloomberg,,,bloomberg; google,bloomberg; google,4,https://leetcode.com/problems/minimum-cost-to-hire-k-workers
858,mirror-reflection,Medium,Geometry; Math; Number Theory,2018-06-24,train,False,0,,,,,,,0,https://leetcode.com/problems/mirror-reflection
859,buddy-strings,Easy,Hash Table; String,2018-06-24,train,True,1,google,google,,,,google,1,https://leetcode.com/problems/buddy-strings
860,lemonade-change,Easy,Greedy; Array,2018-07-01,train,True,2,amazon; atlassian,atlassian; amazon,amazon,amazon; atlassian,amazon; atlassian,amazon; atlassian,7,https://leetcode.com/problems/lemonade-change
861,score-after-flipping-matrix,Medium,Greedy; Bit Manipulation; Array; Matrix,2018-07-01,train,True,1,iit-bombay,iit-bombay,,,,iit-bombay,1,https://leetcode.com/problems/score-after-flipping-matrix
862,shortest-subarray-with-sum-at-least-k,Hard,Queue; Array; Binary Search; Prefix Sum; Sliding Window; Monotonic Queue; Heap (Priority Queue),2018-07-01,train,True,4,amazon; facebook; goldman-sachs; google,goldman-sachs; google; facebook; amazon,amazon; goldman-sachs; google,amazon; goldman-sachs; google,amazon; facebook; goldman-sachs; google,amazon; facebook; goldman-sachs; google,14,https://leetcode.com/problems/shortest-subarray-with-sum-at-least-k
864,shortest-path-to-get-all-keys,Hard,Bit Manipulation; Breadth-First Search; Array; Matrix,2018-07-08,train,True,3,airbnb; amazon; google,airbnb; google; amazon,airbnb,airbnb,airbnb; amazon; google,airbnb; amazon; google,8,https://leetcode.com/problems/shortest-path-to-get-all-keys
865,smallest-subtree-with-all-the-deepest-nodes,Medium,Tree; Depth-First Search; Breadth-First Search; Hash Table; Binary Tree,2018-07-08,train,True,1,facebook,facebook,facebook,facebook,facebook,facebook,4,https://leetcode.com/problems/smallest-subtree-with-all-the-deepest-nodes
866,prime-palindrome,Medium,Math; Number Theory,2018-07-08,train,True,1,amazon,amazon,,amazon,amazon,amazon,3,https://leetcode.com/problems/prime-palindrome
867,transpose-matrix,Easy,Array; Matrix; Simulation,2018-07-08,train,True,3,apple; microsoft; servicenow,apple; microsoft; servicenow,apple,apple; microsoft,apple; microsoft; servicenow,apple; microsoft; servicenow,9,https://leetcode.com/problems/transpose-matrix
868,binary-gap,Easy,Bit Manipulation,2018-07-15,train,True,2,ebay; twitter,ebay; twitter,,,,ebay; twitter,2,https://leetcode.com/problems/binary-gap
869,reordered-power-of-2,Medium,Hash Table; Math; Counting; Enumeration; Sorting,2018-07-15,train,False,0,,,,,,,0,https://leetcode.com/problems/reordered-power-of-2
870,advantage-shuffle,Medium,Greedy; Array; Two Pointers; Sorting,2018-07-15,train,False,0,,,,,,,0,https://leetcode.com/problems/advantage-shuffle
871,minimum-number-of-refueling-stops,Hard,Greedy; Array; Dynamic Programming; Heap (Priority Queue),2018-07-15,train,True,4,amazon; baidu; google; microsoft,google; baidu; amazon; microsoft,google,google,amazon; baidu; google,amazon; baidu; google; microsoft,9,https://leetcode.com/problems/minimum-number-of-refueling-stops
872,leaf-similar-trees,Easy,Tree; Depth-First Search; Binary Tree,2018-07-22,train,True,5,amazon; atlassian; facebook; google; microsoft,google; amazon; facebook; microsoft; atlassian,atlassian; microsoft,atlassian; microsoft,amazon; atlassian; facebook; google; microsoft,amazon; atlassian; facebook; google; microsoft,14,https://leetcode.com/problems/leaf-similar-trees
873,length-of-longest-fibonacci-subsequence,Medium,Array; Hash Table; Dynamic Programming,2018-07-22,train,True,2,amazon; baidu,amazon; baidu,amazon,amazon,amazon,amazon; baidu,5,https://leetcode.com/problems/length-of-longest-fibonacci-subsequence
874,walking-robot-simulation,Medium,Array; Hash Table; Simulation,2018-07-22,train,True,1,jane-street,jane-street,,,,jane-street,1,https://leetcode.com/problems/walking-robot-simulation
875,koko-eating-bananas,Medium,Array; Binary Search,2018-07-22,train,True,5,adobe; airbnb; amazon; facebook; google,airbnb; facebook; google; adobe; amazon,amazon; facebook,airbnb; amazon; facebook; google,adobe; airbnb; amazon; facebook; google,adobe; airbnb; amazon; facebook; google,16,https://leetcode.com/problems/koko-eating-bananas
876,middle-of-the-linked-list,Easy,Linked List; Two Pointers,2018-07-29,train,True,9,adobe; amazon; apple; cisco; goldman-sachs; microsoft; oracle; paypal; samsung,amazon; adobe; microsoft; oracle; apple; goldman-sachs; samsung; cisco; paypal,goldman-sachs; microsoft; oracle; paypal,adobe; amazon; apple; goldman-sachs; microsoft; oracle; paypal,adobe; amazon; apple; cisco; goldman-sachs; microsoft; oracle; paypal; samsung,adobe; amazon; apple; cisco; goldman-sachs; microsoft; oracle; paypal; samsung,29,https://leetcode.com/problems/middle-of-the-linked-list
877,stone-game,Medium,Array; Math; Dynamic Programming; Game Theory,2018-07-29,train,True,1,adobe,adobe,,,adobe,adobe,2,https://leetcode.com/problems/stone-game
878,nth-magical-number,Hard,Math; Binary Search,2018-07-29,train,False,0,,,,,,,0,https://leetcode.com/problems/nth-magical-number
879,profitable-schemes,Hard,Array; Dynamic Programming,2018-07-29,train,True,2,google; linkedin,linkedin; google,,,linkedin,google; linkedin,3,https://leetcode.com/problems/profitable-schemes
880,decoded-string-at-index,Medium,Stack; String,2018-08-05,train,True,1,national-instruments,national-instruments,,,,national-instruments,1,https://leetcode.com/problems/decoded-string-at-index
881,boats-to-save-people,Medium,Greedy; Array; Two Pointers; Sorting,2018-08-05,train,True,3,amazon; factset; google,amazon; factset; google,,amazon; factset,amazon; factset; google,amazon; factset; google,8,https://leetcode.com/problems/boats-to-save-people
882,reachable-nodes-in-subdivided-graph,Hard,Graph; Shortest Path; Heap (Priority Queue),2018-08-05,train,False,0,,,,,,,0,https://leetcode.com/problems/reachable-nodes-in-subdivided-graph
883,projection-area-of-3d-shapes,Easy,Geometry; Array; Math; Matrix,2018-08-05,train,False,0,,,,,,,0,https://leetcode.com/problems/projection-area-of-3d-shapes
884,uncommon-words-from-two-sentences,Easy,Hash Table; String; Counting,2018-08-12,train,True,4,amazon; expedia; facebook; microsoft,facebook; amazon; expedia; microsoft,amazon; facebook,amazon; facebook,amazon; expedia; facebook; microsoft,amazon; expedia; facebook; microsoft,12,https://leetcode.com/problems/uncommon-words-from-two-sentences
885,spiral-matrix-iii,Medium,Array; Matrix; Simulation,2018-08-12,train,True,2,dataminr; facebook,facebook; dataminr,,facebook,facebook,dataminr; facebook,4,https://leetcode.com/problems/spiral-matrix-iii
886,possible-bipartition,Medium,Depth-First Search; Breadth-First Search; Union Find; Graph,2018-08-12,train,True,4,apple; facebook; google; microsoft,google; facebook; apple; microsoft,apple; facebook; google,apple; facebook; google,apple; facebook; google,apple; facebook; google; microsoft,13,https://leetcode.com/problems/possible-bipartition
887,super-egg-drop,Hard,Math; Binary Search; Dynamic Programming,2018-08-12,train,True,4,facebook; goldman-sachs; google; microsoft,google; microsoft; goldman-sachs; facebook,facebook,facebook; goldman-sachs; google,facebook; goldman-sachs; google; microsoft,facebook; goldman-sachs; google; microsoft,12,https://leetcode.com/problems/super-egg-drop
888,fair-candy-swap,Easy,Array; Hash Table; Binary Search; Sorting,2018-08-19,train,True,1,fidessa,fidessa,,,,fidessa,1,https://leetcode.com/problems/fair-candy-swap
889,construct-binary-tree-from-preorder-and-postorder-traversal,Medium,Tree; Array; Hash Table; Divide and Conquer; Binary Tree,2018-08-19,train,True,5,amazon; bloomberg; facebook; google; uber,google; amazon; bloomberg; facebook; uber,,amazon; bloomberg; google,amazon; bloomberg; facebook; google; uber,amazon; bloomberg; facebook; google; uber,13,https://leetcode.com/problems/construct-binary-tree-from-preorder-and-postorder-traversal
890,find-and-replace-pattern,Medium,Array; Hash Table; String,2018-08-19,train,True,3,amazon; apple; google,google; amazon; apple,,google,apple; google,amazon; apple; google,6,https://leetcode.com/problems/find-and-replace-pattern
891,sum-of-subsequence-widths,Hard,Array; Math; Sorting,2018-08-19,train,True,1,sapient,sapient,,,,sapient,1,https://leetcode.com/problems/sum-of-subsequence-widths
892,surface-area-of-3d-shapes,Easy,Geometry; Array; Math; Matrix,2018-08-26,train,False,0,,,,,,,0,https://leetcode.com/problems/surface-area-of-3d-shapes
893,groups-of-special-equivalent-strings,Medium,Array; Hash Table; String; Sorting,2018-08-26,train,True,1,facebook,facebook,,,,facebook,1,https://leetcode.com/problems/groups-of-special-equivalent-strings
896,monotonic-array,Easy,Array,2018-09-02,train,True,1,facebook,facebook,facebook,facebook,facebook,facebook,4,https://leetcode.com/problems/monotonic-array
897,increasing-order-search-tree,Easy,Stack; Tree; Depth-First Search; Binary Search Tree; Binary Tree,2018-09-02,train,False,0,,,,,,,0,https://leetcode.com/problems/increasing-order-search-tree
898,bitwise-ors-of-subarrays,Medium,Bit Manipulation; Array; Dynamic Programming,2018-09-02,train,False,0,,,,,,,0,https://leetcode.com/problems/bitwise-ors-of-subarrays
899,orderly-queue,Hard,Math; String; Sorting,2018-09-02,train,True,1,amazon,amazon,,,,amazon,1,https://leetcode.com/problems/orderly-queue
902,numbers-at-most-n-given-digit-set,Hard,Array; Math; String; Binary Search; Dynamic Programming,2018-09-09,train,True,1,amazon,amazon,,,,amazon,1,https://leetcode.com/problems/numbers-at-most-n-given-digit-set
903,valid-permutations-for-di-sequence,Hard,String; Dynamic Programming; Prefix Sum,2018-09-09,train,False,0,,,,,,,0,https://leetcode.com/problems/valid-permutations-for-di-sequence
904,fruit-into-baskets,Medium,Array; Hash Table; Sliding Window,2018-09-16,train,True,2,amazon; google,google; amazon,google,google,amazon; google,amazon; google,6,https://leetcode.com/problems/fruit-into-baskets
905,sort-array-by-parity,Easy,Array; Two Pointers; Sorting,2018-09-16,train,True,8,amazon; apple; cisco; facebook; google; microsoft; oracle; vmware,amazon; cisco; microsoft; google; facebook; vmware; apple; oracle,apple; cisco; vmware,amazon; apple; cisco; facebook; vmware,amazon; apple; cisco; facebook; google; microsoft; oracle; vmware,amazon; apple; cisco; facebook; google; microsoft; oracle; vmware,24,https://leetcode.com/problems/sort-array-by-parity
906,super-palindromes,Hard,Math; String; Enumeration,2018-09-16,train,True,1,google,google,,,,google,1,https://leetcode.com/problems/super-palindromes
907,sum-of-subarray-minimums,Medium,Stack; Array; Dynamic Programming; Monotonic Stack,2018-09-16,train,True,3,apple; hulu; microsoft,microsoft; apple; hulu,microsoft,hulu; microsoft,apple; hulu; microsoft,apple; hulu; microsoft,9,https://leetcode.com/problems/sum-of-subarray-minimums
908,smallest-range-i,Easy,Array; Math,2018-09-23,train,True,1,adobe,adobe,,,,adobe,1,https://leetcode.com/problems/smallest-range-i
909,snakes-and-ladders,Medium,Breadth-First Search; Array; Matrix,2018-09-23,train,True,7,amazon; apple; cisco; google; hulu; microsoft; uber,amazon; google; apple; microsoft; cisco; hulu; uber,amazon; apple; cisco,amazon; apple; cisco; google; microsoft,amazon; apple; cisco; google; hulu; microsoft; uber,amazon; apple; cisco; google; hulu; microsoft; uber,22,https://leetcode.com/problems/snakes-and-ladders
910,smallest-range-ii,Medium,Greedy; Array; Math; Sorting,2018-09-23,train,True,1,adobe,adobe,,,,adobe,1,https://leetcode.com/problems/smallest-range-ii
912,sort-an-array,Medium,Array; Divide and Conquer; Bucket Sort; Counting Sort; Radix Sort; Sorting; Heap (Priority Queue); Merge Sort,2018-09-23,train,True,3,amazon; apple; bloomberg,amazon; apple; bloomberg,amazon,amazon; bloomberg,amazon; apple; bloomberg,amazon; apple; bloomberg,9,https://leetcode.com/problems/sort-an-array
913,cat-and-mouse,Hard,Graph; Topological Sort; Memoization; Math; Dynamic Programming; Game Theory,2018-09-30,train,True,1,google,google,,google,google,google,3,https://leetcode.com/problems/cat-and-mouse
914,x-of-a-kind-in-a-deck-of-cards,Easy,Array; Hash Table; Math; Counting; Number Theory,2018-09-30,train,True,1,google,google,google,google,google,google,4,https://leetcode.com/problems/x-of-a-kind-in-a-deck-of-cards
915,partition-array-into-disjoint-intervals,Medium,Array,2018-09-30,train,True,2,grab; tandemg,grab; tandemg,,,grab,grab; tandemg,3,https://leetcode.com/problems/partition-array-into-disjoint-intervals
916,word-subsets,Medium,Array; Hash Table; String,2018-09-30,train,True,3,amazon; facebook; google,facebook; amazon; google,amazon,amazon,amazon; facebook,amazon; facebook; google,7,https://leetcode.com/problems/word-subsets
917,reverse-only-letters,Easy,Two Pointers; String,2018-10-07,train,True,3,google; microsoft; sap,microsoft; google; sap,,microsoft,google; microsoft; sap,google; microsoft; sap,7,https://leetcode.com/problems/reverse-only-letters
918,maximum-sum-circular-subarray,Medium,Queue; Array; Divide and Conquer; Dynamic Programming; Monotonic Queue,2018-10-07,train,True,4,amazon; facebook; two-sigma; uber,two-sigma; amazon; facebook; uber,facebook,amazon; facebook,amazon; facebook; two-sigma; uber,amazon; facebook; two-sigma; uber,11,https://leetcode.com/problems/maximum-sum-circular-subarray
920,number-of-music-playlists,Hard,Math; Dynamic Programming; Combinatorics,2018-10-07,train,True,3,coursera; google; twitter,coursera; google; twitter,,,coursera; google; twitter,coursera; google; twitter,6,https://leetcode.com/problems/number-of-music-playlists
921,minimum-add-to-make-parentheses-valid,Medium,Stack; Greedy; String,2018-10-14,train,True,3,amazon; facebook; servicenow,facebook; amazon; servicenow,amazon; facebook,amazon; facebook,amazon; facebook; servicenow,amazon; facebook; servicenow,10,https://leetcode.com/problems/minimum-add-to-make-parentheses-valid
922,sort-array-by-parity-ii,Easy,Array; Two Pointers; Sorting,2018-10-14,train,True,1,amazon,amazon,,,,amazon,1,https://leetcode.com/problems/sort-array-by-parity-ii
923,3sum-with-multiplicity,Medium,Array; Hash Table; Two Pointers; Counting; Sorting,2018-10-14,train,True,1,quora,quora,,,quora,quora,2,https://leetcode.com/problems/3sum-with-multiplicity
924,minimize-malware-spread,Hard,Depth-First Search; Breadth-First Search; Union Find; Graph; Array; Hash Table,2018-10-14,train,True,4,amazon; bloomberg; dropbox; google,dropbox; amazon; google; bloomberg,bloomberg; google,bloomberg; google,amazon; bloomberg; dropbox; google,amazon; bloomberg; dropbox; google,12,https://leetcode.com/problems/minimize-malware-spread
925,long-pressed-name,Easy,Two Pointers; String,2018-10-21,train,True,1,google,google,,google,google,google,3,https://leetcode.com/problems/long-pressed-name
926,flip-string-to-monotone-increasing,Medium,String; Dynamic Programming,2018-10-21,train,True,1,google,google,,,google,google,2,https://leetcode.com/problems/flip-string-to-monotone-increasing
927,three-equal-parts,Hard,Array; Math,2018-10-21,train,True,1,hotstar,hotstar,,,,hotstar,1,https://leetcode.com/problems/three-equal-parts
928,minimize-malware-spread-ii,Hard,Depth-First Search; Breadth-First Search; Union Find; Graph; Array; Hash Table,2018-10-21,train,True,1,dropbox,dropbox,,,dropbox,dropbox,2,https://leetcode.com/problems/minimize-malware-spread-ii
929,unique-email-addresses,Easy,Array; Hash Table; String,2018-10-28,train,True,4,adobe; amazon; google; microsoft,google; amazon; adobe; microsoft,,,adobe; amazon; google; microsoft,adobe; amazon; google; microsoft,8,https://leetcode.com/problems/unique-email-addresses
930,binary-subarrays-with-sum,Medium,Array; Hash Table; Prefix Sum; Sliding Window,2018-10-28,train,True,1,c3-iot,c3-iot,,,,c3-iot,1,https://leetcode.com/problems/binary-subarrays-with-sum
931,minimum-falling-path-sum,Medium,Array; Dynamic Programming; Matrix,2018-10-28,train,True,4,amazon; apple; goldman-sachs; google,google; goldman-sachs; amazon; apple,amazon; apple,amazon; apple; google,amazon; apple; goldman-sachs; google,amazon; apple; goldman-sachs; google,13,https://leetcode.com/problems/minimum-falling-path-sum
932,beautiful-array,Medium,Array; Math; Divide and Conquer,2018-10-28,train,True,1,google,google,,,google,google,2,https://leetcode.com/problems/beautiful-array
934,shortest-bridge,Medium,Depth-First Search; Breadth-First Search; Array; Matrix,2018-11-04,train,True,5,facebook; google; mckinsey; microsoft; uber,facebook; uber; google; mckinsey; microsoft,facebook; microsoft,facebook; google; microsoft,facebook; google; microsoft; uber,facebook; google; mckinsey; microsoft; uber,14,https://leetcode.com/problems/shortest-bridge
935,knight-dialer,Medium,Dynamic Programming,2018-11-04,train,True,7,box; citadel; facebook; google; microsoft; pinterest; twilio,google; facebook; box; microsoft; twilio; citadel; pinterest,citadel; facebook; google; twilio,citadel; facebook; google; microsoft; twilio,box; citadel; facebook; google; microsoft; pinterest; twilio,box; citadel; facebook; google; microsoft; pinterest; twilio,23,https://leetcode.com/problems/knight-dialer
936,stamping-the-sequence,Hard,Stack; Greedy; Queue; String,2018-11-04,train,True,3,facebook; google; uber,uber; facebook; google,facebook,facebook; uber,facebook; google; uber,facebook; google; uber,9,https://leetcode.com/problems/stamping-the-sequence
937,reorder-data-in-log-files,Medium,Array; String; Sorting,2018-11-11,train,True,3,amazon; apple; audible,amazon; audible; apple,amazon; audible,amazon; audible,amazon; apple; audible,amazon; apple; audible,10,https://leetcode.com/problems/reorder-data-in-log-files
938,range-sum-of-bst,Easy,Tree; Depth-First Search; Binary Search Tree; Binary Tree,2018-11-11,train,True,6,amazon; apple; facebook; google; microsoft; oracle,facebook; amazon; google; microsoft; apple; oracle,amazon; facebook; oracle,amazon; apple; facebook; microsoft; oracle,amazon; apple; facebook; google; microsoft; oracle,amazon; apple; facebook; google; microsoft; oracle,20,https://leetcode.com/problems/range-sum-of-bst
939,minimum-area-rectangle,Medium,Geometry; Array; Hash Table; Math; Sorting,2018-11-11,train,True,6,amazon; facebook; goldman-sachs; google; microsoft; nvidia,google; facebook; amazon; microsoft; goldman-sachs; nvidia,facebook; goldman-sachs; google,amazon; facebook; goldman-sachs; google; nvidia,amazon; facebook; goldman-sachs; google; microsoft; nvidia,amazon; facebook; goldman-sachs; google; microsoft; nvidia,20,https://leetcode.com/problems/minimum-area-rectangle
940,distinct-subsequences-ii,Hard,String; Dynamic Programming,2018-11-11,train,True,1,google,google,,,google,google,2,https://leetcode.com/problems/distinct-subsequences-ii
941,valid-mountain-array,Easy,Array,2018-11-18,train,True,2,google; uber,google; uber,google,google,google; uber,google; uber,6,https://leetcode.com/problems/valid-mountain-array
942,di-string-match,Easy,Greedy; Array; Two Pointers; String,2018-11-18,train,True,3,amazon; goldman-sachs; google,goldman-sachs; google; amazon,goldman-sachs,goldman-sachs,amazon; goldman-sachs; google,amazon; goldman-sachs; google,8,https://leetcode.com/problems/di-string-match
943,find-the-shortest-superstring,Hard,Bit Manipulation; Array; String; Dynamic Programming; Bitmask,2018-11-18,train,True,2,amazon; google,google; amazon,,,amazon; google,amazon; google,4,https://leetcode.com/problems/find-the-shortest-superstring
944,delete-columns-to-make-sorted,Easy,Array; String,2018-11-18,train,True,1,google,google,,,,google,1,https://leetcode.com/problems/delete-columns-to-make-sorted
945,minimum-increment-to-make-array-unique,Medium,Greedy; Array; Counting; Sorting,2018-11-25,train,True,3,coursera; ixl; twitter,twitter; ixl; coursera,,ixl; twitter,ixl; twitter,coursera; ixl; twitter,7,https://leetcode.com/problems/minimum-increment-to-make-array-unique
946,validate-stack-sequences,Medium,Stack; Array; Simulation,2018-11-25,train,True,2,google; linkedin,google; linkedin,google,google,google,google; linkedin,5,https://leetcode.com/problems/validate-stack-sequences
947,most-stones-removed-with-same-row-or-column,Medium,Depth-First Search; Union Find; Graph; Hash Table,2018-11-25,train,True,1,google,google,google,google,google,google,4,https://leetcode.com/problems/most-stones-removed-with-same-row-or-column
948,bag-of-tokens,Medium,Greedy; Array; Two Pointers; Sorting,2018-11-25,train,True,1,google,google,,,,google,1,https://leetcode.com/problems/bag-of-tokens
949,largest-time-for-given-digits,Medium,Array; String; Enumeration,2018-12-02,train,True,2,google; liveramp,google; liveramp,,google,google,google; liveramp,4,https://leetcode.com/problems/largest-time-for-given-digits
950,reveal-cards-in-increasing-order,Medium,Queue; Array; Sorting; Simulation,2018-12-02,train,True,2,google; microsoft,google; microsoft,microsoft,google; microsoft,google; microsoft,google; microsoft,7,https://leetcode.com/problems/reveal-cards-in-increasing-order
951,flip-equivalent-binary-trees,Medium,Tree; Depth-First Search; Binary Tree,2018-12-02,train,True,3,amazon; ebay; google,google; amazon; ebay,amazon; ebay; google,amazon; ebay; google,amazon; ebay; google,amazon; ebay; google,12,https://leetcode.com/problems/flip-equivalent-binary-trees
952,largest-component-size-by-common-factor,Hard,Union Find; Array; Hash Table; Math; Number Theory,2018-12-02,train,True,1,google,google,,,,google,1,https://leetcode.com/problems/largest-component-size-by-common-factor
953,verifying-an-alien-dictionary,Easy,Array; Hash Table; String,2018-12-09,train,True,4,airbnb; amazon; facebook; microsoft,facebook; amazon; microsoft; airbnb,amazon; facebook,amazon; facebook,airbnb; amazon; facebook; microsoft,airbnb; amazon; facebook; microsoft,12,https://leetcode.com/problems/verifying-an-alien-dictionary
954,array-of-doubled-pairs,Medium,Greedy; Array; Hash Table; Sorting,2018-12-09,train,True,2,google; uber,uber; google,,,uber,google; uber,3,https://leetcode.com/problems/array-of-doubled-pairs
955,delete-columns-to-make-sorted-ii,Medium,Greedy; Array; String,2018-12-09,train,True,1,google,google,,,,google,1,https://leetcode.com/problems/delete-columns-to-make-sorted-ii
956,tallest-billboard,Hard,Array; Dynamic Programming,2018-12-09,train,False,0,,,,,,,0,https://leetcode.com/problems/tallest-billboard
957,prison-cells-after-n-days,Medium,Bit Manipulation; Array; Hash Table; Math,2018-12-16,train,True,2,amazon; bloomberg,amazon; bloomberg,amazon,amazon,amazon; bloomberg,amazon; bloomberg,6,https://leetcode.com/problems/prison-cells-after-n-days
958,check-completeness-of-a-binary-tree,Medium,Tree; Breadth-First Search; Binary Tree,2018-12-16,train,True,6,amazon; bytedance; facebook; google; microsoft; oracle,facebook; google; microsoft; amazon; oracle; bytedance,facebook; google,facebook; google; oracle,amazon; bytedance; facebook; google; microsoft; oracle,amazon; bytedance; facebook; google; microsoft; oracle,17,https://leetcode.com/problems/check-completeness-of-a-binary-tree
959,regions-cut-by-slashes,Medium,Depth-First Search; Breadth-First Search; Union Find; Array; Hash Table; Matrix,2018-12-16,train,True,1,uber,uber,,,,uber,1,https://leetcode.com/problems/regions-cut-by-slashes
960,delete-columns-to-make-sorted-iii,Hard,Array; String; Dynamic Programming,2018-12-16,train,True,1,google,google,,,google,google,2,https://leetcode.com/problems/delete-columns-to-make-sorted-iii
961,n-repeated-element-in-size-2n-array,Easy,Array; Hash Table,2018-12-23,train,True,2,akamai; apple,apple; akamai,,,apple,akamai; apple,3,https://leetcode.com/problems/n-repeated-element-in-size-2n-array
962,maximum-width-ramp,Medium,Stack; Array; Two Pointers; Monotonic Stack,2018-12-23,train,True,3,ebay; facebook; google,ebay; facebook; google,,ebay; facebook,ebay; facebook,ebay; facebook; google,7,https://leetcode.com/problems/maximum-width-ramp
963,minimum-area-rectangle-ii,Medium,Geometry; Array; Math,2018-12-23,train,True,3,amazon; facebook; google,google; facebook; amazon,facebook; google,amazon; facebook; google,amazon; facebook; google,amazon; facebook; google,11,https://leetcode.com/problems/minimum-area-rectangle-ii
964,least-operators-to-express-number,Hard,Memoization; Math; Dynamic Programming,2018-12-23,train,True,1,snapchat,snapchat,,,,snapchat,1,https://leetcode.com/problems/least-operators-to-express-number
965,univalued-binary-tree,Easy,Tree; Depth-First Search; Breadth-First Search; Binary Tree,2018-12-30,train,True,5,amazon; box; google; oracle; twilio,box; google; oracle; amazon; twilio,box,amazon; box; oracle,amazon; box; google; oracle,amazon; box; google; oracle; twilio,13,https://leetcode.com/problems/univalued-binary-tree
966,vowel-spellchecker,Medium,Array; Hash Table; String,2018-12-30,train,True,3,amazon; facebook; thumbtack,thumbtack; amazon; facebook,,amazon; facebook,amazon; facebook,amazon; facebook; thumbtack,7,https://leetcode.com/problems/vowel-spellchecker
967,numbers-with-same-consecutive-differences,Medium,Breadth-First Search; Backtracking,2018-12-30,train,True,1,flipkart,flipkart,,,,flipkart,1,https://leetcode.com/problems/numbers-with-same-consecutive-differences
968,binary-tree-cameras,Hard,Tree; Depth-First Search; Dynamic Programming; Binary Tree,2018-12-30,train,True,4,ebay; facebook; google; uber,google; ebay; uber; facebook,ebay; google,ebay; google,ebay; google; uber,ebay; facebook; google; uber,11,https://leetcode.com/problems/binary-tree-cameras
969,pancake-sorting,Medium,Greedy; Array; Two Pointers; Sorting,2019-01-06,train,True,5,amazon; facebook; microsoft; square; uber,facebook; square; amazon; microsoft; uber,amazon; uber,amazon; facebook; microsoft; square; uber,amazon; facebook; microsoft; square; uber,amazon; facebook; microsoft; square; uber,17,https://leetcode.com/problems/pancake-sorting
970,powerful-integers,Medium,Hash Table; Math; Enumeration,2019-01-06,train,False,0,,,,,,,0,https://leetcode.com/problems/powerful-integers
971,flip-binary-tree-to-match-preorder-traversal,Medium,Tree; Depth-First Search; Binary Tree,2019-01-06,train,True,1,bloomberg,bloomberg,,,bloomberg,bloomberg,2,https://leetcode.com/problems/flip-binary-tree-to-match-preorder-traversal
972,equal-rational-numbers,Hard,Math; String,2019-01-06,train,True,1,microsoft,microsoft,,,,microsoft,1,https://leetcode.com/problems/equal-rational-numbers
973,k-closest-points-to-origin,Medium,Geometry; Array; Math; Divide and Conquer; Quickselect; Sorting; Heap (Priority Queue),2019-01-13,train,True,15,amazon; apple; asana; ebay; expedia; facebook; goldman-sachs; google; linkedin; microsoft; oracle; paypal; uber; visa; yahoo,amazon; facebook; google; apple; expedia; linkedin; microsoft; asana; uber; oracle; yahoo; ebay; goldman-sachs; paypal; visa,amazon; apple; asana; facebook,amazon; apple; asana; expedia; facebook; goldman-sachs; google; linkedin; microsoft; oracle; paypal; uber,amazon; apple; asana; ebay; expedia; facebook; goldman-sachs; google; linkedin; microsoft; oracle; paypal; uber; visa; yahoo,amazon; apple; asana; ebay; expedia; facebook; goldman-sachs; google; linkedin; microsoft; oracle; paypal; uber; visa; yahoo,46,https://leetcode.com/problems/k-closest-points-to-origin
974,subarray-sums-divisible-by-k,Medium,Array; Hash Table; Prefix Sum,2019-01-13,train,True,5,amazon; bytedance; expedia; twilio; yandex,twilio; expedia; amazon; bytedance; yandex,bytedance; twilio,amazon; bytedance; twilio,amazon; bytedance; expedia; twilio; yandex,amazon; bytedance; expedia; twilio; yandex,15,https://leetcode.com/problems/subarray-sums-divisible-by-k
975,odd-even-jump,Hard,Stack; Array; Dynamic Programming; Ordered Set; Monotonic Stack,2019-01-13,train,True,1,google,google,,,google,google,2,https://leetcode.com/problems/odd-even-jump
976,largest-perimeter-triangle,Easy,Greedy; Array; Math; Sorting,2019-01-13,train,True,1,c3-iot,c3-iot,,,,c3-iot,1,https://leetcode.com/problems/largest-perimeter-triangle
977,squares-of-a-sorted-array,Easy,Array; Two Pointers; Sorting,2019-01-20,train,True,17,adobe; amazon; apple; bloomberg; bytedance; ebay; electronic-arts; facebook; google; microsoft; nutanix; oracle; paypal; splunk; twitch; uber; vmware,facebook; google; uber; amazon; apple; paypal; adobe; microsoft; ebay; nutanix; twitch; vmware; splunk; bloomberg; bytedance; electronic-arts; oracle,adobe; amazon; apple; bytedance; ebay; facebook; microsoft; paypal; splunk; vmware,adobe; amazon; apple; bloomberg; bytedance; ebay; facebook; google; microsoft; nutanix; oracle; paypal; splunk; twitch; uber; vmware,adobe; amazon; apple; bloomberg; bytedance; ebay; electronic-arts; facebook; google; microsoft; nutanix; oracle; paypal; splunk; twitch; uber; vmware,adobe; amazon; apple; bloomberg; bytedance; ebay; electronic-arts; facebook; google; microsoft; nutanix; oracle; paypal; splunk; twitch; uber; vmware,60,https://leetcode.com/problems/squares-of-a-sorted-array
978,longest-turbulent-subarray,Medium,Array; Dynamic Programming; Sliding Window,2019-01-20,train,True,2,amazon; bloomberg,amazon; bloomberg,amazon,amazon,amazon; bloomberg,amazon; bloomberg,6,https://leetcode.com/problems/longest-turbulent-subarray
979,distribute-coins-in-binary-tree,Medium,Tree; Depth-First Search; Binary Tree,2019-01-20,train,True,5,amazon; facebook; google; microsoft; uber,google; amazon; microsoft; uber; facebook,facebook,facebook; microsoft; uber,amazon; facebook; google; microsoft; uber,amazon; facebook; google; microsoft; uber,14,https://leetcode.com/problems/distribute-coins-in-binary-tree
980,unique-paths-iii,Hard,Bit Manipulation; Array; Backtracking; Matrix,2019-01-20,train,True,3,amazon; google; limebike,amazon; google; limebike,amazon; google,amazon; google,amazon; google,amazon; google; limebike,9,https://leetcode.com/problems/unique-paths-iii
982,triples-with-bitwise-and-equal-to-zero,Hard,Bit Manipulation; Array; Hash Table,2019-01-27,train,True,2,flipkart; google,google; flipkart,,,google,flipkart; google,3,https://leetcode.com/problems/triples-with-bitwise-and-equal-to-zero
983,minimum-cost-for-tickets,Medium,Array; Dynamic Programming,2019-01-27,train,True,5,amazon; facebook; google; grab; uber,amazon; facebook; grab; google; uber,amazon; facebook; google,amazon; facebook; google,amazon; facebook; google; grab; uber,amazon; facebook; google; grab; uber,16,https://leetcode.com/problems/minimum-cost-for-tickets
984,string-without-aaa-or-bbb,Medium,Greedy; String,2019-01-27,train,True,2,grab; zalando,grab; zalando,,,grab,grab; zalando,3,https://leetcode.com/problems/string-without-aaa-or-bbb
985,sum-of-even-numbers-after-queries,Medium,Array; Simulation,2019-02-03,train,True,1,indeed,indeed,,,,indeed,1,https://leetcode.com/problems/sum-of-even-numbers-after-queries
986,interval-list-intersections,Medium,Array; Two Pointers; Line Sweep,2019-02-03,train,True,11,amazon; apple; bloomberg; cruise-automation; doordash; facebook; google; oracle; pinterest; snapchat; uber,facebook; uber; google; amazon; apple; snapchat; bloomberg; cruise-automation; doordash; oracle; pinterest,amazon; apple; facebook; google; oracle; uber,amazon; apple; cruise-automation; facebook; google; oracle; pinterest; snapchat; uber,amazon; apple; bloomberg; cruise-automation; facebook; google; oracle; pinterest; snapchat; uber,amazon; apple; bloomberg; cruise-automation; doordash; facebook; google; oracle; pinterest; snapchat; uber,36,https://leetcode.com/problems/interval-list-intersections
987,vertical-order-traversal-of-a-binary-tree,Hard,Tree; Depth-First Search; Breadth-First Search; Hash Table; Binary Tree; Sorting,2019-02-03,train,True,10,adobe; amazon; bloomberg; databricks; facebook; google; linkedin; microsoft; reddit; samsung,facebook; amazon; bloomberg; google; microsoft; adobe; databricks; linkedin; reddit; samsung,adobe; amazon; bloomberg; databricks; facebook; google; microsoft,adobe; amazon; bloomberg; databricks; facebook; google; linkedin; microsoft,adobe; amazon; bloomberg; databricks; facebook; google; linkedin; microsoft; reddit,adobe; amazon; bloomberg; databricks; facebook; google; linkedin; microsoft; reddit; samsung,34,https://leetcode.com/problems/vertical-order-traversal-of-a-binary-tree
988,smallest-string-starting-from-leaf,Medium,Tree; Depth-First Search; String; Backtracking; Binary Tree,2019-02-03,train,True,1,google,google,,,,google,1,https://leetcode.com/problems/smallest-string-starting-from-leaf
989,add-to-array-form-of-integer,Easy,Array; Math,2019-02-10,train,True,2,facebook; google,google; facebook,google,google,google,facebook; google,5,https://leetcode.com/problems/add-to-array-form-of-integer
990,satisfiability-of-equality-equations,Medium,Union Find; Graph; Array; String,2019-02-10,train,True,1,sumologic,sumologic,,,sumologic,sumologic,2,https://leetcode.com/problems/satisfiability-of-equality-equations
991,broken-calculator,Medium,Greedy; Math,2019-02-10,train,True,2,bloomberg; nutanix,nutanix; bloomberg,bloomberg; nutanix,bloomberg; nutanix,bloomberg; nutanix,bloomberg; nutanix,8,https://leetcode.com/problems/broken-calculator
992,subarrays-with-k-different-integers,Hard,Array; Hash Table; Counting; Sliding Window,2019-02-10,train,True,5,alibaba; amazon; goldman-sachs; google; uber,amazon; google; goldman-sachs; alibaba; uber,google,amazon; goldman-sachs; google; uber,alibaba; amazon; goldman-sachs; google; uber,alibaba; amazon; goldman-sachs; google; uber,15,https://leetcode.com/problems/subarrays-with-k-different-integers
993,cousins-in-binary-tree,Easy,Tree; Depth-First Search; Breadth-First Search; Binary Tree,2019-02-17,train,True,6,adobe; amazon; bloomberg; facebook; goldman-sachs; microsoft,amazon; microsoft; bloomberg; facebook; goldman-sachs; adobe,adobe; amazon; goldman-sachs; microsoft,adobe; amazon; bloomberg; facebook; goldman-sachs; microsoft,adobe; amazon; bloomberg; facebook; goldman-sachs; microsoft,adobe; amazon; bloomberg; facebook; goldman-sachs; microsoft,22,https://leetcode.com/problems/cousins-in-binary-tree
994,rotting-oranges,Medium,Breadth-First Search; Array; Matrix,2019-02-17,train,True,5,adobe; amazon; ebay; flipkart; microsoft,amazon; microsoft; adobe; ebay; flipkart,adobe; amazon; ebay; microsoft,adobe; amazon; ebay; flipkart; microsoft,adobe; amazon; ebay; flipkart; microsoft,adobe; amazon; ebay; flipkart; microsoft,19,https://leetcode.com/problems/rotting-oranges
995,minimum-number-of-k-consecutive-bit-flips,Hard,Bit Manipulation; Queue; Array; Prefix Sum; Sliding Window,2019-02-17,train,True,4,akuna; akuna-capital; amazon; facebook,akuna-capital; amazon; facebook; akuna,amazon; facebook,amazon; facebook,akuna-capital; amazon; facebook,akuna; akuna-capital; amazon; facebook,11,https://leetcode.com/problems/minimum-number-of-k-consecutive-bit-flips
996,number-of-squareful-arrays,Hard,Bit Manipulation; Array; Hash Table; Math; Dynamic Programming; Backtracking; Bitmask,2019-02-17,train,True,1,apple,apple,,apple,apple,apple,3,https://leetcode.com/problems/number-of-squareful-arrays
997,find-the-town-judge,Easy,Graph; Array; Hash Table,2019-02-24,train,True,4,amazon; arista; facebook; google,amazon; facebook; google; arista,amazon,amazon; facebook,amazon; facebook; google,amazon; arista; facebook; google,10,https://leetcode.com/problems/find-the-town-judge
998,maximum-binary-tree-ii,Medium,Tree; Binary Tree,2019-02-24,train,True,1,facebook,facebook,,,,facebook,1,https://leetcode.com/problems/maximum-binary-tree-ii
999,available-captures-for-rook,Easy,Array; Matrix; Simulation,2019-02-24,train,True,1,square,square,square,square,square,square,4,https://leetcode.com/problems/available-captures-for-rook
1000,minimum-cost-to-merge-stones,Hard,Array; Dynamic Programming; Prefix Sum,2019-02-24,train,True,2,amazon; google,amazon; google,,amazon; google,amazon; google,amazon; google,6,https://leetcode.com/problems/minimum-cost-to-merge-stones
1001,grid-illumination,Hard,Array; Hash Table,2019-02-24,train,True,1,dropbox,dropbox,,,,dropbox,1,https://leetcode.com/problems/grid-illumination
1002,find-common-characters,Easy,Array; Hash Table; String,2019-03-03,train,True,5,adobe; amazon; apple; bloomberg; tripadvisor,amazon; apple; adobe; bloomberg; tripadvisor,amazon; apple,amazon; apple,adobe; amazon; apple; bloomberg; tripadvisor,adobe; amazon; apple; bloomberg; tripadvisor,14,https://leetcode.com/problems/find-common-characters
1003,check-if-word-is-valid-after-substitutions,Medium,Stack; String,2019-03-03,train,True,2,facebook; nutanix,facebook; nutanix,,,facebook,facebook; nutanix,3,https://leetcode.com/problems/check-if-word-is-valid-after-substitutions
1004,max-consecutive-ones-iii,Medium,Array; Binary Search; Prefix Sum; Sliding Window,2019-03-03,train,True,4,amazon; facebook; microsoft; yandex,facebook; amazon; yandex; microsoft,amazon; facebook,amazon; facebook; microsoft; yandex,amazon; facebook; microsoft; yandex,amazon; facebook; microsoft; yandex,14,https://leetcode.com/problems/max-consecutive-ones-iii
1005,maximize-sum-of-array-after-k-negations,Easy,Greedy; Array; Sorting,2019-03-10,train,True,2,amazon; druva,amazon; druva,amazon,amazon,amazon,amazon; druva,5,https://leetcode.com/problems/maximize-sum-of-array-after-k-negations
1006,clumsy-factorial,Medium,Stack; Math; Simulation,2019-03-10,train,True,1,microsoft,microsoft,,,,microsoft,1,https://leetcode.com/problems/clumsy-factorial
1007,minimum-domino-rotations-for-equal-row,Medium,Greedy; Array,2019-03-10,train,True,2,amazon; google,google; amazon,google,amazon; google,amazon; google,amazon; google,7,https://leetcode.com/problems/minimum-domino-rotations-for-equal-row
1008,construct-binary-search-tree-from-preorder-traversal,Medium,Stack; Tree; Binary Search Tree; Array; Binary Tree; Monotonic Stack,2019-03-10,train,True,4,amazon; facebook; microsoft; oracle,facebook; amazon; microsoft; oracle,amazon; facebook,amazon; facebook; oracle,amazon; facebook; microsoft; oracle,amazon; facebook; microsoft; oracle,13,https://leetcode.com/problems/construct-binary-search-tree-from-preorder-traversal
1009,complement-of-base-10-integer,Easy,Bit Manipulation,2019-03-17,train,True,1,cloudera,cloudera,,,,cloudera,1,https://leetcode.com/problems/complement-of-base-10-integer
1010,pairs-of-songs-with-total-durations-divisible-by-60,Medium,Array; Hash Table; Counting,2019-03-17,train,True,7,adobe; amazon; citrix; dropbox; goldman-sachs; pocket-gems; visa,amazon; pocket-gems; goldman-sachs; adobe; dropbox; citrix; visa,citrix,amazon; citrix; pocket-gems,adobe; amazon; citrix; dropbox; goldman-sachs; pocket-gems; visa,adobe; amazon; citrix; dropbox; goldman-sachs; pocket-gems; visa,18,https://leetcode.com/problems/pairs-of-songs-with-total-durations-divisible-by-60
1011,capacity-to-ship-packages-within-d-days,Medium,Array; Binary Search,2019-03-17,train,True,4,amazon; apple; google; uber,google; amazon; apple; uber,amazon; google,amazon; apple; google,amazon; apple; google; uber,amazon; apple; google; uber,13,https://leetcode.com/problems/capacity-to-ship-packages-within-d-days
1012,numbers-with-repeated-digits,Hard,Math; Dynamic Programming,2019-03-17,train,True,1,google,google,,,,google,1,https://leetcode.com/problems/numbers-with-repeated-digits
1013,partition-array-into-three-parts-with-equal-sum,Easy,Greedy; Array,2019-03-24,train,True,2,amazon; microsoft,amazon; microsoft,amazon,amazon,amazon,amazon; microsoft,5,https://leetcode.com/problems/partition-array-into-three-parts-with-equal-sum
1014,best-sightseeing-pair,Medium,Array; Dynamic Programming,2019-03-24,train,True,1,wayfair,wayfair,,,,wayfair,1,https://leetcode.com/problems/best-sightseeing-pair
1015,smallest-integer-divisible-by-k,Medium,Hash Table; Math,2019-03-24,train,True,1,google,google,,,,google,1,https://leetcode.com/problems/smallest-integer-divisible-by-k
1016,binary-string-with-substrings-representing-1-to-n,Medium,String,2019-03-24,train,True,1,google,google,,,,google,1,https://leetcode.com/problems/binary-string-with-substrings-representing-1-to-n
1017,convert-to-base-2,Medium,Math,2019-03-31,train,True,2,airbnb; grab,grab; airbnb,,,grab,airbnb; grab,3,https://leetcode.com/problems/convert-to-base-2
1018,binary-prefix-divisible-by-5,Easy,Bit Manipulation; Array,2019-03-31,train,False,0,,,,,,,0,https://leetcode.com/problems/binary-prefix-divisible-by-5
1019,next-greater-node-in-linked-list,Medium,Stack; Array; Linked List; Monotonic Stack,2019-03-31,train,True,4,amazon; facebook; microsoft; uber,amazon; facebook; uber; microsoft,amazon; facebook,amazon; facebook,amazon; facebook; uber,amazon; facebook; microsoft; uber,11,https://leetcode.com/problems/next-greater-node-in-linked-list
1020,number-of-enclaves,Medium,Depth-First Search; Breadth-First Search; Union Find; Array; Matrix,2019-03-31,train,True,1,google,google,,,,google,1,https://leetcode.com/problems/number-of-enclaves
1021,remove-outermost-parentheses,Easy,Stack; String,2019-04-07,train,True,3,apple; facebook; google,google; apple; facebook,google,google,apple; facebook; google,apple; facebook; google,8,https://leetcode.com/problems/remove-outermost-parentheses
1022,sum-of-root-to-leaf-binary-numbers,Easy,Tree; Depth-First Search; Binary Tree,2019-04-07,train,True,1,amazon,amazon,,amazon,amazon,amazon,3,https://leetcode.com/problems/sum-of-root-to-leaf-binary-numbers
1023,camelcase-matching,Medium,Trie; Array; Two Pointers; String; String Matching,2019-04-07,train,True,2,amazon; google,google; amazon,,,amazon,amazon; google,3,https://leetcode.com/problems/camelcase-matching
1024,video-stitching,Medium,Greedy; Array; Dynamic Programming,2019-04-07,train,True,2,amazon; google,amazon; google,,amazon,amazon; google,amazon; google,5,https://leetcode.com/problems/video-stitching
1025,divisor-game,Easy,Brainteaser; Math; Dynamic Programming; Game Theory,2019-04-14,train,True,3,bloomberg; google; visa,google; bloomberg; visa,,bloomberg; google,bloomberg; google,bloomberg; google; visa,7,https://leetcode.com/problems/divisor-game
1026,maximum-difference-between-node-and-ancestor,Medium,Tree; Depth-First Search; Binary Tree,2019-04-14,train,True,3,amazon; facebook; google,facebook; amazon; google,facebook,facebook,amazon; facebook; google,amazon; facebook; google,8,https://leetcode.com/problems/maximum-difference-between-node-and-ancestor
1027,longest-arithmetic-subsequence,Medium,Array; Hash Table; Binary Search; Dynamic Programming,2019-04-14,train,True,6,amazon; facebook; google; microsoft; quora; snapdeal,facebook; amazon; quora; google; microsoft; snapdeal,facebook,amazon; facebook; google; quora,amazon; facebook; google; microsoft; quora,amazon; facebook; google; microsoft; quora; snapdeal,16,https://leetcode.com/problems/longest-arithmetic-subsequence
1028,recover-a-tree-from-preorder-traversal,Hard,Tree; Depth-First Search; String; Binary Tree,2019-04-14,train,True,2,amazon; linkedin,linkedin; amazon,,,linkedin,amazon; linkedin,3,https://leetcode.com/problems/recover-a-tree-from-preorder-traversal
1029,two-city-scheduling,Medium,Greedy; Array; Sorting,2019-04-21,train,True,3,amazon; bloomberg; google,bloomberg; google; amazon,bloomberg; google,bloomberg; google,amazon; bloomberg; google,amazon; bloomberg; google,10,https://leetcode.com/problems/two-city-scheduling
1030,matrix-cells-in-distance-order,Easy,Geometry; Array; Math; Matrix; Sorting,2019-04-21,train,True,1,yahoo,yahoo,,,,yahoo,1,https://leetcode.com/problems/matrix-cells-in-distance-order
1031,maximum-sum-of-two-non-overlapping-subarrays,Medium,Array; Dynamic Programming; Sliding Window,2019-04-21,train,True,4,amazon; facebook; google; snapchat,google; amazon; facebook; snapchat,amazon; google,amazon; facebook; google; snapchat,amazon; facebook; google; snapchat,amazon; facebook; google; snapchat,14,https://leetcode.com/problems/maximum-sum-of-two-non-overlapping-subarrays
1033,moving-stones-until-consecutive,Medium,Brainteaser; Math,2019-04-28,train,True,1,facebook,facebook,,,,facebook,1,https://leetcode.com/problems/moving-stones-until-consecutive
1034,coloring-a-border,Medium,Depth-First Search; Breadth-First Search; Array; Matrix,2019-04-28,train,True,1,booking,booking,,,,booking,1,https://leetcode.com/problems/coloring-a-border
1035,uncrossed-lines,Medium,Array; Dynamic Programming,2019-04-28,train,True,1,amazon,amazon,,,,amazon,1,https://leetcode.com/problems/uncrossed-lines
1036,escape-a-large-maze,Hard,Depth-First Search; Breadth-First Search; Array; Hash Table,2019-04-28,train,True,2,google; uipath,google; uipath,,,google,google; uipath,3,https://leetcode.com/problems/escape-a-large-maze
1037,valid-boomerang,Easy,Geometry; Array; Math,2019-05-05,train,True,1,google,google,,,,google,1,https://leetcode.com/problems/valid-boomerang
1038,binary-search-tree-to-greater-sum-tree,Medium,Tree; Depth-First Search; Binary Search Tree; Binary Tree,2019-05-05,train,True,4,amazon; apple; microsoft; uber,amazon; microsoft; uber; apple,amazon; uber,amazon; apple; microsoft; uber,amazon; apple; microsoft; uber,amazon; apple; microsoft; uber,14,https://leetcode.com/problems/binary-search-tree-to-greater-sum-tree
1039,minimum-score-triangulation-of-polygon,Medium,Array; Dynamic Programming,2019-05-05,train,True,1,uber,uber,,,,uber,1,https://leetcode.com/problems/minimum-score-triangulation-of-polygon
1040,moving-stones-until-consecutive-ii,Medium,Array; Math; Two Pointers; Sorting,2019-05-05,train,True,1,facebook,facebook,,,,facebook,1,https://leetcode.com/problems/moving-stones-until-consecutive-ii
1041,robot-bounded-in-circle,Medium,Math; String; Simulation,2019-05-12,train,True,5,airbnb; goldman-sachs; paypal; qualtrics; twitter,goldman-sachs; paypal; qualtrics; twitter; airbnb,goldman-sachs; paypal,goldman-sachs; paypal,goldman-sachs; paypal; qualtrics; twitter,airbnb; goldman-sachs; paypal; qualtrics; twitter,13,https://leetcode.com/problems/robot-bounded-in-circle
1042,flower-planting-with-no-adjacent,Medium,Depth-First Search; Breadth-First Search; Graph,2019-05-12,train,True,1,linkedin,linkedin,linkedin,linkedin,linkedin,linkedin,4,https://leetcode.com/problems/flower-planting-with-no-adjacent
1043,partition-array-for-maximum-sum,Medium,Array; Dynamic Programming,2019-05-12,train,True,1,facebook,facebook,,,,facebook,1,https://leetcode.com/problems/partition-array-for-maximum-sum
1044,longest-duplicate-substring,Hard,String; Binary Search; Suffix Array; Sliding Window; Hash Function; Rolling Hash,2019-05-12,train,True,5,amazon; apple; google; microsoft; oracle,amazon; microsoft; google; apple; oracle,amazon; microsoft; oracle,amazon; microsoft; oracle,amazon; apple; google; microsoft; oracle,amazon; apple; google; microsoft; oracle,16,https://leetcode.com/problems/longest-duplicate-substring
1046,last-stone-weight,Easy,Array; Heap (Priority Queue),2019-05-19,train,True,1,amazon,amazon,amazon,amazon,amazon,amazon,4,https://leetcode.com/problems/last-stone-weight
1047,remove-all-adjacent-duplicates-in-string,Easy,Stack; String,2019-05-19,train,True,7,amazon; bloomberg; facebook; google; oracle; paypal; paytm,google; bloomberg; amazon; facebook; oracle; paypal; paytm,amazon; facebook; google,amazon; bloomberg; facebook; google; oracle; paypal,amazon; bloomberg; facebook; google; oracle; paypal,amazon; bloomberg; facebook; google; oracle; paypal; paytm,22,https://leetcode.com/problems/remove-all-adjacent-duplicates-in-string
1048,longest-string-chain,Medium,Array; Hash Table; Two Pointers; String; Dynamic Programming; Sorting,2019-05-19,train,True,7,akuna-capital; amazon; citadel; google; sap; two-sigma; vmware,two-sigma; google; citadel; vmware; amazon; sap; akuna-capital,amazon; citadel; google; two-sigma; vmware,akuna-capital; amazon; citadel; google; sap; two-sigma; vmware,akuna-capital; amazon; citadel; google; sap; two-sigma; vmware,akuna-capital; amazon; citadel; google; sap; two-sigma; vmware,26,https://leetcode.com/problems/longest-string-chain
1049,last-stone-weight-ii,Medium,Array; Dynamic Programming,2019-05-19,train,True,1,amazon,amazon,,amazon,amazon,amazon,3,https://leetcode.com/problems/last-stone-weight-ii
1051,height-checker,Easy,Array; Counting Sort; Sorting,2019-05-26,train,True,5,adobe; amazon; goldman-sachs; google; salesforce,goldman-sachs; adobe; amazon; google; salesforce,goldman-sachs,adobe; goldman-sachs; google,adobe; amazon; goldman-sachs; google,adobe; amazon; goldman-sachs; google; salesforce,13,https://leetcode.com/problems/height-checker
1052,grumpy-bookstore-owner,Medium,Array; Sliding Window,2019-05-26,train,True,1,nutanix,nutanix,nutanix,nutanix,nutanix,nutanix,4,https://leetcode.com/problems/grumpy-bookstore-owner
1053,previous-permutation-with-one-swap,Medium,Greedy; Array,2019-05-26,train,True,3,facebook; microsoft; quora,facebook; quora; microsoft,,facebook; quora,facebook; quora,facebook; microsoft; quora,7,https://leetcode.com/problems/previous-permutation-with-one-swap
1054,distant-barcodes,Medium,Greedy; Array; Hash Table; Counting; Sorting; Heap (Priority Queue),2019-05-26,train,True,2,amazon; bloomberg,bloomberg; amazon,bloomberg,bloomberg,bloomberg,amazon; bloomberg,5,https://leetcode.com/problems/distant-barcodes
1055,shortest-way-to-form-string,Medium,Greedy; Two Pointers; String; Binary Search,2019-05-26,train,True,2,facebook; google,google; facebook,,facebook; google,facebook; google,facebook; google,6,https://leetcode.com/problems/shortest-way-to-form-string
1056,confusing-number,Easy,Math,2019-05-26,train,True,1,google,google,,google,google,google,3,https://leetcode.com/problems/confusing-number
1057,campus-bikes,Medium,Array; Sorting; Heap (Priority Queue),2019-05-26,train,True,4,amazon; bytedance; facebook; google,google; amazon; bytedance; facebook,amazon; facebook,amazon; facebook; google,amazon; bytedance; facebook; google,amazon; bytedance; facebook; google,13,https://leetcode.com/problems/campus-bikes
1058,minimize-rounding-error-to-meet-target,Medium,Greedy; Array; Math; String; Sorting,2019-05-26,train,True,1,airbnb,airbnb,,,,airbnb,1,https://leetcode.com/problems/minimize-rounding-error-to-meet-target
1059,all-paths-from-source-lead-to-destination,Medium,Graph; Topological Sort,2019-05-26,train,True,2,amazon; google,amazon; google,,,amazon,amazon; google,3,https://leetcode.com/problems/all-paths-from-source-lead-to-destination
1060,missing-element-in-sorted-array,Medium,Array; Binary Search,2019-05-26,train,True,6,amazon; apple; bloomberg; facebook; google; lyft,facebook; google; amazon; bloomberg; apple; lyft,facebook; google,amazon; apple; bloomberg; facebook; google; lyft,amazon; apple; bloomberg; facebook; google; lyft,amazon; apple; bloomberg; facebook; google; lyft,20,https://leetcode.com/problems/missing-element-in-sorted-array
1061,lexicographically-smallest-equivalent-string,Medium,Union Find; String,2019-05-26,train,False,0,,,,,,,0,https://leetcode.com/problems/lexicographically-smallest-equivalent-string
1062,longest-repeating-substring,Medium,String; Binary Search; Dynamic Programming; Suffix Array; Hash Function; Rolling Hash,2019-05-26,train,True,4,amazon; facebook; google; microsoft,amazon; google; microsoft; facebook,facebook; google,amazon; facebook; google,amazon; facebook; google; microsoft,amazon; facebook; google; microsoft,13,https://leetcode.com/problems/longest-repeating-substring
1063,number-of-valid-subarrays,Hard,Stack; Array; Monotonic Stack,2019-05-26,train,True,1,hulu,hulu,,,,hulu,1,https://leetcode.com/problems/number-of-valid-subarrays
1064,fixed-point,Easy,Array; Binary Search,2019-05-26,train,True,1,uber,uber,,,,uber,1,https://leetcode.com/problems/fixed-point
1065,index-pairs-of-a-string,Easy,Trie; Array; String; Sorting,2019-05-26,train,True,1,amazon,amazon,,,,amazon,1,https://leetcode.com/problems/index-pairs-of-a-string
1066,campus-bikes-ii,Medium,Bit Manipulation; Array; Dynamic Programming; Backtracking; Bitmask,2019-05-26,train,True,2,amazon; google,google; amazon,,amazon; google,amazon; google,amazon; google,6,https://leetcode.com/problems/campus-bikes-ii
1067,digit-count-in-range,Hard,Math; Dynamic Programming,2019-05-26,train,True,1,amazon,amazon,,,,amazon,1,https://leetcode.com/problems/digit-count-in-range
1071,greatest-common-divisor-of-strings,Easy,Math; String,2019-06-02,train,True,2,atlassian; capital-one,capital-one; atlassian,atlassian; capital-one,atlassian; capital-one,atlassian; capital-one,atlassian; capital-one,8,https://leetcode.com/problems/greatest-common-divisor-of-strings
1072,flip-columns-for-maximum-number-of-equal-rows,Medium,Array; Hash Table; Matrix,2019-06-02,train,False,0,,,,,,,0,https://leetcode.com/problems/flip-columns-for-maximum-number-of-equal-rows
1073,adding-two-negabinary-numbers,Medium,Array; Math,2019-06-02,train,True,1,grab,grab,,,,grab,1,https://leetcode.com/problems/adding-two-negabinary-numbers
1074,number-of-submatrices-that-sum-to-target,Hard,Array; Hash Table; Matrix; Prefix Sum,2019-06-02,train,True,2,amazon; google,google; amazon,amazon; google,amazon; google,amazon; google,amazon; google,8,https://leetcode.com/problems/number-of-submatrices-that-sum-to-target
1078,occurrences-after-bigram,Easy,String,2019-06-09,train,True,1,google,google,,,,google,1,https://leetcode.com/problems/occurrences-after-bigram
1079,letter-tile-possibilities,Medium,Hash Table; String; Backtracking; Counting,2019-06-09,train,True,2,google; microsoft,microsoft; google,microsoft,microsoft,microsoft,google; microsoft,5,https://leetcode.com/problems/letter-tile-possibilities
1080,insufficient-nodes-in-root-to-leaf-paths,Medium,Tree; Depth-First Search; Binary Tree,2019-06-09,train,True,1,amazon,amazon,,,,amazon,1,https://leetcode.com/problems/insufficient-nodes-in-root-to-leaf-paths
1081,smallest-subsequence-of-distinct-characters,Medium,Stack; Greedy; String; Monotonic Stack,2019-06-09,train,True,2,amazon; factset,amazon; factset,,amazon,amazon,amazon; factset,4,https://leetcode.com/problems/smallest-subsequence-of-distinct-characters
1085,sum-of-digits-in-the-minimum-number,Easy,Array; Math,2019-06-09,train,True,1,amazon,amazon,,,,amazon,1,https://leetcode.com/problems/sum-of-digits-in-the-minimum-number
1086,high-five,Easy,Array; Hash Table; Sorting; Heap (Priority Queue),2019-06-09,train,True,2,amazon; goldman-sachs,goldman-sachs; amazon,goldman-sachs,goldman-sachs,amazon; goldman-sachs,amazon; goldman-sachs,6,https://leetcode.com/problems/high-five
1087,brace-expansion,Medium,Breadth-First Search; String; Backtracking,2019-06-09,train,True,1,google,google,,google,google,google,3,https://leetcode.com/problems/brace-expansion
1088,confusing-number-ii,Hard,Math; Backtracking,2019-06-09,train,True,1,google,google,google,google,google,google,4,https://leetcode.com/problems/confusing-number-ii
1089,duplicate-zeros,Easy,Array; Two Pointers,2019-06-16,train,True,1,google,google,,,,google,1,https://leetcode.com/problems/duplicate-zeros
1090,largest-values-from-labels,Medium,Greedy; Array; Hash Table; Counting; Sorting,2019-06-16,train,True,1,google,google,,,,google,1,https://leetcode.com/problems/largest-values-from-labels
1091,shortest-path-in-binary-matrix,Medium,Breadth-First Search; Array; Matrix,2019-06-16,train,True,5,amazon; facebook; google; microsoft; uber,amazon; google; facebook; microsoft; uber,amazon; facebook,amazon; facebook; google; microsoft; uber,amazon; facebook; google; microsoft; uber,amazon; facebook; google; microsoft; uber,17,https://leetcode.com/problems/shortest-path-in-binary-matrix
1092,shortest-common-supersequence,Hard,String; Dynamic Programming,2019-06-16,train,True,1,microsoft,microsoft,,,,microsoft,1,https://leetcode.com/problems/shortest-common-supersequence
1093,statistics-from-a-large-sample,Medium,Array; Math; Probability and Statistics,2019-06-23,train,True,1,microsoft,microsoft,,,,microsoft,1,https://leetcode.com/problems/statistics-from-a-large-sample
1094,car-pooling,Medium,Array; Prefix Sum; Sorting; Simulation; Heap (Priority Queue),2019-06-23,train,True,3,amazon; facebook; lyft,facebook; amazon; lyft,amazon; facebook,amazon; facebook,amazon; facebook,amazon; facebook; lyft,9,https://leetcode.com/problems/car-pooling
1096,brace-expansion-ii,Hard,Stack; Breadth-First Search; String; Backtracking,2019-06-23,train,True,2,adobe; google,google; adobe,,adobe; google,adobe; google,adobe; google,6,https://leetcode.com/problems/brace-expansion-ii
1099,two-sum-less-than-k,Easy,Array; Two Pointers; Binary Search; Sorting,2019-06-23,train,True,2,amazon; google,amazon; google,amazon,amazon,amazon; google,amazon; google,6,https://leetcode.com/problems/two-sum-less-than-k
1100,find-k-length-substrings-with-no-repeated-characters,Medium,Hash Table; String; Sliding Window,2019-06-23,train,True,1,amazon,amazon,,amazon,amazon,amazon,3,https://leetcode.com/problems/find-k-length-substrings-with-no-repeated-characters
1101,the-earliest-moment-when-everyone-become-friends,Medium,Union Find; Array; Sorting,2019-06-23,train,True,1,expedia,expedia,,,,expedia,1,https://leetcode.com/problems/the-earliest-moment-when-everyone-become-friends
1102,path-with-maximum-minimum-value,Medium,Depth-First Search; Breadth-First Search; Union Find; Array; Binary Search; Matrix; Heap (Priority Queue),2019-06-23,train,True,2,amazon; google,amazon; google,amazon; google,amazon; google,amazon; google,amazon; google,8,https://leetcode.com/problems/path-with-maximum-minimum-value
1103,distribute-candies-to-people,Easy,Math; Simulation,2019-06-30,train,False,0,,,,,,,0,https://leetcode.com/problems/distribute-candies-to-people
1104,path-in-zigzag-labelled-binary-tree,Medium,Tree; Math; Binary Tree,2019-06-30,train,True,3,amazon; bloomberg; microsoft,amazon; microsoft; bloomberg,,amazon; microsoft,amazon; microsoft,amazon; bloomberg; microsoft,7,https://leetcode.com/problems/path-in-zigzag-labelled-binary-tree
1105,filling-bookcase-shelves,Medium,Array; Dynamic Programming,2019-06-30,train,True,2,bloomberg; google,bloomberg; google,,google,bloomberg; google,bloomberg; google,5,https://leetcode.com/problems/filling-bookcase-shelves
1106,parsing-a-boolean-expression,Hard,Stack; Recursion; String,2019-06-30,train,True,1,affinity,affinity,,,,affinity,1,https://leetcode.com/problems/parsing-a-boolean-expression
1108,defanging-an-ip-address,Easy,String,2019-07-07,train,True,6,adobe; amazon; apple; facebook; google; yahoo,amazon; apple; adobe; facebook; google; yahoo,amazon,adobe; amazon; apple; facebook; yahoo,adobe; amazon; apple; facebook; google; yahoo,adobe; amazon; apple; facebook; google; yahoo,18,https://leetcode.com/problems/defanging-an-ip-address
1109,corporate-flight-bookings,Medium,Array; Prefix Sum,2019-07-07,train,True,1,goldman-sachs,goldman-sachs,,,,goldman-sachs,1,https://leetcode.com/problems/corporate-flight-bookings
1111,maximum-nesting-depth-of-two-valid-parentheses-strings,Medium,Stack; String,2019-07-07,train,True,1,bloomreach,bloomreach,,,,bloomreach,1,https://leetcode.com/problems/maximum-nesting-depth-of-two-valid-parentheses-strings
1118,number-of-days-in-a-month,Easy,Math,2019-07-07,train,True,1,amazon,amazon,,,,amazon,1,https://leetcode.com/problems/number-of-days-in-a-month
1119,remove-vowels-from-a-string,Easy,String,2019-07-07,train,True,1,amazon,amazon,,,,amazon,1,https://leetcode.com/problems/remove-vowels-from-a-string
1120,maximum-average-subtree,Medium,Tree; Depth-First Search; Binary Tree,2019-07-07,train,True,2,amazon; atlassian,amazon; atlassian,,amazon; atlassian,amazon; atlassian,amazon; atlassian,6,https://leetcode.com/problems/maximum-average-subtree
1121,divide-array-into-increasing-sequences,Hard,Array; Counting,2019-07-07,train,True,1,google,google,,,,google,1,https://leetcode.com/problems/divide-array-into-increasing-sequences
1122,relative-sort-array,Easy,Array; Hash Table; Counting Sort; Sorting,2019-07-14,train,True,5,amazon; de-shaw; ebay; google; microsoft,amazon; google; ebay; microsoft; de-shaw,,amazon; ebay; google,amazon; ebay; google; microsoft,amazon; de-shaw; ebay; google; microsoft,12,https://leetcode.com/problems/relative-sort-array
1123,lowest-common-ancestor-of-deepest-leaves,Medium,Tree; Depth-First Search; Breadth-First Search; Hash Table; Binary Tree,2019-07-14,train,True,3,bloomberg; facebook; google,facebook; google; bloomberg,bloomberg; facebook,bloomberg; facebook; google,bloomberg; facebook; google,bloomberg; facebook; google,11,https://leetcode.com/problems/lowest-common-ancestor-of-deepest-leaves
1124,longest-well-performing-interval,Medium,Stack; Array; Hash Table; Prefix Sum; Monotonic Stack,2019-07-14,train,True,1,infosys,infosys,,,,infosys,1,https://leetcode.com/problems/longest-well-performing-interval
1125,smallest-sufficient-team,Hard,Bit Manipulation; Array; Dynamic Programming; Bitmask,2019-07-14,train,True,1,google,google,google,google,google,google,4,https://leetcode.com/problems/smallest-sufficient-team
1128,number-of-equivalent-domino-pairs,Easy,Array; Hash Table; Counting,2019-07-21,train,True,1,amazon,amazon,,,,amazon,1,https://leetcode.com/problems/number-of-equivalent-domino-pairs
1129,shortest-path-with-alternating-colors,Medium,Breadth-First Search; Graph,2019-07-21,train,True,1,amazon,amazon,,,,amazon,1,https://leetcode.com/problems/shortest-path-with-alternating-colors
1130,minimum-cost-tree-from-leaf-values,Medium,Stack; Greedy; Array; Dynamic Programming; Monotonic Stack,2019-07-21,train,True,2,amazon; mathworks,mathworks; amazon,amazon; mathworks,amazon; mathworks,amazon; mathworks,amazon; mathworks,8,https://leetcode.com/problems/minimum-cost-tree-from-leaf-values
1131,maximum-of-absolute-value-expression,Medium,Array; Math,2019-07-21,train,True,2,google; microsoft,google; microsoft,google,google,google,google; microsoft,5,https://leetcode.com/problems/maximum-of-absolute-value-expression
1133,largest-unique-number,Easy,Array; Hash Table; Sorting,2019-07-21,train,True,1,amazon,amazon,,,,amazon,1,https://leetcode.com/problems/largest-unique-number
1134,armstrong-number,Easy,Math,2019-07-21,train,True,1,amazon,amazon,,,,amazon,1,https://leetcode.com/problems/armstrong-number
1135,connecting-cities-with-minimum-cost,Medium,Union Find; Graph; Minimum Spanning Tree; Heap (Priority Queue),2019-07-21,train,True,2,amazon; uber,amazon; uber,amazon,amazon; uber,amazon; uber,amazon; uber,7,https://leetcode.com/problems/connecting-cities-with-minimum-cost
1136,parallel-courses,Medium,Graph; Topological Sort,2019-07-21,train,True,3,google; microsoft; uber,google; microsoft; uber,google; uber,google; microsoft; uber,google; microsoft; uber,google; microsoft; uber,11,https://leetcode.com/problems/parallel-courses
1137,n-th-tribonacci-number,Easy,Memoization; Math; Dynamic Programming,2019-07-28,train,True,2,coursera; facebook,facebook; coursera,facebook,facebook,facebook,coursera; facebook,5,https://leetcode.com/problems/n-th-tribonacci-number
1138,alphabet-board-path,Medium,Hash Table; String,2019-07-28,train,True,2,google; zulily,google; zulily,,zulily,zulily,google; zulily,4,https://leetcode.com/problems/alphabet-board-path
1139,largest-1-bordered-square,Medium,Array; Dynamic Programming; Matrix,2019-07-28,train,True,2,amazon; samsung,amazon; samsung,amazon,amazon,amazon,amazon; samsung,5,https://leetcode.com/problems/largest-1-bordered-square
1140,stone-game-ii,Medium,Array; Math; Dynamic Programming; Game Theory; Prefix Sum,2019-07-28,train,True,2,bytedancetoutiao; google,google; bytedancetoutiao,google,google,google,bytedancetoutiao; google,5,https://leetcode.com/problems/stone-game-ii
1143,longest-common-subsequence,Medium,String; Dynamic Programming,2019-07-28,train,True,7,amazon; bytedance; facebook; google; indeed; microsoft; tencent,amazon; google; microsoft; bytedance; tencent; facebook; indeed,amazon; bytedance; google; indeed; tencent,amazon; bytedance; facebook; google; indeed; microsoft; tencent,amazon; bytedance; facebook; google; indeed; microsoft; tencent,amazon; bytedance; facebook; google; indeed; microsoft; tencent,26,https://leetcode.com/problems/longest-common-subsequence
1144,decrease-elements-to-make-array-zigzag,Medium,Greedy; Array,2019-08-04,train,True,1,google,google,,,,google,1,https://leetcode.com/problems/decrease-elements-to-make-array-zigzag
1145,binary-tree-coloring-game,Medium,Tree; Depth-First Search; Binary Tree,2019-08-04,train,True,3,bloomberg; google; microsoft,google; bloomberg; microsoft,bloomberg,bloomberg; google; microsoft,bloomberg; google; microsoft,bloomberg; google; microsoft,10,https://leetcode.com/problems/binary-tree-coloring-game
1147,longest-chunked-palindrome-decomposition,Hard,Greedy; Two Pointers; String; Dynamic Programming; Hash Function; Rolling Hash,2019-08-04,train,True,1,google,google,,,,google,1,https://leetcode.com/problems/longest-chunked-palindrome-decomposition
1150,check-if-a-number-is-majority-element-in-a-sorted-array,Easy,Array; Binary Search,2019-08-04,train,True,1,salesforce,salesforce,,,,salesforce,1,https://leetcode.com/problems/check-if-a-number-is-majority-element-in-a-sorted-array
1151,minimum-swaps-to-group-all-1s-together,Medium,Array; Sliding Window,2019-08-04,train,True,1,expedia,expedia,,,,expedia,1,https://leetcode.com/problems/minimum-swaps-to-group-all-1s-together
1152,analyze-user-website-visit-pattern,Medium,Array; Hash Table; Sorting,2019-08-04,train,True,1,amazon,amazon,amazon,amazon,amazon,amazon,4,https://leetcode.com/problems/analyze-user-website-visit-pattern
1153,string-transforms-into-another-string,Hard,Hash Table; String,2019-08-04,train,True,2,amazon; google,google; amazon,amazon; google,amazon; google,amazon; google,amazon; google,8,https://leetcode.com/problems/string-transforms-into-another-string
1154,day-of-the-year,Easy,Math; String,2019-08-11,train,True,1,zscaler,zscaler,,,,zscaler,1,https://leetcode.com/problems/day-of-the-year
1155,number-of-dice-rolls-with-target-sum,Medium,Dynamic Programming,2019-08-11,train,True,4,amazon; bloomberg; google; microsoft,amazon; google; bloomberg; microsoft,amazon; bloomberg; google,amazon; bloomberg; google; microsoft,amazon; bloomberg; google; microsoft,amazon; bloomberg; google; microsoft,15,https://leetcode.com/problems/number-of-dice-rolls-with-target-sum
1156,swap-for-longest-repeated-character-substring,Medium,Hash Table; String; Sliding Window,2019-08-11,train,True,2,microsoft; nutanix,microsoft; nutanix,microsoft,microsoft,microsoft,microsoft; nutanix,5,https://leetcode.com/problems/swap-for-longest-repeated-character-substring
1160,find-words-that-can-be-formed-by-characters,Easy,Array; Hash Table; String; Counting,2019-08-18,train,True,1,amazon,amazon,,amazon,amazon,amazon,3,https://leetcode.com/problems/find-words-that-can-be-formed-by-characters
1161,maximum-level-sum-of-a-binary-tree,Medium,Tree; Depth-First Search; Breadth-First Search; Binary Tree,2019-08-18,train,True,2,amazon; google,amazon; google,amazon,amazon,amazon,amazon; google,5,https://leetcode.com/problems/maximum-level-sum-of-a-binary-tree
1162,as-far-from-land-as-possible,Medium,Breadth-First Search; Array; Dynamic Programming; Matrix,2019-08-18,train,True,2,amazon; uipath,amazon; uipath,amazon,amazon,amazon,amazon; uipath,5,https://leetcode.com/problems/as-far-from-land-as-possible
1163,last-substring-in-lexicographical-order,Hard,Two Pointers; String,2019-08-18,train,True,4,goldman-sachs; mathworks; roblox; two-sigma,mathworks; goldman-sachs; roblox; two-sigma,goldman-sachs; mathworks; roblox,goldman-sachs; mathworks; roblox; two-sigma,goldman-sachs; mathworks; roblox; two-sigma,goldman-sachs; mathworks; roblox; two-sigma,15,https://leetcode.com/problems/last-substring-in-lexicographical-order
1165,single-row-keyboard,Easy,Hash Table; String,2019-08-18,train,True,1,google,google,,google,google,google,3,https://leetcode.com/problems/single-row-keyboard
1167,minimum-cost-to-connect-sticks,Medium,Greedy; Array; Heap (Priority Queue),2019-08-18,train,True,2,amazon; google,amazon; google,amazon,amazon,amazon,amazon; google,5,https://leetcode.com/problems/minimum-cost-to-connect-sticks
1168,optimize-water-distribution-in-a-village,Hard,Union Find; Graph; Minimum Spanning Tree; Heap (Priority Queue),2019-08-18,train,True,2,google; yahoo,google; yahoo,,google; yahoo,google; yahoo,google; yahoo,6,https://leetcode.com/problems/optimize-water-distribution-in-a-village
1169,invalid-transactions,Medium,Array; Hash Table; String; Sorting,2019-08-25,train,True,1,bloomberg,bloomberg,bloomberg,bloomberg,bloomberg,bloomberg,4,https://leetcode.com/problems/invalid-transactions
1170,compare-strings-by-frequency-of-the-smallest-character,Medium,Array; Hash Table; String; Binary Search; Sorting,2019-08-25,train,True,2,google; oracle,google; oracle,,google; oracle,google; oracle,google; oracle,6,https://leetcode.com/problems/compare-strings-by-frequency-of-the-smallest-character
1171,remove-zero-sum-consecutive-nodes-from-linked-list,Medium,Hash Table; Linked List,2019-08-25,train,True,1,uber,uber,,,,uber,1,https://leetcode.com/problems/remove-zero-sum-consecutive-nodes-from-linked-list
1175,prime-arrangements,Easy,Math,2019-09-01,train,True,1,amazon,amazon,,,,amazon,1,https://leetcode.com/problems/prime-arrangements
1176,diet-plan-performance,Easy,Array; Sliding Window,2019-09-01,train,True,1,amazon,amazon,,,,amazon,1,https://leetcode.com/problems/diet-plan-performance
1177,can-make-palindrome-from-substring,Medium,Bit Manipulation; Array; Hash Table; String; Prefix Sum,2019-09-01,train,True,1,akuna-capital,akuna-capital,,akuna-capital,akuna-capital,akuna-capital,3,https://leetcode.com/problems/can-make-palindrome-from-substring
1178,number-of-valid-words-for-each-puzzle,Hard,Bit Manipulation; Trie; Array; Hash Table; String,2019-09-01,train,True,1,dropbox,dropbox,,dropbox,dropbox,dropbox,3,https://leetcode.com/problems/number-of-valid-words-for-each-puzzle
1180,count-substrings-with-only-one-distinct-letter,Easy,Math; String,2019-09-01,train,True,1,virtu,virtu,virtu,virtu,virtu,virtu,4,https://leetcode.com/problems/count-substrings-with-only-one-distinct-letter
1181,before-and-after-puzzle,Medium,Array; Hash Table; String; Sorting,2019-09-01,train,True,1,clutter,clutter,,,,clutter,1,https://leetcode.com/problems/before-and-after-puzzle
1182,shortest-distance-to-target-color,Medium,Array; Binary Search; Dynamic Programming,2019-09-01,train,True,1,google,google,,,,google,1,https://leetcode.com/problems/shortest-distance-to-target-color
1183,maximum-number-of-ones,Hard,Greedy; Math; Sorting; Heap (Priority Queue),2019-09-01,train,True,1,qualcomm,qualcomm,,,,qualcomm,1,https://leetcode.com/problems/maximum-number-of-ones
1184,distance-between-bus-stops,Easy,Array,2019-09-08,train,True,1,google,google,,,,google,1,https://leetcode.com/problems/distance-between-bus-stops
1185,day-of-the-week,Easy,Math,2019-09-08,train,True,2,microsoft; united-health-group,microsoft; united-health-group,,microsoft,microsoft,microsoft; united-health-group,4,https://leetcode.com/problems/day-of-the-week
1186,maximum-subarray-sum-with-one-deletion,Medium,Array; Dynamic Programming,2019-09-08,train,True,1,two-sigma,two-sigma,,,,two-sigma,1,https://leetcode.com/problems/maximum-subarray-sum-with-one-deletion
1187,make-array-strictly-increasing,Hard,Array; Binary Search; Dynamic Programming; Sorting,2019-09-08,train,False,0,,,,,,,0,https://leetcode.com/problems/make-array-strictly-increasing
1189,maximum-number-of-balloons,Easy,Hash Table; String; Counting,2019-09-15,train,True,2,tesla; wayfair,wayfair; tesla,tesla,tesla; wayfair,tesla; wayfair,tesla; wayfair,7,https://leetcode.com/problems/maximum-number-of-balloons
1190,reverse-substrings-between-each-pair-of-parentheses,Medium,Stack; String,2019-09-15,train,True,3,adobe; oracle; postmates,oracle; adobe; postmates,oracle; postmates,oracle; postmates,oracle; postmates,adobe; oracle; postmates,9,https://leetcode.com/problems/reverse-substrings-between-each-pair-of-parentheses
1191,k-concatenation-maximum-sum,Medium,Array; Dynamic Programming,2019-09-15,train,False,0,,,,,,,0,https://leetcode.com/problems/k-concatenation-maximum-sum
1192,critical-connections-in-a-network,Hard,Depth-First Search; Graph; Biconnected Component,2019-09-15,train,True,4,adobe; amazon; google; microsoft,amazon; google; microsoft; adobe,amazon; google,adobe; amazon; google; microsoft,adobe; amazon; google; microsoft,adobe; amazon; google; microsoft,14,https://leetcode.com/problems/critical-connections-in-a-network
1196,how-many-apples-can-you-put-into-the-basket,Easy,Greedy; Array; Sorting,2019-09-15,train,True,1,virtu,virtu,virtu,virtu,virtu,virtu,4,https://leetcode.com/problems/how-many-apples-can-you-put-into-the-basket
1197,minimum-knight-moves,Medium,Breadth-First Search,2019-09-15,train,True,7,amazon; apple; facebook; google; indeed; microsoft; oracle,google; facebook; amazon; indeed; microsoft; oracle; apple,amazon; facebook; google; indeed,amazon; apple; facebook; google; indeed; microsoft; oracle,amazon; apple; facebook; google; indeed; microsoft; oracle,amazon; apple; facebook; google; indeed; microsoft; oracle,25,https://leetcode.com/problems/minimum-knight-moves
1198,find-smallest-common-element-in-all-rows,Medium,Array; Hash Table; Binary Search; Counting; Matrix,2019-09-15,train,True,2,amazon; microsoft,amazon; microsoft,,amazon,amazon,amazon; microsoft,4,https://leetcode.com/problems/find-smallest-common-element-in-all-rows
1199,minimum-time-to-build-blocks,Hard,Greedy; Array; Math; Heap (Priority Queue),2019-09-15,train,True,1,google,google,,,,google,1,https://leetcode.com/problems/minimum-time-to-build-blocks
1200,minimum-absolute-difference,Easy,Array; Sorting,2019-09-22,train,True,1,audible,audible,,,,audible,1,https://leetcode.com/problems/minimum-absolute-difference
1201,ugly-number-iii,Medium,Math; Binary Search; Combinatorics; Number Theory,2019-09-22,train,True,1,american-express,american-express,,,,american-express,1,https://leetcode.com/problems/ugly-number-iii
1202,smallest-string-with-swaps,Medium,Depth-First Search; Breadth-First Search; Union Find; Array; Hash Table; String; Sorting,2019-09-22,train,True,3,amazon; bytedance; phonepe,bytedance; amazon; phonepe,,amazon; bytedance,amazon; bytedance,amazon; bytedance; phonepe,7,https://leetcode.com/problems/smallest-string-with-swaps
1203,sort-items-by-groups-respecting-dependencies,Hard,Depth-First Search; Breadth-First Search; Graph; Topological Sort,2019-09-22,train,True,1,google,google,,google,google,google,3,https://leetcode.com/problems/sort-items-by-groups-respecting-dependencies
1207,unique-number-of-occurrences,Easy,Array; Hash Table,2019-09-29,train,True,1,google,google,,,,google,1,https://leetcode.com/problems/unique-number-of-occurrences
1208,get-equal-substrings-within-budget,Medium,String; Binary Search; Prefix Sum; Sliding Window,2019-09-29,train,True,1,traveloka,traveloka,,,,traveloka,1,https://leetcode.com/problems/get-equal-substrings-within-budget
1209,remove-all-adjacent-duplicates-in-string-ii,Medium,Stack; String,2019-09-29,train,True,6,bloomberg; facebook; factset; goldman-sachs; google; vmware,bloomberg; google; facebook; goldman-sachs; vmware; factset,bloomberg; facebook; goldman-sachs,bloomberg; facebook; goldman-sachs; google; vmware,bloomberg; facebook; goldman-sachs; google; vmware,bloomberg; facebook; factset; goldman-sachs; google; vmware,19,https://leetcode.com/problems/remove-all-adjacent-duplicates-in-string-ii
1210,minimum-moves-to-reach-target-with-rotations,Hard,Breadth-First Search; Array; Matrix,2019-09-29,train,True,1,kakao,kakao,,,,kakao,1,https://leetcode.com/problems/minimum-moves-to-reach-target-with-rotations
1213,intersection-of-three-sorted-arrays,Easy,Array; Hash Table; Binary Search; Counting,2019-09-29,train,True,2,facebook; tripadvisor,facebook; tripadvisor,facebook,facebook; tripadvisor,facebook; tripadvisor,facebook; tripadvisor,7,https://leetcode.com/problems/intersection-of-three-sorted-arrays
1214,two-sum-bsts,Medium,Stack; Tree; Depth-First Search; Binary Search Tree; Two Pointers; Binary Search; Binary Tree,2019-09-29,train,True,1,amazon,amazon,amazon,amazon,amazon,amazon,4,https://leetcode.com/problems/two-sum-bsts
1215,stepping-numbers,Medium,Breadth-First Search; Math; Backtracking,2019-09-29,train,True,2,amazon; epic-systems,amazon; epic-systems,,amazon,amazon,amazon; epic-systems,4,https://leetcode.com/problems/stepping-numbers
1216,valid-palindrome-iii,Hard,String; Dynamic Programming,2019-09-29,train,True,1,facebook,facebook,facebook,facebook,facebook,facebook,4,https://leetcode.com/problems/valid-palindrome-iii
1217,minimum-cost-to-move-chips-to-the-same-position,Easy,Greedy; Array; Math,2019-10-06,train,True,1,morgan-stanley,morgan-stanley,,,,morgan-stanley,1,https://leetcode.com/problems/minimum-cost-to-move-chips-to-the-same-position
1218,longest-arithmetic-subsequence-of-given-difference,Medium,Array; Hash Table; Dynamic Programming,2019-10-06,train,True,1,google,google,google,google,google,google,4,https://leetcode.com/problems/longest-arithmetic-subsequence-of-given-difference
1219,path-with-maximum-gold,Medium,Array; Backtracking; Matrix,2019-10-06,train,True,4,amazon; facebook; goldman-sachs; google,amazon; google; facebook; goldman-sachs,amazon,amazon; facebook; goldman-sachs; google,amazon; facebook; goldman-sachs; google,amazon; facebook; goldman-sachs; google,13,https://leetcode.com/problems/path-with-maximum-gold
1220,count-vowels-permutation,Hard,Dynamic Programming,2019-10-06,train,True,1,c3ai,c3ai,,,,c3ai,1,https://leetcode.com/problems/count-vowels-permutation
1221,split-a-string-in-balanced-strings,Easy,Greedy; String; Counting,2019-10-13,train,True,2,amazon; apple,apple; amazon,apple,amazon; apple,amazon; apple,amazon; apple,7,https://leetcode.com/problems/split-a-string-in-balanced-strings
1222,queens-that-can-attack-the-king,Medium,Array; Matrix; Simulation,2019-10-13,train,True,1,medianet,medianet,,,,medianet,1,https://leetcode.com/problems/queens-that-can-attack-the-king
1223,dice-roll-simulation,Hard,Array; Dynamic Programming,2019-10-13,train,True,4,akuna-capital; atlassian; bloomberg; google,akuna-capital; google; bloomberg; atlassian,akuna-capital; atlassian; google,akuna-capital; atlassian; bloomberg; google,akuna-capital; atlassian; bloomberg; google,akuna-capital; atlassian; bloomberg; google,15,https://leetcode.com/problems/dice-roll-simulation
1224,maximum-equal-frequency,Hard,Array; Hash Table,2019-10-13,train,True,1,american-express,american-express,,,,american-express,1,https://leetcode.com/problems/maximum-equal-frequency
1227,airplane-seat-assignment-probability,Medium,Brainteaser; Math; Dynamic Programming; Probability and Statistics,2019-10-13,train,True,1,microstrategy,microstrategy,,,,microstrategy,1,https://leetcode.com/problems/airplane-seat-assignment-probability
1228,missing-number-in-arithmetic-progression,Easy,Array; Math,2019-10-13,train,True,1,audible,audible,,audible,audible,audible,3,https://leetcode.com/problems/missing-number-in-arithmetic-progression
1229,meeting-scheduler,Medium,Array; Two Pointers; Sorting,2019-10-13,train,True,8,amazon; apple; doordash; google; microsoft; paypal; pramp; uber,doordash; amazon; apple; google; microsoft; uber; paypal; pramp,amazon; apple; doordash; google; microsoft,amazon; apple; doordash; google; microsoft; uber,amazon; apple; doordash; google; microsoft; uber,amazon; apple; doordash; google; microsoft; paypal; pramp; uber,25,https://leetcode.com/problems/meeting-scheduler
1230,toss-strange-coins,Medium,Array; Math; Dynamic Programming; Probability and Statistics,2019-10-13,train,True,1,twitch,twitch,,,,twitch,1,https://leetcode.com/problems/toss-strange-coins
1231,divide-chocolate,Hard,Array; Binary Search,2019-10-13,train,True,1,google,google,google,google,google,google,4,https://leetcode.com/problems/divide-chocolate
1232,check-if-it-is-a-straight-line,Easy,Geometry; Array; Math,2019-10-20,train,True,1,palantir,palantir,,,,palantir,1,https://leetcode.com/problems/check-if-it-is-a-straight-line
1233,remove-sub-folders-from-the-filesystem,Medium,Depth-First Search; Trie; Array; String,2019-10-20,train,True,3,amazon; facebook; google,facebook; amazon; google,facebook,amazon; facebook,amazon; facebook,amazon; facebook; google,8,https://leetcode.com/problems/remove-sub-folders-from-the-filesystem
1234,replace-the-substring-for-balanced-string,Medium,String; Sliding Window,2019-10-20,train,True,1,accolite,accolite,,,,accolite,1,https://leetcode.com/problems/replace-the-substring-for-balanced-string
1235,maximum-profit-in-job-scheduling,Hard,Array; Binary Search; Dynamic Programming; Sorting,2019-10-20,train,True,5,airbnb; bytedance; cisco; google; ponyai,cisco; airbnb; bytedance; google; ponyai,bytedance; cisco; google,airbnb; bytedance; cisco; google,airbnb; bytedance; cisco; google,airbnb; bytedance; cisco; google; ponyai,16,https://leetcode.com/problems/maximum-profit-in-job-scheduling
1238,circular-permutation-in-binary-representation,Medium,Bit Manipulation; Math; Backtracking,2019-10-27,train,True,1,walmart,walmart,,,,walmart,1,https://leetcode.com/problems/circular-permutation-in-binary-representation
1239,maximum-length-of-a-concatenated-string-with-unique-characters,Medium,Bit Manipulation; Array; String; Backtracking,2019-10-27,train,True,3,honey; microsoft; tesla,microsoft; honey; tesla,microsoft; tesla,microsoft; tesla,microsoft; tesla,honey; microsoft; tesla,9,https://leetcode.com/problems/maximum-length-of-a-concatenated-string-with-unique-characters
1240,tiling-a-rectangle-with-the-fewest-squares,Hard,Backtracking,2019-10-27,train,True,1,google,google,google,google,google,google,4,https://leetcode.com/problems/tiling-a-rectangle-with-the-fewest-squares
1242,web-crawler-multithreaded,Medium,Depth-First Search; Breadth-First Search; Concurrency,2019-10-27,train,True,5,amazon; databricks; dropbox; facebook; oracle,dropbox; databricks; facebook; oracle; amazon,databricks; facebook; oracle,amazon; databricks; dropbox; facebook; oracle,amazon; databricks; dropbox; facebook; oracle,amazon; databricks; dropbox; facebook; oracle,18,https://leetcode.com/problems/web-crawler-multithreaded
1243,array-transformation,Easy,Array; Simulation,2019-10-27,train,True,1,virtu,virtu,virtu,virtu,virtu,virtu,4,https://leetcode.com/problems/array-transformation
1245,tree-diameter,Medium,Tree; Depth-First Search; Breadth-First Search; Graph; Topological Sort,2019-10-27,train,True,3,amazon; facebook; google,facebook; amazon; google,amazon; facebook,amazon; facebook,amazon; facebook,amazon; facebook; google,9,https://leetcode.com/problems/tree-diameter
1246,palindrome-removal,Hard,Array; Dynamic Programming,2019-10-27,train,True,1,microsoft,microsoft,microsoft,microsoft,microsoft,microsoft,4,https://leetcode.com/problems/palindrome-removal
1247,minimum-swaps-to-make-strings-equal,Medium,Greedy; Math; String,2019-11-03,train,True,2,amazon; jp-morgan-chase,amazon; jp-morgan-chase,,amazon,amazon,amazon; jp-morgan-chase,4,https://leetcode.com/problems/minimum-swaps-to-make-strings-equal
1248,count-number-of-nice-subarrays,Medium,Array; Hash Table; Math; Prefix Sum; Sliding Window,2019-11-03,train,True,2,amazon; roblox,amazon; roblox,roblox,amazon; roblox,amazon; roblox,amazon; roblox,7,https://leetcode.com/problems/count-number-of-nice-subarrays
1249,minimum-remove-to-make-valid-parentheses,Medium,Stack; String,2019-11-03,train,True,5,amazon; bloomberg; bytedance; facebook; microsoft,facebook; amazon; bloomberg; bytedance; microsoft,amazon; bloomberg; bytedance; facebook; microsoft,amazon; bloomberg; bytedance; facebook; microsoft,amazon; bloomberg; bytedance; facebook; microsoft,amazon; bloomberg; bytedance; facebook; microsoft,20,https://leetcode.com/problems/minimum-remove-to-make-valid-parentheses
1250,check-if-it-is-a-good-array,Hard,Array; Math; Number Theory,2019-11-03,train,True,1,dropbox,dropbox,,,,dropbox,1,https://leetcode.com/problems/check-if-it-is-a-good-array
1252,cells-with-odd-values-in-a-matrix,Easy,Array; Math; Simulation,2019-11-10,train,False,0,,,,,,,0,https://leetcode.com/problems/cells-with-odd-values-in-a-matrix
1253,reconstruct-a-2-row-binary-matrix,Medium,Greedy; Array; Matrix,2019-11-10,train,True,1,grab,grab,,,,grab,1,https://leetcode.com/problems/reconstruct-a-2-row-binary-matrix
1254,number-of-closed-islands,Medium,Depth-First Search; Breadth-First Search; Union Find; Array; Matrix,2019-11-10,train,True,3,amazon; facebook; google,amazon; google; facebook,amazon; facebook; google,amazon; facebook; google,amazon; facebook; google,amazon; facebook; google,12,https://leetcode.com/problems/number-of-closed-islands
1255,maximum-score-words-formed-by-letters,Hard,Bit Manipulation; Array; String; Dynamic Programming; Backtracking; Bitmask,2019-11-10,train,True,1,amazon,amazon,,,,amazon,1,https://leetcode.com/problems/maximum-score-words-formed-by-letters
1256,encode-number,Medium,Bit Manipulation; Math; String,2019-11-10,train,True,1,quora,quora,,,,quora,1,https://leetcode.com/problems/encode-number
1257,smallest-common-region,Medium,Tree; Depth-First Search; Breadth-First Search; Array; Hash Table; String,2019-11-10,train,True,1,airbnb,airbnb,,airbnb,airbnb,airbnb,3,https://leetcode.com/problems/smallest-common-region
1258,synonymous-sentences,Medium,Union Find; Array; Hash Table; String; Backtracking,2019-11-10,train,True,1,cruise-automation,cruise-automation,,,,cruise-automation,1,https://leetcode.com/problems/synonymous-sentences
1259,handshakes-that-dont-cross,Hard,Math; Dynamic Programming,2019-11-10,train,True,1,amazon,amazon,,,,amazon,1,https://leetcode.com/problems/handshakes-that-dont-cross
1260,shift-2d-grid,Easy,Array; Matrix; Simulation,2019-11-17,train,True,1,amazon,amazon,,,,amazon,1,https://leetcode.com/problems/shift-2d-grid
1262,greatest-sum-divisible-by-three,Medium,Greedy; Array; Dynamic Programming; Sorting,2019-11-17,train,True,2,bytedance; de-shaw,bytedance; de-shaw,,bytedance,bytedance,bytedance; de-shaw,4,https://leetcode.com/problems/greatest-sum-divisible-by-three
1263,minimum-moves-to-move-a-box-to-their-target-location,Hard,Breadth-First Search; Array; Matrix; Heap (Priority Queue),2019-11-17,train,False,0,,,,,,,0,https://leetcode.com/problems/minimum-moves-to-move-a-box-to-their-target-location
1266,minimum-time-visiting-all-points,Easy,Geometry; Array; Math,2019-11-24,train,True,3,amazon; facebook; medianet,amazon; facebook; medianet,facebook,amazon; facebook,amazon; facebook,amazon; facebook; medianet,8,https://leetcode.com/problems/minimum-time-visiting-all-points
1267,count-servers-that-communicate,Medium,Depth-First Search; Breadth-First Search; Union Find; Array; Counting; Matrix,2019-11-24,train,True,2,amazon; google,amazon; google,amazon,amazon; google,amazon; google,amazon; google,7,https://leetcode.com/problems/count-servers-that-communicate
1268,search-suggestions-system,Medium,Trie; Array; String; Binary Search; Sorting; Heap (Priority Queue),2019-11-24,train,True,1,amazon,amazon,amazon,amazon,amazon,amazon,4,https://leetcode.com/problems/search-suggestions-system
1269,number-of-ways-to-stay-in-the-same-place-after-some-steps,Hard,Dynamic Programming,2019-11-24,train,True,2,facebook; google,facebook; google,facebook,facebook,facebook,facebook; google,5,https://leetcode.com/problems/number-of-ways-to-stay-in-the-same-place-after-some-steps
1271,hexspeak,Easy,Math; String,2019-11-24,train,True,1,virtu,virtu,virtu,virtu,virtu,virtu,4,https://leetcode.com/problems/hexspeak
1272,remove-interval,Medium,Array,2019-11-24,train,True,1,google,google,,,,google,1,https://leetcode.com/problems/remove-interval
1273,delete-tree-nodes,Medium,Tree; Depth-First Search; Breadth-First Search; Array,2019-11-24,train,True,1,microsoft,microsoft,,,,microsoft,1,https://leetcode.com/problems/delete-tree-nodes
1275,find-winner-on-a-tic-tac-toe-game,Easy,Array; Hash Table; Matrix; Simulation,2019-12-01,train,True,4,amazon; apple; facebook; zoho,amazon; facebook; apple; zoho,amazon; apple; facebook,amazon; apple; facebook,amazon; apple; facebook,amazon; apple; facebook; zoho,13,https://leetcode.com/problems/find-winner-on-a-tic-tac-toe-game
1276,number-of-burgers-with-no-waste-of-ingredients,Medium,Math,2019-12-01,train,True,1,deliveryhero,deliveryhero,,,,deliveryhero,1,https://leetcode.com/problems/number-of-burgers-with-no-waste-of-ingredients
1277,count-square-submatrices-with-all-ones,Medium,Array; Dynamic Programming; Matrix,2019-12-01,train,True,1,google,google,google,google,google,google,4,https://leetcode.com/problems/count-square-submatrices-with-all-ones
1278,palindrome-partitioning-iii,Hard,String; Dynamic Programming,2019-12-01,train,True,2,apple; uber,apple; uber,,apple; uber,apple; uber,apple; uber,6,https://leetcode.com/problems/palindrome-partitioning-iii
1281,subtract-the-product-and-sum-of-digits-of-an-integer,Easy,Math,2019-12-08,train,True,3,google; quora; uber,uber; google; quora,uber,google; uber,google; uber,google; quora; uber,8,https://leetcode.com/problems/subtract-the-product-and-sum-of-digits-of-an-integer
1282,group-the-people-given-the-group-size-they-belong-to,Medium,Greedy; Array; Hash Table,2019-12-08,train,True,1,roblox,roblox,,,,roblox,1,https://leetcode.com/problems/group-the-people-given-the-group-size-they-belong-to
1283,find-the-smallest-divisor-given-a-threshold,Medium,Array; Binary Search,2019-12-08,train,True,4,bytedance; expedia; salesforce; sap,expedia; salesforce; bytedance; sap,bytedance; salesforce; sap,bytedance; expedia; salesforce; sap,bytedance; expedia; salesforce; sap,bytedance; expedia; salesforce; sap,15,https://leetcode.com/problems/find-the-smallest-divisor-given-a-threshold
1284,minimum-number-of-flips-to-convert-binary-matrix-to-zero-matrix,Hard,Bit Manipulation; Breadth-First Search; Array; Hash Table; Matrix,2019-12-08,train,True,2,airbnb; google,google; airbnb,,google,google,airbnb; google,4,https://leetcode.com/problems/minimum-number-of-flips-to-convert-binary-matrix-to-zero-matrix
1287,element-appearing-more-than-25-in-sorted-array,Easy,Array,2019-12-08,train,True,2,facebook; google,facebook; google,facebook,facebook,facebook,facebook; google,5,https://leetcode.com/problems/element-appearing-more-than-25-in-sorted-array
1288,remove-covered-intervals,Medium,Array; Sorting,2019-12-08,train,True,1,amazon,amazon,,,,amazon,1,https://leetcode.com/problems/remove-covered-intervals
1289,minimum-falling-path-sum-ii,Hard,Array; Dynamic Programming; Matrix,2019-12-08,train,True,1,google,google,,,,google,1,https://leetcode.com/problems/minimum-falling-path-sum-ii
1290,convert-binary-number-in-a-linked-list-to-integer,Easy,Linked List; Math,2019-12-15,train,True,3,cisco; roblox; servicenow,cisco; roblox; servicenow,cisco; roblox; servicenow,cisco; roblox; servicenow,cisco; roblox; servicenow,cisco; roblox; servicenow,12,https://leetcode.com/problems/convert-binary-number-in-a-linked-list-to-integer
1291,sequential-digits,Medium,Enumeration,2019-12-15,train,True,1,f5-networks,f5-networks,,,,f5-networks,1,https://leetcode.com/problems/sequential-digits
1292,maximum-side-length-of-a-square-with-sum-less-than-or-equal-to-threshold,Medium,Array; Binary Search; Matrix; Prefix Sum,2019-12-15,train,True,1,google,google,,google,google,google,3,https://leetcode.com/problems/maximum-side-length-of-a-square-with-sum-less-than-or-equal-to-threshold
1293,shortest-path-in-a-grid-with-obstacles-elimination,Hard,Breadth-First Search; Array; Matrix,2019-12-15,train,True,2,didi; google,google; didi,didi; google,didi; google,didi; google,didi; google,8,https://leetcode.com/problems/shortest-path-in-a-grid-with-obstacles-elimination
1295,find-numbers-with-even-number-of-digits,Easy,Array; Math,2019-12-22,train,True,1,quora,quora,,,,quora,1,https://leetcode.com/problems/find-numbers-with-even-number-of-digits
1296,divide-array-in-sets-of-k-consecutive-numbers,Medium,Greedy; Array; Hash Table; Sorting,2019-12-22,train,True,2,coupang; google,google; coupang,coupang; google,coupang; google,coupang; google,coupang; google,8,https://leetcode.com/problems/divide-array-in-sets-of-k-consecutive-numbers
1297,maximum-number-of-occurrences-of-a-substring,Medium,Hash Table; String; Sliding Window,2019-12-22,train,True,3,bloomberg; paypal; roblox,roblox; paypal; bloomberg,bloomberg; paypal; roblox,bloomberg; paypal; roblox,bloomberg; paypal; roblox,bloomberg; paypal; roblox,12,https://leetcode.com/problems/maximum-number-of-occurrences-of-a-substring
1298,maximum-candies-you-can-get-from-boxes,Hard,Breadth-First Search; Graph; Array,2019-12-22,train,True,1,airbnb,airbnb,,,,airbnb,1,https://leetcode.com/problems/maximum-candies-you-can-get-from-boxes
1299,replace-elements-with-greatest-element-on-right-side,Easy,Array,2019-12-22,train,True,1,amazon,amazon,amazon,amazon,amazon,amazon,4,https://leetcode.com/problems/replace-elements-with-greatest-element-on-right-side
1300,sum-of-mutated-array-closest-to-target,Medium,Array; Binary Search; Sorting,2019-12-22,train,True,1,google,google,,,,google,1,https://leetcode.com/problems/sum-of-mutated-array-closest-to-target
1301,number-of-paths-with-max-score,Hard,Array; Dynamic Programming; Matrix,2019-12-22,train,True,1,samsung,samsung,,,,samsung,1,https://leetcode.com/problems/number-of-paths-with-max-score
1302,deepest-leaves-sum,Medium,Tree; Depth-First Search; Breadth-First Search; Binary Tree,2019-12-22,train,True,1,google,google,,,,google,1,https://leetcode.com/problems/deepest-leaves-sum
1304,find-n-unique-integers-sum-up-to-zero,Easy,Array; Math,2019-12-29,train,True,3,amazon; facebook; microsoft,microsoft; amazon; facebook,amazon; microsoft,amazon; facebook; microsoft,amazon; facebook; microsoft,amazon; facebook; microsoft,11,https://leetcode.com/problems/find-n-unique-integers-sum-up-to-zero
1305,all-elements-in-two-binary-search-trees,Medium,Tree; Depth-First Search; Binary Search Tree; Binary Tree; Sorting,2019-12-29,train,True,3,amazon; facebook; oracle,facebook; oracle; amazon,facebook; oracle,facebook; oracle,facebook; oracle,amazon; facebook; oracle,9,https://leetcode.com/problems/all-elements-in-two-binary-search-trees
1306,jump-game-iii,Medium,Depth-First Search; Breadth-First Search; Array,2019-12-29,train,True,1,microsoft,microsoft,,,,microsoft,1,https://leetcode.com/problems/jump-game-iii
1307,verbal-arithmetic-puzzle,Hard,Array; Math; String; Backtracking,2019-12-29,train,True,1,atlassian,atlassian,,,,atlassian,1,https://leetcode.com/problems/verbal-arithmetic-puzzle
1309,decrypt-string-from-alphabet-to-integer-mapping,Easy,String,2020-01-05,train,True,1,quip,quip,,,,quip,1,https://leetcode.com/problems/decrypt-string-from-alphabet-to-integer-mapping
1310,xor-queries-of-a-subarray,Medium,Bit Manipulation; Array; Prefix Sum,2020-01-05,train,True,1,airtel,airtel,,,,airtel,1,https://leetcode.com/problems/xor-queries-of-a-subarray
1311,get-watched-videos-by-your-friends,Medium,Breadth-First Search; Graph; Array; Hash Table; Sorting,2020-01-05,train,True,1,amazon,amazon,,,,amazon,1,https://leetcode.com/problems/get-watched-videos-by-your-friends
1312,minimum-insertion-steps-to-make-a-string-palindrome,Hard,String; Dynamic Programming,2020-01-05,train,True,2,bloomberg; google,google; bloomberg,bloomberg; google,bloomberg; google,bloomberg; google,bloomberg; google,8,https://leetcode.com/problems/minimum-insertion-steps-to-make-a-string-palindrome
1313,decompress-run-length-encoded-list,Easy,Array,2020-01-05,train,True,1,google,google,,google,google,google,3,https://leetcode.com/problems/decompress-run-length-encoded-list
1314,matrix-block-sum,Medium,Array; Matrix; Prefix Sum,2020-01-05,train,True,1,google,google,,,,google,1,https://leetcode.com/problems/matrix-block-sum
1315,sum-of-nodes-with-even-valued-grandparent,Medium,Tree; Depth-First Search; Breadth-First Search; Binary Tree,2020-01-05,train,True,2,amazon; apple,amazon; apple,amazon,amazon; apple,amazon; apple,amazon; apple,7,https://leetcode.com/problems/sum-of-nodes-with-even-valued-grandparent
1316,distinct-echo-substrings,Hard,Trie; String; Hash Function; Rolling Hash,2020-01-05,train,True,1,google,google,,,,google,1,https://leetcode.com/problems/distinct-echo-substrings
1317,convert-integer-to-the-sum-of-two-no-zero-integers,Easy,Math,2020-01-12,train,True,1,hrt,hrt,,,,hrt,1,https://leetcode.com/problems/convert-integer-to-the-sum-of-two-no-zero-integers
1318,minimum-flips-to-make-a-or-b-equal-to-c,Medium,Bit Manipulation,2020-01-12,train,True,1,microsoft,microsoft,,,,microsoft,1,https://leetcode.com/problems/minimum-flips-to-make-a-or-b-equal-to-c
1319,number-of-operations-to-make-network-connected,Medium,Depth-First Search; Breadth-First Search; Union Find; Graph,2020-01-12,train,True,2,akuna-capital; mathworks,akuna-capital; mathworks,mathworks,akuna-capital; mathworks,akuna-capital; mathworks,akuna-capital; mathworks,7,https://leetcode.com/problems/number-of-operations-to-make-network-connected
1320,minimum-distance-to-type-a-word-using-two-fingers,Hard,String; Dynamic Programming,2020-01-12,train,True,1,google,google,google,google,google,google,4,https://leetcode.com/problems/minimum-distance-to-type-a-word-using-two-fingers
1324,print-words-vertically,Medium,Array; String; Simulation,2020-01-19,train,True,1,microsoft,microsoft,,,,microsoft,1,https://leetcode.com/problems/print-words-vertically
1325,delete-leaves-with-a-given-value,Medium,Tree; Depth-First Search; Binary Tree,2020-01-19,train,True,2,amazon; google,google; amazon,,google,google,amazon; google,4,https://leetcode.com/problems/delete-leaves-with-a-given-value
1326,minimum-number-of-taps-to-open-to-water-a-garden,Hard,Greedy; Array; Dynamic Programming,2020-01-19,train,True,3,akuna-capital; google; twitter,google; twitter; akuna-capital,google; twitter,google; twitter,google; twitter,akuna-capital; google; twitter,9,https://leetcode.com/problems/minimum-number-of-taps-to-open-to-water-a-garden
1328,break-a-palindrome,Medium,Greedy; String,2020-01-19,train,True,4,expedia; jpmorgan; roblox; vmware,jpmorgan; roblox; vmware; expedia,jpmorgan; roblox,jpmorgan; roblox; vmware,jpmorgan; roblox; vmware,expedia; jpmorgan; roblox; vmware,12,https://leetcode.com/problems/break-a-palindrome
1329,sort-the-matrix-diagonally,Medium,Array; Matrix; Sorting,2020-01-19,train,True,1,quora,quora,,quora,quora,quora,3,https://leetcode.com/problems/sort-the-matrix-diagonally
1330,reverse-subarray-to-maximize-array-value,Hard,Greedy; Array; Math,2020-01-19,train,True,1,codenation,codenation,,,,codenation,1,https://leetcode.com/problems/reverse-subarray-to-maximize-array-value
1331,rank-transform-of-an-array,Easy,Array; Hash Table; Sorting,2020-01-19,train,True,1,google,google,,,,google,1,https://leetcode.com/problems/rank-transform-of-an-array
1332,remove-palindromic-subsequences,Easy,Two Pointers; String,2020-01-26,train,True,1,amazon,amazon,,,,amazon,1,https://leetcode.com/problems/remove-palindromic-subsequences
1333,filter-restaurants-by-vegan-friendly-price-and-distance,Medium,Array; Sorting,2020-01-26,train,True,1,yelp,yelp,,,,yelp,1,https://leetcode.com/problems/filter-restaurants-by-vegan-friendly-price-and-distance
1334,find-the-city-with-the-smallest-number-of-neighbors-at-a-threshold-distance,Medium,Graph; Dynamic Programming; Shortest Path,2020-01-26,train,True,1,uber,uber,,,,uber,1,https://leetcode.com/problems/find-the-city-with-the-smallest-number-of-neighbors-at-a-threshold-distance
1335,minimum-difficulty-of-a-job-schedule,Hard,Array; Dynamic Programming,2020-01-26,train,True,2,amazon; turvo,amazon; turvo,amazon,amazon,amazon,amazon; turvo,5,https://leetcode.com/problems/minimum-difficulty-of-a-job-schedule
1337,the-k-weakest-rows-in-a-matrix,Easy,Array; Binary Search; Matrix; Sorting; Heap (Priority Queue),2020-02-02,train,True,1,amazon,amazon,,,,amazon,1,https://leetcode.com/problems/the-k-weakest-rows-in-a-matrix
1338,reduce-array-size-to-the-half,Medium,Greedy; Array; Hash Table; Sorting; Heap (Priority Queue),2020-02-02,train,True,1,akuna-capital,akuna-capital,,,,akuna-capital,1,https://leetcode.com/problems/reduce-array-size-to-the-half
1339,maximum-product-of-splitted-binary-tree,Medium,Tree; Depth-First Search; Binary Tree,2020-02-02,train,True,3,amazon; bytedance; microsoft,amazon; bytedance; microsoft,amazon; bytedance,amazon; bytedance,amazon; bytedance,amazon; bytedance; microsoft,9,https://leetcode.com/problems/maximum-product-of-splitted-binary-tree
1340,jump-game-v,Hard,Array; Dynamic Programming; Sorting,2020-02-02,train,False,0,,,,,,,0,https://leetcode.com/problems/jump-game-v
1342,number-of-steps-to-reduce-a-number-to-zero,Easy,Bit Manipulation; Math,2020-02-02,train,True,2,google; hrt,google; hrt,google,google,google,google; hrt,5,https://leetcode.com/problems/number-of-steps-to-reduce-a-number-to-zero
1343,number-of-sub-arrays-of-size-k-and-average-greater-than-or-equal-to-threshold,Medium,Array; Sliding Window,2020-02-02,train,True,1,linkedin,linkedin,,,,linkedin,1,https://leetcode.com/problems/number-of-sub-arrays-of-size-k-and-average-greater-than-or-equal-to-threshold
1344,angle-between-hands-of-a-clock,Medium,Math,2020-02-02,train,True,2,amazon; microsoft,amazon; microsoft,amazon,amazon; microsoft,amazon; microsoft,amazon; microsoft,7,https://leetcode.com/problems/angle-between-hands-of-a-clock
1345,jump-game-iv,Hard,Breadth-First Search; Array; Hash Table,2020-02-02,train,True,1,google,google,google,google,google,google,4,https://leetcode.com/problems/jump-game-iv
1346,check-if-n-and-its-double-exist,Easy,Array; Hash Table; Two Pointers; Binary Search; Sorting,2020-02-09,train,True,1,google,google,,,,google,1,https://leetcode.com/problems/check-if-n-and-its-double-exist
1347,minimum-number-of-steps-to-make-two-strings-anagram,Medium,Hash Table; String; Counting,2020-02-09,train,True,2,bloomberg; twitter,bloomberg; twitter,bloomberg,bloomberg,bloomberg,bloomberg; twitter,5,https://leetcode.com/problems/minimum-number-of-steps-to-make-two-strings-anagram
1349,maximum-students-taking-exam,Hard,Bit Manipulation; Array; Dynamic Programming; Bitmask; Matrix,2020-02-09,train,True,1,sap,sap,sap,sap,sap,sap,4,https://leetcode.com/problems/maximum-students-taking-exam
1351,count-negative-numbers-in-a-sorted-matrix,Easy,Array; Binary Search; Matrix,2020-02-16,train,True,1,amazon,amazon,,,,amazon,1,https://leetcode.com/problems/count-negative-numbers-in-a-sorted-matrix
1353,maximum-number-of-events-that-can-be-attended,Medium,Greedy; Array; Sorting; Heap (Priority Queue),2020-02-16,train,True,1,visa,visa,visa,visa,visa,visa,4,https://leetcode.com/problems/maximum-number-of-events-that-can-be-attended
1354,construct-target-array-with-multiple-sums,Hard,Array; Heap (Priority Queue),2020-02-16,train,True,1,quora,quora,,,,quora,1,https://leetcode.com/problems/construct-target-array-with-multiple-sums
1356,sort-integers-by-the-number-of-1-bits,Easy,Bit Manipulation; Array; Counting; Sorting,2020-02-16,train,False,0,,,,,,,0,https://leetcode.com/problems/sort-integers-by-the-number-of-1-bits
1358,number-of-substrings-containing-all-three-characters,Medium,Hash Table; String; Sliding Window,2020-02-16,train,True,1,de-shaw,de-shaw,,,,de-shaw,1,https://leetcode.com/problems/number-of-substrings-containing-all-three-characters
1359,count-all-valid-pickup-and-delivery-options,Hard,Math; Dynamic Programming; Combinatorics,2020-02-16,train,True,1,doordash,doordash,doordash,doordash,doordash,doordash,4,https://leetcode.com/problems/count-all-valid-pickup-and-delivery-options
1360,number-of-days-between-two-dates,Easy,Math; String,2020-02-23,train,True,2,amazon; facebook,amazon; facebook,amazon; facebook,amazon; facebook,amazon; facebook,amazon; facebook,8,https://leetcode.com/problems/number-of-days-between-two-dates
1361,validate-binary-tree-nodes,Medium,Tree; Depth-First Search; Breadth-First Search; Union Find; Graph; Binary Tree,2020-02-23,train,True,1,facebook,facebook,,,,facebook,1,https://leetcode.com/problems/validate-binary-tree-nodes
1362,closest-divisors,Medium,Math,2020-02-23,train,True,1,amazon,amazon,,,,amazon,1,https://leetcode.com/problems/closest-divisors
1363,largest-multiple-of-three,Hard,Greedy; Array; Math; Dynamic Programming; Sorting,2020-02-23,train,True,1,amazon,amazon,,,,amazon,1,https://leetcode.com/problems/largest-multiple-of-three
1365,how-many-numbers-are-smaller-than-the-current-number,Easy,Array; Hash Table; Counting Sort; Sorting,2020-03-01,train,True,3,adobe; amazon; google,adobe; amazon; google,adobe; amazon,adobe; amazon,adobe; amazon,adobe; amazon; google,9,https://leetcode.com/problems/how-many-numbers-are-smaller-than-the-current-number
1366,rank-teams-by-votes,Medium,Array; Hash Table; String; Counting; Sorting,2020-03-01,train,True,2,atlassian; google,google; atlassian,atlassian; google,atlassian; google,atlassian; google,atlassian; google,8,https://leetcode.com/problems/rank-teams-by-votes
1367,linked-list-in-binary-tree,Medium,Tree; Depth-First Search; Linked List; Binary Tree,2020-03-01,train,False,0,,,,,,,0,https://leetcode.com/problems/linked-list-in-binary-tree
1368,minimum-cost-to-make-at-least-one-valid-path-in-a-grid,Hard,Breadth-First Search; Graph; Array; Matrix; Shortest Path; Heap (Priority Queue),2020-03-01,train,True,1,google,google,google,google,google,google,4,https://leetcode.com/problems/minimum-cost-to-make-at-least-one-valid-path-in-a-grid
1370,increasing-decreasing-string,Easy,Hash Table; String; Counting,2020-03-01,train,True,1,akuna-capital,akuna-capital,,,,akuna-capital,1,https://leetcode.com/problems/increasing-decreasing-string
1371,find-the-longest-substring-containing-vowels-in-even-counts,Medium,Bit Manipulation; Hash Table; String; Prefix Sum,2020-03-01,train,True,1,microsoft,microsoft,,,,microsoft,1,https://leetcode.com/problems/find-the-longest-substring-containing-vowels-in-even-counts
1372,longest-zigzag-path-in-a-binary-tree,Medium,Tree; Depth-First Search; Dynamic Programming; Binary Tree,2020-03-01,train,False,0,,,,,,,0,https://leetcode.com/problems/longest-zigzag-path-in-a-binary-tree
1373,maximum-sum-bst-in-binary-tree,Hard,Tree; Depth-First Search; Binary Search Tree; Dynamic Programming; Binary Tree,2020-03-01,train,True,1,amazon,amazon,amazon,amazon,amazon,amazon,4,https://leetcode.com/problems/maximum-sum-bst-in-binary-tree
1374,generate-a-string-with-characters-that-have-odd-counts,Easy,String,2020-03-08,train,True,1,didi,didi,didi,didi,didi,didi,4,https://leetcode.com/problems/generate-a-string-with-characters-that-have-odd-counts
1375,number-of-times-binary-string-is-prefix-aligned,Medium,Array,2020-03-08,train,True,2,amazon; microsoft,microsoft; amazon,amazon; microsoft,amazon; microsoft,amazon; microsoft,amazon; microsoft,8,https://leetcode.com/problems/number-of-times-binary-string-is-prefix-aligned
1376,time-needed-to-inform-all-employees,Medium,Tree; Depth-First Search; Breadth-First Search,2020-03-08,train,True,1,google,google,google,google,google,google,4,https://leetcode.com/problems/time-needed-to-inform-all-employees
1377,frog-position-after-t-seconds,Hard,Tree; Depth-First Search; Breadth-First Search; Graph,2020-03-08,train,True,1,google,google,,,,google,1,https://leetcode.com/problems/frog-position-after-t-seconds
1379,find-a-corresponding-node-of-a-binary-tree-in-a-clone-of-that-tree,Easy,Tree; Depth-First Search; Breadth-First Search; Binary Tree,2020-03-08,train,True,1,facebook,facebook,facebook,facebook,facebook,facebook,4,https://leetcode.com/problems/find-a-corresponding-node-of-a-binary-tree-in-a-clone-of-that-tree
1380,lucky-numbers-in-a-matrix,Easy,Array; Matrix,2020-03-15,train,True,1,oracle,oracle,,,,oracle,1,https://leetcode.com/problems/lucky-numbers-in-a-matrix
1382,balance-a-binary-search-tree,Medium,Greedy; Tree; Depth-First Search; Binary Search Tree; Divide and Conquer; Binary Tree,2020-03-15,train,True,1,amazon,amazon,amazon,amazon,amazon,amazon,4,https://leetcode.com/problems/balance-a-binary-search-tree
1383,maximum-performance-of-a-team,Hard,Greedy; Array; Sorting; Heap (Priority Queue),2020-03-15,train,True,1,citrix,citrix,,,,citrix,1,https://leetcode.com/problems/maximum-performance-of-a-team
1385,find-the-distance-value-between-two-arrays,Easy,Array; Two Pointers; Binary Search; Sorting,2020-03-15,train,True,1,uber,uber,,,,uber,1,https://leetcode.com/problems/find-the-distance-value-between-two-arrays
1386,cinema-seat-allocation,Medium,Greedy; Bit Manipulation; Array; Hash Table,2020-03-15,train,True,1,microsoft,microsoft,,,,microsoft,1,https://leetcode.com/problems/cinema-seat-allocation
1387,sort-integers-by-the-power-value,Medium,Memoization; Dynamic Programming; Sorting,2020-03-15,train,True,1,google,google,,,,google,1,https://leetcode.com/problems/sort-integers-by-the-power-value
1388,pizza-with-3n-slices,Hard,Greedy; Array; Dynamic Programming; Heap (Priority Queue),2020-03-15,train,True,1,google,google,,,,google,1,https://leetcode.com/problems/pizza-with-3n-slices
1389,create-target-array-in-the-given-order,Easy,Array; Simulation,2020-03-22,train,True,1,visa,visa,,,,visa,1,https://leetcode.com/problems/create-target-array-in-the-given-order
1390,four-divisors,Medium,Array; Math,2020-03-22,train,True,1,capital-one,capital-one,,,,capital-one,1,https://leetcode.com/problems/four-divisors
1391,check-if-there-is-a-valid-path-in-a-grid,Medium,Depth-First Search; Breadth-First Search; Union Find; Array; Matrix,2020-03-22,train,True,1,robinhood,robinhood,,,,robinhood,1,https://leetcode.com/problems/check-if-there-is-a-valid-path-in-a-grid
1392,longest-happy-prefix,Hard,String; String Matching; Hash Function; Rolling Hash,2020-03-22,train,True,1,google,google,,,,google,1,https://leetcode.com/problems/longest-happy-prefix
1394,find-lucky-integer-in-an-array,Easy,Array; Hash Table; Counting,2020-03-29,train,True,1,microsoft,microsoft,,,,microsoft,1,https://leetcode.com/problems/find-lucky-integer-in-an-array
1395,count-number-of-teams,Medium,Binary Indexed Tree; Segment Tree; Array; Dynamic Programming,2020-03-29,train,True,2,amazon; goldman-sachs,amazon; goldman-sachs,amazon; goldman-sachs,amazon; goldman-sachs,amazon; goldman-sachs,amazon; goldman-sachs,8,https://leetcode.com/problems/count-number-of-teams
1397,find-all-good-strings,Hard,String; Dynamic Programming; String Matching,2020-03-29,train,False,0,,,,,,,0,https://leetcode.com/problems/find-all-good-strings
1399,count-largest-group,Easy,Hash Table; Math,2020-03-29,train,False,0,,,,,,,0,https://leetcode.com/problems/count-largest-group
1400,construct-k-palindrome-strings,Medium,Greedy; Hash Table; String; Counting,2020-03-29,train,True,1,uber,uber,,,,uber,1,https://leetcode.com/problems/construct-k-palindrome-strings
1401,circle-and-rectangle-overlapping,Medium,Geometry; Math,2020-03-29,train,True,1,google,google,,,,google,1,https://leetcode.com/problems/circle-and-rectangle-overlapping
1402,reducing-dishes,Hard,Greedy; Array; Dynamic Programming; Sorting,2020-03-29,train,False,0,,,,,,,0,https://leetcode.com/problems/reducing-dishes
1403,minimum-subsequence-in-non-increasing-order,Easy,Greedy; Array; Sorting,2020-04-05,train,False,0,,,,,,,0,https://leetcode.com/problems/minimum-subsequence-in-non-increasing-order
1404,number-of-steps-to-reduce-a-number-in-binary-representation-to-one,Medium,Bit Manipulation; String,2020-04-05,train,True,1,amazon,amazon,,,,amazon,1,https://leetcode.com/problems/number-of-steps-to-reduce-a-number-in-binary-representation-to-one
1405,longest-happy-string,Medium,Greedy; String; Heap (Priority Queue),2020-04-05,train,True,2,amazon; wayfair,amazon; wayfair,amazon,amazon,amazon,amazon; wayfair,5,https://leetcode.com/problems/longest-happy-string
1406,stone-game-iii,Hard,Array; Math; Dynamic Programming; Game Theory,2020-04-05,train,True,1,google,google,google,google,google,google,4,https://leetcode.com/problems/stone-game-iii
1408,string-matching-in-an-array,Easy,Array; String; String Matching,2020-04-12,train,True,1,amazon,amazon,,,,amazon,1,https://leetcode.com/problems/string-matching-in-an-array
1409,queries-on-a-permutation-with-key,Medium,Binary Indexed Tree; Array; Simulation,2020-04-12,train,True,1,amazon,amazon,,,,amazon,1,https://leetcode.com/problems/queries-on-a-permutation-with-key
1410,html-entity-parser,Medium,Hash Table; String,2020-04-12,train,True,1,oracle,oracle,,,,oracle,1,https://leetcode.com/problems/html-entity-parser
1411,number-of-ways-to-paint-n-3-grid,Hard,Dynamic Programming,2020-04-12,train,True,2,akuna-capital; facebook,akuna-capital; facebook,akuna-capital; facebook,akuna-capital; facebook,akuna-capital; facebook,akuna-capital; facebook,8,https://leetcode.com/problems/number-of-ways-to-paint-n-3-grid
1413,minimum-value-to-get-positive-step-by-step-sum,Easy,Array; Prefix Sum,2020-04-12,train,False,0,,,,,,,0,https://leetcode.com/problems/minimum-value-to-get-positive-step-by-step-sum
1414,find-the-minimum-number-of-fibonacci-numbers-whose-sum-is-k,Medium,Greedy; Math,2020-04-12,train,True,1,google,google,,,,google,1,https://leetcode.com/problems/find-the-minimum-number-of-fibonacci-numbers-whose-sum-is-k
1415,the-k-th-lexicographical-string-of-all-happy-strings-of-length-n,Medium,String; Backtracking,2020-04-12,train,True,1,microsoft,microsoft,,,,microsoft,1,https://leetcode.com/problems/the-k-th-lexicographical-string-of-all-happy-strings-of-length-n
1416,restore-the-array,Hard,String; Dynamic Programming,2020-04-12,train,False,0,,,,,,,0,https://leetcode.com/problems/restore-the-array
1417,reformat-the-string,Easy,String,2020-04-19,train,True,1,microsoft,microsoft,,,,microsoft,1,https://leetcode.com/problems/reformat-the-string
1418,display-table-of-food-orders-in-a-restaurant,Medium,Array; Hash Table; String; Ordered Set; Sorting,2020-04-19,train,False,0,,,,,,,0,https://leetcode.com/problems/display-table-of-food-orders-in-a-restaurant
1419,minimum-number-of-frogs-croaking,Medium,String; Counting,2020-04-19,train,True,1,c3ai,c3ai,,,,c3ai,1,https://leetcode.com/problems/minimum-number-of-frogs-croaking
1420,build-array-where-you-can-find-the-maximum-exactly-k-comparisons,Hard,Dynamic Programming; Prefix Sum,2020-04-19,train,False,0,,,,,,,0,https://leetcode.com/problems/build-array-where-you-can-find-the-maximum-exactly-k-comparisons
1422,maximum-score-after-splitting-a-string,Easy,String; Prefix Sum,2020-04-26,train,True,1,google,google,,,,google,1,https://leetcode.com/problems/maximum-score-after-splitting-a-string
1423,maximum-points-you-can-obtain-from-cards,Medium,Array; Prefix Sum; Sliding Window,2020-04-26,train,True,2,flipkart; google,google; flipkart,google,google,google,flipkart; google,5,https://leetcode.com/problems/maximum-points-you-can-obtain-from-cards
1424,diagonal-traverse-ii,Medium,Array; Sorting; Heap (Priority Queue),2020-04-26,train,True,2,facebook; google,facebook; google,facebook,facebook,facebook,facebook; google,5,https://leetcode.com/problems/diagonal-traverse-ii
1425,constrained-subsequence-sum,Hard,Queue; Array; Dynamic Programming; Sliding Window; Monotonic Queue; Heap (Priority Queue),2020-04-26,train,True,1,akuna-capital,akuna-capital,,,,akuna-capital,1,https://leetcode.com/problems/constrained-subsequence-sum
1426,counting-elements,Easy,Array; Hash Table,2020-04-26,train,False,0,,,,,,,0,https://leetcode.com/problems/counting-elements
1427,perform-string-shifts,Easy,Array; Math; String,2020-04-26,train,True,1,goldman-sachs,goldman-sachs,,,,goldman-sachs,1,https://leetcode.com/problems/perform-string-shifts
1430,check-if-a-string-is-a-valid-sequence-from-root-to-leaves-path-in-a-binary-tree,Medium,Tree; Depth-First Search; Breadth-First Search; Binary Tree,2020-04-26,train,True,1,amazon,amazon,amazon,amazon,amazon,amazon,4,https://leetcode.com/problems/check-if-a-string-is-a-valid-sequence-from-root-to-leaves-path-in-a-binary-tree
1431,kids-with-the-greatest-number-of-candies,Easy,Array,2020-04-26,train,True,1,amazon,amazon,amazon,amazon,amazon,amazon,4,https://leetcode.com/problems/kids-with-the-greatest-number-of-candies
1432,max-difference-you-can-get-from-changing-an-integer,Medium,Greedy; Math,2020-04-26,train,False,0,,,,,,,0,https://leetcode.com/problems/max-difference-you-can-get-from-changing-an-integer
1433,check-if-a-string-can-break-another-string,Medium,Greedy; String; Sorting,2020-04-26,train,False,0,,,,,,,0,https://leetcode.com/problems/check-if-a-string-can-break-another-string
1434,number-of-ways-to-wear-different-hats-to-each-other,Hard,Bit Manipulation; Array; Dynamic Programming; Bitmask,2020-04-26,train,False,0,,,,,,,0,https://leetcode.com/problems/number-of-ways-to-wear-different-hats-to-each-other
1436,destination-city,Easy,Array; Hash Table; String,2020-05-03,train,True,1,yelp,yelp,,,,yelp,1,https://leetcode.com/problems/destination-city
1437,check-if-all-1s-are-at-least-length-k-places-away,Easy,Array,2020-05-03,train,True,1,united-health-group,united-health-group,,,,united-health-group,1,https://leetcode.com/problems/check-if-all-1s-are-at-least-length-k-places-away
1438,longest-continuous-subarray-with-absolute-diff-less-than-or-equal-to-limit,Medium,Queue; Array; Ordered Set; Sliding Window; Monotonic Queue; Heap (Priority Queue),2020-05-03,train,True,2,ebay; google,google; ebay,ebay; google,ebay; google,ebay; google,ebay; google,8,https://leetcode.com/problems/longest-continuous-subarray-with-absolute-diff-less-than-or-equal-to-limit
1439,find-the-kth-smallest-sum-of-a-matrix-with-sorted-rows,Hard,Array; Binary Search; Matrix; Heap (Priority Queue),2020-05-03,train,True,1,facebook,facebook,facebook,facebook,facebook,facebook,4,https://leetcode.com/problems/find-the-kth-smallest-sum-of-a-matrix-with-sorted-rows
1441,build-an-array-with-stack-operations,Medium,Stack; Array; Simulation,2020-05-10,train,True,1,google,google,,,,google,1,https://leetcode.com/problems/build-an-array-with-stack-operations
1442,count-triplets-that-can-form-two-arrays-of-equal-xor,Medium,Bit Manipulation; Array; Hash Table; Math; Prefix Sum,2020-05-10,train,False,0,,,,,,,0,https://leetcode.com/problems/count-triplets-that-can-form-two-arrays-of-equal-xor
1444,number-of-ways-of-cutting-a-pizza,Hard,Memoization; Array; Dynamic Programming; Matrix; Prefix Sum,2020-05-10,train,True,1,google,google,google,google,google,google,4,https://leetcode.com/problems/number-of-ways-of-cutting-a-pizza
1446,consecutive-characters,Easy,String,2020-05-10,train,False,0,,,,,,,0,https://leetcode.com/problems/consecutive-characters
1447,simplified-fractions,Medium,Math; String; Number Theory,2020-05-10,train,True,1,google,google,,,,google,1,https://leetcode.com/problems/simplified-fractions
1448,count-good-nodes-in-binary-tree,Medium,Tree; Depth-First Search; Breadth-First Search; Binary Tree,2020-05-10,train,True,1,microsoft,microsoft,,,,microsoft,1,https://leetcode.com/problems/count-good-nodes-in-binary-tree
1449,form-largest-integer-with-digits-that-add-up-to-target,Hard,Array; Dynamic Programming,2020-05-10,train,True,1,google,google,,,,google,1,https://leetcode.com/problems/form-largest-integer-with-digits-that-add-up-to-target
1450,number-of-students-doing-homework-at-a-given-time,Easy,Array,2020-05-17,train,False,0,,,,,,,0,https://leetcode.com/problems/number-of-students-doing-homework-at-a-given-time
1451,rearrange-words-in-a-sentence,Medium,String; Sorting,2020-05-17,train,True,1,expedia,expedia,,,,expedia,1,https://leetcode.com/problems/rearrange-words-in-a-sentence
1452,people-whose-list-of-favorite-companies-is-not-a-subset-of-another-list,Medium,Array; Hash Table; String,2020-05-17,train,True,1,google,google,,,,google,1,https://leetcode.com/problems/people-whose-list-of-favorite-companies-is-not-a-subset-of-another-list
1453,maximum-number-of-darts-inside-of-a-circular-dartboard,Hard,Geometry; Array; Math,2020-05-17,train,True,1,facebook,facebook,,,,facebook,1,https://leetcode.com/problems/maximum-number-of-darts-inside-of-a-circular-dartboard
1455,check-if-a-word-occurs-as-a-prefix-of-any-word-in-a-sentence,Easy,Two Pointers; String; String Matching,2020-05-24,train,True,1,yelp,yelp,,,,yelp,1,https://leetcode.com/problems/check-if-a-word-occurs-as-a-prefix-of-any-word-in-a-sentence
1456,maximum-number-of-vowels-in-a-substring-of-given-length,Medium,String; Sliding Window,2020-05-24,train,True,1,amazon,amazon,,,,amazon,1,https://leetcode.com/problems/maximum-number-of-vowels-in-a-substring-of-given-length
1458,max-dot-product-of-two-subsequences,Hard,Array; Dynamic Programming,2020-05-24,train,True,1,microsoft,microsoft,,,,microsoft,1,https://leetcode.com/problems/max-dot-product-of-two-subsequences
1460,make-two-arrays-equal-by-reversing-subarrays,Easy,Array; Hash Table; Sorting,2020-05-24,train,True,1,facebook,facebook,,,,facebook,1,https://leetcode.com/problems/make-two-arrays-equal-by-reversing-subarrays
1461,check-if-a-string-contains-all-binary-codes-of-size-k,Medium,Bit Manipulation; Hash Table; String; Hash Function; Rolling Hash,2020-05-24,train,True,1,google,google,,,,google,1,https://leetcode.com/problems/check-if-a-string-contains-all-binary-codes-of-size-k
1462,course-schedule-iv,Medium,Depth-First Search; Breadth-First Search; Graph; Topological Sort,2020-05-24,train,True,1,uber,uber,,,,uber,1,https://leetcode.com/problems/course-schedule-iv
1463,cherry-pickup-ii,Hard,Array; Dynamic Programming; Matrix,2020-05-24,train,True,1,google,google,google,google,google,google,4,https://leetcode.com/problems/cherry-pickup-ii
1464,maximum-product-of-two-elements-in-an-array,Easy,Array; Sorting; Heap (Priority Queue),2020-05-31,train,True,1,samsung,samsung,,,,samsung,1,https://leetcode.com/problems/maximum-product-of-two-elements-in-an-array
1465,maximum-area-of-a-piece-of-cake-after-horizontal-and-vertical-cuts,Medium,Greedy; Array; Sorting,2020-05-31,train,False,0,,,,,,,0,https://leetcode.com/problems/maximum-area-of-a-piece-of-cake-after-horizontal-and-vertical-cuts
1466,reorder-routes-to-make-all-paths-lead-to-the-city-zero,Medium,Depth-First Search; Breadth-First Search; Graph,2020-05-31,train,True,1,google,google,google,google,google,google,4,https://leetcode.com/problems/reorder-routes-to-make-all-paths-lead-to-the-city-zero
1467,probability-of-a-two-boxes-having-the-same-number-of-distinct-balls,Hard,Array; Math; Dynamic Programming; Backtracking; Combinatorics; Probability and Statistics,2020-05-31,train,False,0,,,,,,,0,https://leetcode.com/problems/probability-of-a-two-boxes-having-the-same-number-of-distinct-balls
1469,find-all-the-lonely-nodes,Easy,Tree; Depth-First Search; Breadth-First Search; Binary Tree,2020-05-31,train,True,1,microsoft,microsoft,,,,microsoft,1,https://leetcode.com/problems/find-all-the-lonely-nodes
1470,shuffle-the-array,Easy,Array,2020-06-07,train,True,2,adobe; microsoft,adobe; microsoft,adobe; microsoft,adobe; microsoft,adobe; microsoft,adobe; microsoft,8,https://leetcode.com/problems/shuffle-the-array
1471,the-k-strongest-values-in-an-array,Medium,Array; Two Pointers; Sorting,2020-06-07,train,True,1,google,google,,,,google,1,https://leetcode.com/problems/the-k-strongest-values-in-an-array
1473,paint-house-iii,Hard,Array; Dynamic Programming,2020-06-07,train,True,1,paypal,paypal,paypal,paypal,paypal,paypal,4,https://leetcode.com/problems/paint-house-iii
1474,delete-n-nodes-after-m-nodes-of-a-linked-list,Easy,Linked List,2020-06-07,train,True,1,microsoft,microsoft,,,,microsoft,1,https://leetcode.com/problems/delete-n-nodes-after-m-nodes-of-a-linked-list
1475,final-prices-with-a-special-discount-in-a-shop,Easy,Stack; Array; Monotonic Stack,2020-06-07,train,False,0,,,,,,,0,https://leetcode.com/problems/final-prices-with-a-special-discount-in-a-shop
1477,find-two-non-overlapping-sub-arrays-each-with-target-sum,Medium,Array; Hash Table; Binary Search; Dynamic Programming; Sliding Window,2020-06-07,train,True,1,google,google,google,google,google,google,4,https://leetcode.com/problems/find-two-non-overlapping-sub-arrays-each-with-target-sum
1478,allocate-mailboxes,Hard,Array; Math; Dynamic Programming; Sorting,2020-06-07,train,True,1,bloomberg,bloomberg,,,,bloomberg,1,https://leetcode.com/problems/allocate-mailboxes
1480,running-sum-of-1d-array,Easy,Array; Prefix Sum,2020-06-14,train,True,2,bloomberg; google,google; bloomberg,bloomberg,bloomberg,bloomberg,bloomberg; google,5,https://leetcode.com/problems/running-sum-of-1d-array
1481,least-number-of-unique-integers-after-k-removals,Medium,Greedy; Array; Hash Table; Counting; Sorting,2020-06-14,train,False,0,,,,,,,0,https://leetcode.com/problems/least-number-of-unique-integers-after-k-removals
1482,minimum-number-of-days-to-make-m-bouquets,Medium,Array; Binary Search,2020-06-14,train,True,1,google,google,,,,google,1,https://leetcode.com/problems/minimum-number-of-days-to-make-m-bouquets
1485,clone-binary-tree-with-random-pointer,Medium,Tree; Depth-First Search; Breadth-First Search; Hash Table; Binary Tree,2020-06-14,train,True,1,amazon,amazon,,,,amazon,1,https://leetcode.com/problems/clone-binary-tree-with-random-pointer
1486,xor-operation-in-an-array,Easy,Bit Manipulation; Math,2020-06-21,train,False,0,,,,,,,0,https://leetcode.com/problems/xor-operation-in-an-array
1487,making-file-names-unique,Medium,Array; Hash Table; String,2020-06-21,train,False,0,,,,,,,0,https://leetcode.com/problems/making-file-names-unique
1488,avoid-flood-in-the-city,Medium,Greedy; Array; Hash Table; Binary Search; Heap (Priority Queue),2020-06-21,train,True,1,google,google,,,,google,1,https://leetcode.com/problems/avoid-flood-in-the-city
1489,find-critical-and-pseudo-critical-edges-in-minimum-spanning-tree,Hard,Union Find; Graph; Minimum Spanning Tree; Sorting; Strongly Connected Component,2020-06-21,train,True,1,amazon,amazon,,,,amazon,1,https://leetcode.com/problems/find-critical-and-pseudo-critical-edges-in-minimum-spanning-tree
1491,average-salary-excluding-the-minimum-and-maximum-salary,Easy,Array; Sorting,2020-06-21,train,True,1,netsuite,netsuite,,,,netsuite,1,https://leetcode.com/problems/average-salary-excluding-the-minimum-and-maximum-salary
1492,the-kth-factor-of-n,Medium,Math; Number Theory,2020-06-21,train,True,1,expedia,expedia,,,,expedia,1,https://leetcode.com/problems/the-kth-factor-of-n
1493,longest-subarray-of-1s-after-deleting-one-element,Medium,Array; Dynamic Programming; Sliding Window,2020-06-21,train,True,1,yandex,yandex,,,,yandex,1,https://leetcode.com/problems/longest-subarray-of-1s-after-deleting-one-element
1494,parallel-courses-ii,Hard,Bit Manipulation; Graph; Dynamic Programming; Bitmask,2020-06-21,train,True,1,google,google,,,,google,1,https://leetcode.com/problems/parallel-courses-ii
1496,path-crossing,Easy,Hash Table; String,2020-06-28,train,True,1,amazon,amazon,,,,amazon,1,https://leetcode.com/problems/path-crossing
1497,check-if-array-pairs-are-divisible-by-k,Medium,Array; Hash Table; Counting,2020-06-28,train,True,1,paypal,paypal,paypal,paypal,paypal,paypal,4,https://leetcode.com/problems/check-if-array-pairs-are-divisible-by-k
1498,number-of-subsequences-that-satisfy-the-given-sum-condition,Medium,Array; Two Pointers; Binary Search; Sorting,2020-06-28,train,True,2,facebook; google,facebook; google,facebook,facebook,facebook,facebook; google,5,https://leetcode.com/problems/number-of-subsequences-that-satisfy-the-given-sum-condition
1499,max-value-of-equation,Hard,Queue; Array; Sliding Window; Monotonic Queue; Heap (Priority Queue),2020-06-28,train,True,1,google,google,,,,google,1,https://leetcode.com/problems/max-value-of-equation
1502,can-make-arithmetic-progression-from-sequence,Easy,Array; Sorting,2020-07-05,train,True,1,amazon,amazon,,,,amazon,1,https://leetcode.com/problems/can-make-arithmetic-progression-from-sequence
1503,last-moment-before-all-ants-fall-out-of-a-plank,Medium,Brainteaser; Array; Simulation,2020-07-05,train,True,1,google,google,,,,google,1,https://leetcode.com/problems/last-moment-before-all-ants-fall-out-of-a-plank
1504,count-submatrices-with-all-ones,Medium,Stack; Array; Dynamic Programming; Matrix; Monotonic Stack,2020-07-05,train,True,1,google,google,google,google,google,google,4,https://leetcode.com/problems/count-submatrices-with-all-ones
1505,minimum-possible-integer-after-at-most-k-adjacent-swaps-on-digits,Hard,Greedy; Binary Indexed Tree; Segment Tree; String,2020-07-05,train,False,0,,,,,,,0,https://leetcode.com/problems/minimum-possible-integer-after-at-most-k-adjacent-swaps-on-digits
1507,reformat-date,Easy,String,2020-07-05,train,True,1,twilio,twilio,,,,twilio,1,https://leetcode.com/problems/reformat-date
1508,range-sum-of-sorted-subarray-sums,Medium,Array; Two Pointers; Binary Search; Sorting,2020-07-05,train,True,1,google,google,,,,google,1,https://leetcode.com/problems/range-sum-of-sorted-subarray-sums
1509,minimum-difference-between-largest-and-smallest-value-in-three-moves,Medium,Greedy; Array; Sorting,2020-07-05,train,True,1,google,google,,,,google,1,https://leetcode.com/problems/minimum-difference-between-largest-and-smallest-value-in-three-moves
1510,stone-game-iv,Hard,Math; Dynamic Programming; Game Theory,2020-07-05,train,True,1,microsoft,microsoft,,,,microsoft,1,https://leetcode.com/problems/stone-game-iv
1512,number-of-good-pairs,Easy,Array; Hash Table; Math; Counting,2020-07-12,train,False,0,,,,,,,0,https://leetcode.com/problems/number-of-good-pairs
1513,number-of-substrings-with-only-1s,Medium,Math; String,2020-07-12,train,True,1,google,google,,,,google,1,https://leetcode.com/problems/number-of-substrings-with-only-1s
1514,path-with-maximum-probability,Medium,Graph; Array; Shortest Path; Heap (Priority Queue),2020-07-12,train,True,1,google,google,,,,google,1,https://leetcode.com/problems/path-with-maximum-probability
1515,best-position-for-a-service-centre,Hard,Geometry; Array; Math; Randomized,2020-07-12,train,True,1,citadel,citadel,,,,citadel,1,https://leetcode.com/problems/best-position-for-a-service-centre
1518,water-bottles,Easy,Math; Simulation,2020-07-19,train,True,1,microsoft,microsoft,,,,microsoft,1,https://leetcode.com/problems/water-bottles
1519,number-of-nodes-in-the-sub-tree-with-the-same-label,Medium,Tree; Depth-First Search; Breadth-First Search; Hash Table; Counting,2020-07-19,train,True,1,samsung,samsung,,,,samsung,1,https://leetcode.com/problems/number-of-nodes-in-the-sub-tree-with-the-same-label
1520,maximum-number-of-non-overlapping-substrings,Hard,Greedy; String,2020-07-19,train,True,1,amazon,amazon,amazon,amazon,amazon,amazon,4,https://leetcode.com/problems/maximum-number-of-non-overlapping-substrings
1521,find-a-value-of-a-mysterious-function-closest-to-target,Hard,Bit Manipulation; Segment Tree; Array; Binary Search,2020-07-19,train,True,1,american-express,american-express,,,,american-express,1,https://leetcode.com/problems/find-a-value-of-a-mysterious-function-closest-to-target
1523,count-odd-numbers-in-an-interval-range,Easy,Math,2020-07-19,train,True,1,microsoft,microsoft,,,,microsoft,1,https://leetcode.com/problems/count-odd-numbers-in-an-interval-range
1524,number-of-sub-arrays-with-odd-sum,Medium,Array; Math; Dynamic Programming; Prefix Sum,2020-07-19,train,False,0,,,,,,,0,https://leetcode.com/problems/number-of-sub-arrays-with-odd-sum
1525,number-of-good-ways-to-split-a-string,Medium,Bit Manipulation; Hash Table; String; Dynamic Programming,2020-07-19,train,True,1,google,google,,,,google,1,https://leetcode.com/problems/number-of-good-ways-to-split-a-string
1526,minimum-number-of-increments-on-subarrays-to-form-a-target-array,Hard,Stack; Greedy; Array; Dynamic Programming; Monotonic Stack,2020-07-19,train,True,1,google,google,,,,google,1,https://leetcode.com/problems/minimum-number-of-increments-on-subarrays-to-form-a-target-array
1528,shuffle-string,Easy,Array; String,2020-07-26,train,True,2,facebook; microsoft,facebook; microsoft,facebook,facebook,facebook,facebook; microsoft,5,https://leetcode.com/problems/shuffle-string
1529,minimum-suffix-flips,Medium,Greedy; String,2020-07-26,train,False,0,,,,,,,0,https://leetcode.com/problems/minimum-suffix-flips
1530,number-of-good-leaf-nodes-pairs,Medium,Tree; Depth-First Search; Binary Tree,2020-07-26,train,True,1,google,google,,,,google,1,https://leetcode.com/problems/number-of-good-leaf-nodes-pairs
1531,string-compression-ii,Hard,String; Dynamic Programming,2020-07-26,train,False,0,,,,,,,0,https://leetcode.com/problems/string-compression-ii
1534,count-good-triplets,Easy,Array; Enumeration,2020-08-02,train,True,1,turvo,turvo,,,,turvo,1,https://leetcode.com/problems/count-good-triplets
1535,find-the-winner-of-an-array-game,Medium,Array; Simulation,2020-08-02,train,False,0,,,,,,,0,https://leetcode.com/problems/find-the-winner-of-an-array-game
1536,minimum-swaps-to-arrange-a-binary-grid,Medium,Greedy; Array; Matrix,2020-08-02,train,False,0,,,,,,,0,https://leetcode.com/problems/minimum-swaps-to-arrange-a-binary-grid
1537,get-the-maximum-score,Hard,Greedy; Array; Two Pointers; Dynamic Programming,2020-08-02,train,False,0,,,,,,,0,https://leetcode.com/problems/get-the-maximum-score
1539,kth-missing-positive-number,Easy,Array; Binary Search,2020-08-02,train,True,1,microsoft,microsoft,,,,microsoft,1,https://leetcode.com/problems/kth-missing-positive-number
1540,can-convert-string-in-k-moves,Medium,Hash Table; String,2020-08-02,train,True,1,infosys,infosys,,,,infosys,1,https://leetcode.com/problems/can-convert-string-in-k-moves
1541,minimum-insertions-to-balance-a-parentheses-string,Medium,Stack; Greedy; String,2020-08-02,train,False,0,,,,,,,0,https://leetcode.com/problems/minimum-insertions-to-balance-a-parentheses-string
1542,find-longest-awesome-substring,Hard,Bit Manipulation; Hash Table; String,2020-08-02,train,False,0,,,,,,,0,https://leetcode.com/problems/find-longest-awesome-substring
1544,make-the-string-great,Easy,Stack; String,2020-08-09,train,True,1,google,google,,,,google,1,https://leetcode.com/problems/make-the-string-great
1545,find-kth-bit-in-nth-binary-string,Medium,Recursion; String; Simulation,2020-08-09,train,False,0,,,,,,,0,https://leetcode.com/problems/find-kth-bit-in-nth-binary-string
1546,maximum-number-of-non-overlapping-subarrays-with-sum-equals-target,Medium,Greedy; Array; Hash Table; Prefix Sum,2020-08-09,train,True,1,google,google,,,,google,1,https://leetcode.com/problems/maximum-number-of-non-overlapping-subarrays-with-sum-equals-target
1547,minimum-cost-to-cut-a-stick,Hard,Array; Dynamic Programming; Sorting,2020-08-09,train,True,1,google,google,,,,google,1,https://leetcode.com/problems/minimum-cost-to-cut-a-stick
1548,the-most-similar-path-in-a-graph,Hard,Graph; Dynamic Programming,2020-08-09,train,False,0,,,,,,,0,https://leetcode.com/problems/the-most-similar-path-in-a-graph
1550,three-consecutive-odds,Easy,Array,2020-08-16,train,False,0,,,,,,,0,https://leetcode.com/problems/three-consecutive-odds
1551,minimum-operations-to-make-array-equal,Medium,Math,2020-08-16,train,False,0,,,,,,,0,https://leetcode.com/problems/minimum-operations-to-make-array-equal
1552,magnetic-force-between-two-balls,Medium,Array; Binary Search; Sorting,2020-08-16,train,False,0,,,,,,,0,https://leetcode.com/problems/magnetic-force-between-two-balls
1553,minimum-number-of-days-to-eat-n-oranges,Hard,Memoization; Dynamic Programming,2020-08-16,train,False,0,,,,,,,0,https://leetcode.com/problems/minimum-number-of-days-to-eat-n-oranges
1554,strings-differ-by-one-character,Medium,Hash Table; String; Hash Function; Rolling Hash,2020-08-16,train,False,0,,,,,,,0,https://leetcode.com/problems/strings-differ-by-one-character
1556,thousand-separator,Easy,String,2020-08-16,train,False,0,,,,,,,0,https://leetcode.com/problems/thousand-separator
1557,minimum-number-of-vertices-to-reach-all-nodes,Medium,Graph,2020-08-16,train,False,0,,,,,,,0,https://leetcode.com/problems/minimum-number-of-vertices-to-reach-all-nodes
1558,minimum-numbers-of-function-calls-to-make-target-array,Medium,Greedy; Bit Manipulation; Array,2020-08-16,train,False,0,,,,,,,0,https://leetcode.com/problems/minimum-numbers-of-function-calls-to-make-target-array
1559,detect-cycles-in-2d-grid,Medium,Depth-First Search; Breadth-First Search; Union Find; Array; Matrix,2020-08-16,train,False,0,,,,,,,0,https://leetcode.com/problems/detect-cycles-in-2d-grid
1560,most-visited-sector-in-a-circular-track,Easy,Array; Simulation,2020-08-23,train,False,0,,,,,,,0,https://leetcode.com/problems/most-visited-sector-in-a-circular-track
1561,maximum-number-of-coins-you-can-get,Medium,Greedy; Array; Math; Game Theory; Sorting,2020-08-23,train,False,0,,,,,,,0,https://leetcode.com/problems/maximum-number-of-coins-you-can-get
1562,find-latest-group-of-size-m,Medium,Array; Hash Table; Binary Search; Simulation,2020-08-23,train,False,0,,,,,,,0,https://leetcode.com/problems/find-latest-group-of-size-m
1563,stone-game-v,Hard,Array; Math; Dynamic Programming; Game Theory,2020-08-23,train,False,0,,,,,,,0,https://leetcode.com/problems/stone-game-v
1564,put-boxes-into-the-warehouse-i,Medium,Greedy; Array; Sorting,2020-08-23,train,False,0,,,,,,,0,https://leetcode.com/problems/put-boxes-into-the-warehouse-i
1566,detect-pattern-of-length-m-repeated-k-or-more-times,Easy,Array; Enumeration,2020-08-30,train,False,0,,,,,,,0,https://leetcode.com/problems/detect-pattern-of-length-m-repeated-k-or-more-times
1567,maximum-length-of-subarray-with-positive-product,Medium,Greedy; Array; Dynamic Programming,2020-08-30,train,False,0,,,,,,,0,https://leetcode.com/problems/maximum-length-of-subarray-with-positive-product
1568,minimum-number-of-days-to-disconnect-island,Hard,Depth-First Search; Breadth-First Search; Array; Matrix; Strongly Connected Component,2020-08-30,train,False,0,,,,,,,0,https://leetcode.com/problems/minimum-number-of-days-to-disconnect-island
1569,number-of-ways-to-reorder-array-to-get-same-bst,Hard,Tree; Union Find; Binary Search Tree; Memoization; Array; Math; Divide and Conquer; Dynamic Programming; Binary Tree; Combinatorics,2020-08-30,train,False,0,,,,,,,0,https://leetcode.com/problems/number-of-ways-to-reorder-array-to-get-same-bst
1572,matrix-diagonal-sum,Easy,Array; Matrix,2020-08-30,train,False,0,,,,,,,0,https://leetcode.com/problems/matrix-diagonal-sum
1573,number-of-ways-to-split-a-string,Medium,Math; String,2020-08-30,train,False,0,,,,,,,0,https://leetcode.com/problems/number-of-ways-to-split-a-string
1574,shortest-subarray-to-be-removed-to-make-array-sorted,Medium,Stack; Array; Two Pointers; Binary Search; Monotonic Stack,2020-08-30,train,False,0,,,,,,,0,https://leetcode.com/problems/shortest-subarray-to-be-removed-to-make-array-sorted
1575,count-all-possible-routes,Hard,Memoization; Array; Dynamic Programming,2020-08-30,train,False,0,,,,,,,0,https://leetcode.com/problems/count-all-possible-routes
1576,replace-all-s-to-avoid-consecutive-repeating-characters,Easy,String,2020-09-06,train,False,0,,,,,,,0,https://leetcode.com/problems/replace-all-s-to-avoid-consecutive-repeating-characters
1577,number-of-ways-where-square-of-number-is-equal-to-product-of-two-numbers,Medium,Array; Hash Table; Math; Two Pointers,2020-09-06,train,False,0,,,,,,,0,https://leetcode.com/problems/number-of-ways-where-square-of-number-is-equal-to-product-of-two-numbers
1578,minimum-time-to-make-rope-colorful,Medium,Greedy; Array; String; Dynamic Programming,2020-09-06,train,False,0,,,,,,,0,https://leetcode.com/problems/minimum-time-to-make-rope-colorful
1579,remove-max-number-of-edges-to-keep-graph-fully-traversable,Hard,Union Find; Graph,2020-09-06,train,False,0,,,,,,,0,https://leetcode.com/problems/remove-max-number-of-edges-to-keep-graph-fully-traversable
1580,put-boxes-into-the-warehouse-ii,Medium,Greedy; Array; Sorting,2020-09-06,train,False,0,,,,,,,0,https://leetcode.com/problems/put-boxes-into-the-warehouse-ii
1582,special-positions-in-a-binary-matrix,Easy,Array; Matrix,2020-09-13,train,False,0,,,,,,,0,https://leetcode.com/problems/special-positions-in-a-binary-matrix
1583,count-unhappy-friends,Medium,Array; Simulation,2020-09-13,train,False,0,,,,,,,0,https://leetcode.com/problems/count-unhappy-friends
1584,min-cost-to-connect-all-points,Medium,Union Find; Graph; Array; Minimum Spanning Tree,2020-09-13,train,False,0,,,,,,,0,https://leetcode.com/problems/min-cost-to-connect-all-points
1585,check-if-string-is-transformable-with-substring-sort-operations,Hard,Greedy; String; Sorting,2020-09-13,train,False,0,,,,,,,0,https://leetcode.com/problems/check-if-string-is-transformable-with-substring-sort-operations
1588,sum-of-all-odd-length-subarrays,Easy,Array; Math; Prefix Sum,2020-09-13,train,False,0,,,,,,,0,https://leetcode.com/problems/sum-of-all-odd-length-subarrays
1589,maximum-sum-obtained-of-any-permutation,Medium,Greedy; Array; Prefix Sum; Sorting,2020-09-13,train,False,0,,,,,,,0,https://leetcode.com/problems/maximum-sum-obtained-of-any-permutation
1590,make-sum-divisible-by-p,Medium,Array; Hash Table; Prefix Sum,2020-09-13,train,False,0,,,,,,,0,https://leetcode.com/problems/make-sum-divisible-by-p
1591,strange-printer-ii,Hard,Graph; Topological Sort; Array; Matrix,2020-09-13,train,False,0,,,,,,,0,https://leetcode.com/problems/strange-printer-ii
1592,rearrange-spaces-between-words,Easy,String,2020-09-20,train,False,0,,,,,,,0,https://leetcode.com/problems/rearrange-spaces-between-words
1593,split-a-string-into-the-max-number-of-unique-substrings,Medium,Hash Table; String; Backtracking,2020-09-20,train,False,0,,,,,,,0,https://leetcode.com/problems/split-a-string-into-the-max-number-of-unique-substrings
1594,maximum-non-negative-product-in-a-matrix,Medium,Array; Dynamic Programming; Matrix,2020-09-20,train,False,0,,,,,,,0,https://leetcode.com/problems/maximum-non-negative-product-in-a-matrix
1595,minimum-cost-to-connect-two-groups-of-points,Hard,Bit Manipulation; Array; Dynamic Programming; Bitmask; Matrix,2020-09-20,train,False,0,,,,,,,0,https://leetcode.com/problems/minimum-cost-to-connect-two-groups-of-points
1598,crawler-log-folder,Easy,Stack; Array; String,2020-09-27,train,False,0,,,,,,,0,https://leetcode.com/problems/crawler-log-folder
1599,maximum-profit-of-operating-a-centennial-wheel,Medium,Array; Simulation,2020-09-27,train,False,0,,,,,,,0,https://leetcode.com/problems/maximum-profit-of-operating-a-centennial-wheel
1601,maximum-number-of-achievable-transfer-requests,Hard,Bit Manipulation; Array; Backtracking; Enumeration,2020-09-27,train,False,0,,,,,,,0,https://leetcode.com/problems/maximum-number-of-achievable-transfer-requests
1602,find-nearest-right-node-in-binary-tree,Medium,Tree; Breadth-First Search; Binary Tree,2020-09-27,train,False,0,,,,,,,0,https://leetcode.com/problems/find-nearest-right-node-in-binary-tree
1604,alert-using-same-key-card-three-or-more-times-in-a-one-hour-period,Medium,Array; Hash Table; String; Sorting,2020-09-27,train,False,0,,,,,,,0,https://leetcode.com/problems/alert-using-same-key-card-three-or-more-times-in-a-one-hour-period
1605,find-valid-matrix-given-row-and-column-sums,Medium,Greedy; Array; Matrix,2020-09-27,train,False,0,,,,,,,0,https://leetcode.com/problems/find-valid-matrix-given-row-and-column-sums
1606,find-servers-that-handled-most-number-of-requests,Hard,Greedy; Array; Ordered Set; Heap (Priority Queue),2020-09-27,train,False,0,,,,,,,0,https://leetcode.com/problems/find-servers-that-handled-most-number-of-requests
1608,special-array-with-x-elements-greater-than-or-equal-x,Easy,Array; Binary Search; Sorting,2020-10-04,train,False,0,,,,,,,0,https://leetcode.com/problems/special-array-with-x-elements-greater-than-or-equal-x
1609,even-odd-tree,Medium,Tree; Breadth-First Search; Binary Tree,2020-10-04,train,False,0,,,,,,,0,https://leetcode.com/problems/even-odd-tree
1610,maximum-number-of-visible-points,Hard,Geometry; Array; Math; Sorting; Sliding Window,2020-10-04,train,False,0,,,,,,,0,https://leetcode.com/problems/maximum-number-of-visible-points
1611,minimum-one-bit-operations-to-make-integers-zero,Hard,Bit Manipulation; Memoization; Dynamic Programming,2020-10-04,train,False,0,,,,,,,0,https://leetcode.com/problems/minimum-one-bit-operations-to-make-integers-zero
1614,maximum-nesting-depth-of-the-parentheses,Easy,Stack; String,2020-10-11,train,False,0,,,,,,,0,https://leetcode.com/problems/maximum-nesting-depth-of-the-parentheses
1615,maximal-network-rank,Medium,Graph,2020-10-11,train,False,0,,,,,,,0,https://leetcode.com/problems/maximal-network-rank
1616,split-two-strings-to-make-palindrome,Medium,Two Pointers; String,2020-10-11,train,False,0,,,,,,,0,https://leetcode.com/problems/split-two-strings-to-make-palindrome
1617,count-subtrees-with-max-distance-between-cities,Hard,Bit Manipulation; Tree; Dynamic Programming; Bitmask; Enumeration,2020-10-11,train,False,0,,,,,,,0,https://leetcode.com/problems/count-subtrees-with-max-distance-between-cities
1619,mean-of-array-after-removing-some-elements,Easy,Array; Sorting,2020-10-11,train,False,0,,,,,,,0,https://leetcode.com/problems/mean-of-array-after-removing-some-elements
1620,coordinate-with-maximum-network-quality,Medium,Array; Enumeration,2020-10-11,train,False,0,,,,,,,0,https://leetcode.com/problems/coordinate-with-maximum-network-quality
1621,number-of-sets-of-k-non-overlapping-line-segments,Medium,Math; Dynamic Programming; Combinatorics,2020-10-11,train,False,0,,,,,,,0,https://leetcode.com/problems/number-of-sets-of-k-non-overlapping-line-segments
1624,largest-substring-between-two-equal-characters,Easy,Hash Table; String,2020-10-18,train,False,0,,,,,,,0,https://leetcode.com/problems/largest-substring-between-two-equal-characters
1625,lexicographically-smallest-string-after-applying-operations,Medium,Depth-First Search; Breadth-First Search; String; Enumeration,2020-10-18,train,False,0,,,,,,,0,https://leetcode.com/problems/lexicographically-smallest-string-after-applying-operations
1626,best-team-with-no-conflicts,Medium,Array; Dynamic Programming; Sorting,2020-10-18,train,False,0,,,,,,,0,https://leetcode.com/problems/best-team-with-no-conflicts
1627,graph-connectivity-with-threshold,Hard,Union Find; Array; Math; Number Theory,2020-10-18,train,False,0,,,,,,,0,https://leetcode.com/problems/graph-connectivity-with-threshold
1629,slowest-key,Easy,Array; String,2020-10-25,train,False,0,,,,,,,0,https://leetcode.com/problems/slowest-key
1630,arithmetic-subarrays,Medium,Array; Hash Table; Sorting,2020-10-25,train,False,0,,,,,,,0,https://leetcode.com/problems/arithmetic-subarrays
1631,path-with-minimum-effort,Medium,Depth-First Search; Breadth-First Search; Union Find; Array; Binary Search; Matrix; Heap (Priority Queue),2020-10-25,train,False,0,,,,,,,0,https://leetcode.com/problems/path-with-minimum-effort
1632,rank-transform-of-a-matrix,Hard,Union Find; Graph; Topological Sort; Array; Matrix; Sorting,2020-10-25,train,False,0,,,,,,,0,https://leetcode.com/problems/rank-transform-of-a-matrix
1636,sort-array-by-increasing-frequency,Easy,Array; Hash Table; Sorting,2020-10-25,train,False,0,,,,,,,0,https://leetcode.com/problems/sort-array-by-increasing-frequency
1637,widest-vertical-area-between-two-points-containing-no-points,Easy,Array; Sorting,2020-10-25,train,False,0,,,,,,,0,https://leetcode.com/problems/widest-vertical-area-between-two-points-containing-no-points
1638,count-substrings-that-differ-by-one-character,Medium,Hash Table; String; Dynamic Programming; Enumeration,2020-10-25,train,False,0,,,,,,,0,https://leetcode.com/problems/count-substrings-that-differ-by-one-character
1639,number-of-ways-to-form-a-target-string-given-a-dictionary,Hard,Array; String; Dynamic Programming,2020-10-25,train,False,0,,,,,,,0,https://leetcode.com/problems/number-of-ways-to-form-a-target-string-given-a-dictionary
1640,check-array-formation-through-concatenation,Easy,Array; Hash Table,2020-11-01,train,False,0,,,,,,,0,https://leetcode.com/problems/check-array-formation-through-concatenation
1641,count-sorted-vowel-strings,Medium,Math; Dynamic Programming; Combinatorics,2020-11-01,train,False,0,,,,,,,0,https://leetcode.com/problems/count-sorted-vowel-strings
1642,furthest-building-you-can-reach,Medium,Greedy; Array; Heap (Priority Queue),2020-11-01,train,False,0,,,,,,,0,https://leetcode.com/problems/furthest-building-you-can-reach
1643,kth-smallest-instructions,Hard,Array; Math; Dynamic Programming; Combinatorics,2020-11-01,train,False,0,,,,,,,0,https://leetcode.com/problems/kth-smallest-instructions
1644,lowest-common-ancestor-of-a-binary-tree-ii,Medium,Tree; Depth-First Search; Binary Tree,2020-11-01,train,False,0,,,,,,,0,https://leetcode.com/problems/lowest-common-ancestor-of-a-binary-tree-ii
1646,get-maximum-in-generated-array,Easy,Array; Simulation,2020-11-08,train,False,0,,,,,,,0,https://leetcode.com/problems/get-maximum-in-generated-array
1647,minimum-deletions-to-make-character-frequencies-unique,Medium,Greedy; Hash Table; String; Sorting,2020-11-08,train,False,0,,,,,,,0,https://leetcode.com/problems/minimum-deletions-to-make-character-frequencies-unique
1648,sell-diminishing-valued-colored-balls,Medium,Greedy; Array; Math; Binary Search; Sorting; Heap (Priority Queue),2020-11-08,train,False,0,,,,,,,0,https://leetcode.com/problems/sell-diminishing-valued-colored-balls
1649,create-sorted-array-through-instructions,Hard,Binary Indexed Tree; Segment Tree; Array; Binary Search; Divide and Conquer; Ordered Set; Merge Sort,2020-11-08,train,False,0,,,,,,,0,https://leetcode.com/problems/create-sorted-array-through-instructions
1652,defuse-the-bomb,Easy,Array; Sliding Window,2020-11-08,train,False,0,,,,,,,0,https://leetcode.com/problems/defuse-the-bomb
1653,minimum-deletions-to-make-string-balanced,Medium,Stack; String; Dynamic Programming,2020-11-08,train,False,0,,,,,,,0,https://leetcode.com/problems/minimum-deletions-to-make-string-balanced
1654,minimum-jumps-to-reach-home,Medium,Breadth-First Search; Array; Dynamic Programming,2020-11-08,train,False,0,,,,,,,0,https://leetcode.com/problems/minimum-jumps-to-reach-home
1655,distribute-repeating-integers,Hard,Bit Manipulation; Array; Dynamic Programming; Backtracking; Bitmask,2020-11-08,train,False,0,,,,,,,0,https://leetcode.com/problems/distribute-repeating-integers
1657,determine-if-two-strings-are-close,Medium,Hash Table; String; Counting; Sorting,2020-11-15,train,False,0,,,,,,,0,https://leetcode.com/problems/determine-if-two-strings-are-close
1658,minimum-operations-to-reduce-x-to-zero,Medium,Array; Hash Table; Binary Search; Prefix Sum; Sliding Window,2020-11-15,train,False,0,,,,,,,0,https://leetcode.com/problems/minimum-operations-to-reduce-x-to-zero
1659,maximize-grid-happiness,Hard,Bit Manipulation; Memoization; Dynamic Programming; Bitmask,2020-11-15,train,False,0,,,,,,,0,https://leetcode.com/problems/maximize-grid-happiness
1662,check-if-two-string-arrays-are-equivalent,Easy,Array; String,2020-11-22,train,False,0,,,,,,,0,https://leetcode.com/problems/check-if-two-string-arrays-are-equivalent
1663,smallest-string-with-a-given-numeric-value,Medium,Greedy; String,2020-11-22,train,False,0,,,,,,,0,https://leetcode.com/problems/smallest-string-with-a-given-numeric-value
1664,ways-to-make-a-fair-array,Medium,Array; Prefix Sum,2020-11-22,train,False,0,,,,,,,0,https://leetcode.com/problems/ways-to-make-a-fair-array
1665,minimum-initial-energy-to-finish-tasks,Hard,Greedy; Array; Sorting,2020-11-22,train,False,0,,,,,,,0,https://leetcode.com/problems/minimum-initial-energy-to-finish-tasks
1668,maximum-repeating-substring,Easy,String; Dynamic Programming; String Matching,2020-11-22,train,False,0,,,,,,,0,https://leetcode.com/problems/maximum-repeating-substring
1669,merge-in-between-linked-lists,Medium,Linked List,2020-11-22,train,False,0,,,,,,,0,https://leetcode.com/problems/merge-in-between-linked-lists
1671,minimum-number-of-removals-to-make-mountain-array,Hard,Greedy; Array; Binary Search; Dynamic Programming,2020-11-22,train,False,0,,,,,,,0,https://leetcode.com/problems/minimum-number-of-removals-to-make-mountain-array
1672,richest-customer-wealth,Easy,Array; Matrix,2020-11-29,train,False,0,,,,,,,0,https://leetcode.com/problems/richest-customer-wealth
1673,find-the-most-competitive-subsequence,Medium,Stack; Greedy; Array; Monotonic Stack,2020-11-29,train,False,0,,,,,,,0,https://leetcode.com/problems/find-the-most-competitive-subsequence
1674,minimum-moves-to-make-array-complementary,Medium,Array; Hash Table; Prefix Sum,2020-11-29,train,False,0,,,,,,,0,https://leetcode.com/problems/minimum-moves-to-make-array-complementary
1675,minimize-deviation-in-array,Hard,Greedy; Array; Ordered Set; Heap (Priority Queue),2020-11-29,train,False,0,,,,,,,0,https://leetcode.com/problems/minimize-deviation-in-array
1678,goal-parser-interpretation,Easy,String,2020-12-06,train,False,0,,,,,,,0,https://leetcode.com/problems/goal-parser-interpretation
1679,max-number-of-k-sum-pairs,Medium,Array; Hash Table; Two Pointers; Sorting,2020-12-06,train,False,0,,,,,,,0,https://leetcode.com/problems/max-number-of-k-sum-pairs
1680,concatenation-of-consecutive-binary-numbers,Medium,Bit Manipulation; Math; Simulation,2020-12-06,train,False,0,,,,,,,0,https://leetcode.com/problems/concatenation-of-consecutive-binary-numbers
1681,minimum-incompatibility,Hard,Bit Manipulation; Array; Dynamic Programming; Bitmask,2020-12-06,train,False,0,,,,,,,0,https://leetcode.com/problems/minimum-incompatibility
1682,longest-palindromic-subsequence-ii,Medium,String; Dynamic Programming,2020-12-06,train,False,0,,,,,,,0,https://leetcode.com/problems/longest-palindromic-subsequence-ii
1684,count-the-number-of-consistent-strings,Easy,Bit Manipulation; Array; Hash Table; String; Counting,2020-12-06,train,False,0,,,,,,,0,https://leetcode.com/problems/count-the-number-of-consistent-strings
1685,sum-of-absolute-differences-in-a-sorted-array,Medium,Array; Math; Prefix Sum,2020-12-06,train,False,0,,,,,,,0,https://leetcode.com/problems/sum-of-absolute-differences-in-a-sorted-array
1686,stone-game-vi,Medium,Greedy; Array; Math; Game Theory; Sorting; Heap (Priority Queue),2020-12-06,train,False,0,,,,,,,0,https://leetcode.com/problems/stone-game-vi
1687,delivering-boxes-from-storage-to-ports,Hard,Segment Tree; Queue; Array; Dynamic Programming; Prefix Sum; Monotonic Queue; Heap (Priority Queue),2020-12-06,train,False,0,,,,,,,0,https://leetcode.com/problems/delivering-boxes-from-storage-to-ports
1688,count-of-matches-in-tournament,Easy,Math; Simulation,2020-12-13,train,False,0,,,,,,,0,https://leetcode.com/problems/count-of-matches-in-tournament
1689,partitioning-into-minimum-number-of-deci-binary-numbers,Medium,Greedy; String,2020-12-13,train,False,0,,,,,,,0,https://leetcode.com/problems/partitioning-into-minimum-number-of-deci-binary-numbers
1690,stone-game-vii,Medium,Array; Math; Dynamic Programming; Game Theory,2020-12-13,train,False,0,,,,,,,0,https://leetcode.com/problems/stone-game-vii
1691,maximum-height-by-stacking-cuboids,Hard,Array; Dynamic Programming; Sorting,2020-12-13,train,False,0,,,,,,,0,https://leetcode.com/problems/maximum-height-by-stacking-cuboids
1692,count-ways-to-distribute-candies,Hard,Dynamic Programming,2020-12-13,train,False,0,,,,,,,0,https://leetcode.com/problems/count-ways-to-distribute-candies
1694,reformat-phone-number,Easy,String,2020-12-20,train,False,0,,,,,,,0,https://leetcode.com/problems/reformat-phone-number
1695,maximum-erasure-value,Medium,Array; Hash Table; Sliding Window,2020-12-20,train,False,0,,,,,,,0,https://leetcode.com/problems/maximum-erasure-value
1696,jump-game-vi,Medium,Queue; Array; Dynamic Programming; Monotonic Queue; Heap (Priority Queue),2020-12-20,train,False,0,,,,,,,0,https://leetcode.com/problems/jump-game-vi
1697,checking-existence-of-edge-length-limited-paths,Hard,Union Find; Graph; Array; Two Pointers; Sorting,2020-12-20,train,False,0,,,,,,,0,https://leetcode.com/problems/checking-existence-of-edge-length-limited-paths
1698,number-of-distinct-substrings-in-a-string,Medium,Trie; String; Suffix Array; Hash Function; Rolling Hash,2020-12-20,train,False,0,,,,,,,0,https://leetcode.com/problems/number-of-distinct-substrings-in-a-string
1700,number-of-students-unable-to-eat-lunch,Easy,Stack; Queue; Array; Simulation,2020-12-20,train,False,0,,,,,,,0,https://leetcode.com/problems/number-of-students-unable-to-eat-lunch
1701,average-waiting-time,Medium,Array; Simulation,2020-12-20,train,False,0,,,,,,,0,https://leetcode.com/problems/average-waiting-time
1702,maximum-binary-string-after-change,Medium,Greedy; String,2020-12-20,train,False,0,,,,,,,0,https://leetcode.com/problems/maximum-binary-string-after-change
1703,minimum-adjacent-swaps-for-k-consecutive-ones,Hard,Greedy; Array; Prefix Sum; Sliding Window,2020-12-20,train,False,0,,,,,,,0,https://leetcode.com/problems/minimum-adjacent-swaps-for-k-consecutive-ones
1704,determine-if-string-halves-are-alike,Easy,String; Counting,2020-12-27,train,False,0,,,,,,,0,https://leetcode.com/problems/determine-if-string-halves-are-alike
1705,maximum-number-of-eaten-apples,Medium,Greedy; Array; Heap (Priority Queue),2020-12-27,train,False,0,,,,,,,0,https://leetcode.com/problems/maximum-number-of-eaten-apples
1706,where-will-the-ball-fall,Medium,Array; Matrix; Simulation,2020-12-27,train,False,0,,,,,,,0,https://leetcode.com/problems/where-will-the-ball-fall
1707,maximum-xor-with-an-element-from-array,Hard,Bit Manipulation; Trie; Array,2020-12-27,train,False,0,,,,,,,0,https://leetcode.com/problems/maximum-xor-with-an-element-from-array
1708,largest-subarray-length-k,Easy,Greedy; Array,2020-12-27,train,False,0,,,,,,,0,https://leetcode.com/problems/largest-subarray-length-k
1710,maximum-units-on-a-truck,Easy,Greedy; Array; Sorting,2021-01-03,train,False,0,,,,,,,0,https://leetcode.com/problems/maximum-units-on-a-truck
1711,count-good-meals,Medium,Array; Hash Table,2021-01-03,train,False,0,,,,,,,0,https://leetcode.com/problems/count-good-meals
1712,ways-to-split-array-into-three-subarrays,Medium,Array; Two Pointers; Binary Search; Prefix Sum,2021-01-03,train,False,0,,,,,,,0,https://leetcode.com/problems/ways-to-split-array-into-three-subarrays
1713,minimum-operations-to-make-a-subsequence,Hard,Greedy; Array; Hash Table; Binary Search,2021-01-03,train,False,0,,,,,,,0,https://leetcode.com/problems/minimum-operations-to-make-a-subsequence
1714,sum-of-special-evenly-spaced-elements-in-array,Hard,Array; Dynamic Programming,2021-01-03,train,False,0,,,,,,,0,https://leetcode.com/problems/sum-of-special-evenly-spaced-elements-in-array
1716,calculate-money-in-leetcode-bank,Easy,Math,2021-01-03,train,False,0,,,,,,,0,https://leetcode.com/problems/calculate-money-in-leetcode-bank
1717,maximum-score-from-removing-substrings,Medium,Stack; Greedy; String,2021-01-03,train,False,0,,,,,,,0,https://leetcode.com/problems/maximum-score-from-removing-substrings
1718,construct-the-lexicographically-largest-valid-sequence,Medium,Array; Backtracking,2021-01-03,train,False,0,,,,,,,0,https://leetcode.com/problems/construct-the-lexicographically-largest-valid-sequence
1719,number-of-ways-to-reconstruct-a-tree,Hard,Tree; Graph,2021-01-03,train,False,0,,,,,,,0,https://leetcode.com/problems/number-of-ways-to-reconstruct-a-tree
1720,decode-xored-array,Easy,Bit Manipulation; Array,2021-01-10,train,False,0,,,,,,,0,https://leetcode.com/problems/decode-xored-array
1721,swapping-nodes-in-a-linked-list,Medium,Linked List; Two Pointers,2021-01-10,train,False,0,,,,,,,0,https://leetcode.com/problems/swapping-nodes-in-a-linked-list
1722,minimize-hamming-distance-after-swap-operations,Medium,Depth-First Search; Union Find; Array,2021-01-10,train,False,0,,,,,,,0,https://leetcode.com/problems/minimize-hamming-distance-after-swap-operations
1723,find-minimum-time-to-finish-all-jobs,Hard,Bit Manipulation; Array; Dynamic Programming; Backtracking; Bitmask,2021-01-10,train,False,0,,,,,,,0,https://leetcode.com/problems/find-minimum-time-to-finish-all-jobs
1725,number-of-rectangles-that-can-form-the-largest-square,Easy,Array,2021-01-17,train,False,0,,,,,,,0,https://leetcode.com/problems/number-of-rectangles-that-can-form-the-largest-square
1726,tuple-with-same-product,Medium,Array; Hash Table; Counting,2021-01-17,train,False,0,,,,,,,0,https://leetcode.com/problems/tuple-with-same-product
1727,largest-submatrix-with-rearrangements,Medium,Greedy; Array; Matrix; Sorting,2021-01-17,train,False,0,,,,,,,0,https://leetcode.com/problems/largest-submatrix-with-rearrangements
1728,cat-and-mouse-ii,Hard,Graph; Topological Sort; Memoization; Array; Math; Dynamic Programming; Game Theory; Matrix,2021-01-17,train,False,0,,,,,,,0,https://leetcode.com/problems/cat-and-mouse-ii
1730,shortest-path-to-get-food,Medium,Breadth-First Search; Array; Matrix,2021-01-17,train,False,0,,,,,,,0,https://leetcode.com/problems/shortest-path-to-get-food
1732,find-the-highest-altitude,Easy,Array; Prefix Sum,2021-01-17,train,False,0,,,,,,,0,https://leetcode.com/problems/find-the-highest-altitude
1733,minimum-number-of-people-to-teach,Medium,Greedy; Array; Hash Table,2021-01-17,train,False,0,,,,,,,0,https://leetcode.com/problems/minimum-number-of-people-to-teach
1734,decode-xored-permutation,Medium,Bit Manipulation; Array,2021-01-17,train,False,0,,,,,,,0,https://leetcode.com/problems/decode-xored-permutation
1736,latest-time-by-replacing-hidden-digits,Easy,Greedy; String,2021-01-24,train,False,0,,,,,,,0,https://leetcode.com/problems/latest-time-by-replacing-hidden-digits
1737,change-minimum-characters-to-satisfy-one-of-three-conditions,Medium,Hash Table; String; Counting; Prefix Sum,2021-01-24,train,False,0,,,,,,,0,https://leetcode.com/problems/change-minimum-characters-to-satisfy-one-of-three-conditions
1738,find-kth-largest-xor-coordinate-value,Medium,Bit Manipulation; Array; Divide and Conquer; Matrix; Prefix Sum; Quickselect; Sorting; Heap (Priority Queue),2021-01-24,train,False,0,,,,,,,0,https://leetcode.com/problems/find-kth-largest-xor-coordinate-value
1739,building-boxes,Hard,Greedy; Math; Binary Search,2021-01-24,train,False,0,,,,,,,0,https://leetcode.com/problems/building-boxes
1740,find-distance-in-a-binary-tree,Medium,Tree; Depth-First Search; Breadth-First Search; Hash Table; Binary Tree,2021-01-24,train,False,0,,,,,,,0,https://leetcode.com/problems/find-distance-in-a-binary-tree
1742,maximum-number-of-balls-in-a-box,Easy,Hash Table; Math; Counting,2021-01-31,train,False,0,,,,,,,0,https://leetcode.com/problems/maximum-number-of-balls-in-a-box
1743,restore-the-array-from-adjacent-pairs,Medium,Depth-First Search; Array; Hash Table,2021-01-31,train,False,0,,,,,,,0,https://leetcode.com/problems/restore-the-array-from-adjacent-pairs
1744,can-you-eat-your-favorite-candy-on-your-favorite-day,Medium,Array; Prefix Sum,2021-01-31,train,False,0,,,,,,,0,https://leetcode.com/problems/can-you-eat-your-favorite-candy-on-your-favorite-day
1745,palindrome-partitioning-iv,Hard,String; Dynamic Programming,2021-01-31,train,False,0,,,,,,,0,https://leetcode.com/problems/palindrome-partitioning-iv
1746,maximum-subarray-sum-after-one-operation,Medium,Array; Dynamic Programming,2021-01-31,train,False,0,,,,,,,0,https://leetcode.com/problems/maximum-subarray-sum-after-one-operation
1748,sum-of-unique-elements,Easy,Array; Hash Table; Counting,2021-01-31,train,False,0,,,,,,,0,https://leetcode.com/problems/sum-of-unique-elements
1749,maximum-absolute-sum-of-any-subarray,Medium,Array; Dynamic Programming,2021-01-31,train,False,0,,,,,,,0,https://leetcode.com/problems/maximum-absolute-sum-of-any-subarray
1750,minimum-length-of-string-after-deleting-similar-ends,Medium,Two Pointers; String,2021-01-31,train,False,0,,,,,,,0,https://leetcode.com/problems/minimum-length-of-string-after-deleting-similar-ends
1751,maximum-number-of-events-that-can-be-attended-ii,Hard,Array; Binary Search; Dynamic Programming; Sorting,2021-01-31,train,False,0,,,,,,,0,https://leetcode.com/problems/maximum-number-of-events-that-can-be-attended-ii
1752,check-if-array-is-sorted-and-rotated,Easy,Array,2021-02-07,train,False,0,,,,,,,0,https://leetcode.com/problems/check-if-array-is-sorted-and-rotated
1753,maximum-score-from-removing-stones,Medium,Greedy; Math; Heap (Priority Queue),2021-02-07,train,False,0,,,,,,,0,https://leetcode.com/problems/maximum-score-from-removing-stones
1754,largest-merge-of-two-strings,Medium,Greedy; Two Pointers; String,2021-02-07,train,False,0,,,,,,,0,https://leetcode.com/problems/largest-merge-of-two-strings
1755,closest-subsequence-sum,Hard,Bit Manipulation; Array; Two Pointers; Dynamic Programming; Bitmask; Sorting,2021-02-07,train,False,0,,,,,,,0,https://leetcode.com/problems/closest-subsequence-sum
1758,minimum-changes-to-make-alternating-binary-string,Easy,String,2021-02-14,train,False,0,,,,,,,0,https://leetcode.com/problems/minimum-changes-to-make-alternating-binary-string
1759,count-number-of-homogenous-substrings,Medium,Math; String,2021-02-14,train,False,0,,,,,,,0,https://leetcode.com/problems/count-number-of-homogenous-substrings
1760,minimum-limit-of-balls-in-a-bag,Medium,Array; Binary Search,2021-02-14,train,False,0,,,,,,,0,https://leetcode.com/problems/minimum-limit-of-balls-in-a-bag
1761,minimum-degree-of-a-connected-trio-in-a-graph,Hard,Graph,2021-02-14,train,False,0,,,,,,,0,https://leetcode.com/problems/minimum-degree-of-a-connected-trio-in-a-graph
1762,buildings-with-an-ocean-view,Medium,Stack; Array; Monotonic Stack,2021-02-14,train,False,0,,,,,,,0,https://leetcode.com/problems/buildings-with-an-ocean-view
1763,longest-nice-substring,Easy,Bit Manipulation; Hash Table; String; Divide and Conquer; Sliding Window,2021-02-14,train,False,0,,,,,,,0,https://leetcode.com/problems/longest-nice-substring
1764,form-array-by-concatenating-subarrays-of-another-array,Medium,Greedy; Array; Two Pointers; String Matching,2021-02-14,train,False,0,,,,,,,0,https://leetcode.com/problems/form-array-by-concatenating-subarrays-of-another-array
1765,map-of-highest-peak,Medium,Breadth-First Search; Array; Matrix,2021-02-14,train,False,0,,,,,,,0,https://leetcode.com/problems/map-of-highest-peak
1766,tree-of-coprimes,Hard,Tree; Depth-First Search; Array; Math; Number Theory,2021-02-14,train,False,0,,,,,,,0,https://leetcode.com/problems/tree-of-coprimes
1768,merge-strings-alternately,Easy,Two Pointers; String,2021-02-21,train,False,0,,,,,,,0,https://leetcode.com/problems/merge-strings-alternately
1769,minimum-number-of-operations-to-move-all-balls-to-each-box,Medium,Array; String; Prefix Sum,2021-02-21,train,False,0,,,,,,,0,https://leetcode.com/problems/minimum-number-of-operations-to-move-all-balls-to-each-box
1770,maximum-score-from-performing-multiplication-operations,Hard,Array; Dynamic Programming,2021-02-21,train,False,0,,,,,,,0,https://leetcode.com/problems/maximum-score-from-performing-multiplication-operations
1771,maximize-palindrome-length-from-subsequences,Hard,String; Dynamic Programming,2021-02-21,train,False,0,,,,,,,0,https://leetcode.com/problems/maximize-palindrome-length-from-subsequences
1772,sort-features-by-popularity,Medium,Array; Hash Table; String; Sorting,2021-02-21,train,False,0,,,,,,,0,https://leetcode.com/problems/sort-features-by-popularity
1773,count-items-matching-a-rule,Easy,Array; String,2021-02-28,train,False,0,,,,,,,0,https://leetcode.com/problems/count-items-matching-a-rule
1774,closest-dessert-cost,Medium,Array; Dynamic Programming; Backtracking,2021-02-28,train,False,0,,,,,,,0,https://leetcode.com/problems/closest-dessert-cost
1775,equal-sum-arrays-with-minimum-number-of-operations,Medium,Greedy; Array; Hash Table; Counting,2021-02-28,train,False,0,,,,,,,0,https://leetcode.com/problems/equal-sum-arrays-with-minimum-number-of-operations
1776,car-fleet-ii,Hard,Stack; Array; Math; Monotonic Stack; Heap (Priority Queue),2021-02-28,train,False,0,,,,,,,0,https://leetcode.com/problems/car-fleet-ii
1779,find-nearest-point-that-has-the-same-x-or-y-coordinate,Easy,Array,2021-02-28,train,False,0,,,,,,,0,https://leetcode.com/problems/find-nearest-point-that-has-the-same-x-or-y-coordinate
1780,check-if-number-is-a-sum-of-powers-of-three,Medium,Math,2021-02-28,train,False,0,,,,,,,0,https://leetcode.com/problems/check-if-number-is-a-sum-of-powers-of-three
1781,sum-of-beauty-of-all-substrings,Medium,Hash Table; String; Counting,2021-02-28,train,False,0,,,,,,,0,https://leetcode.com/problems/sum-of-beauty-of-all-substrings
1782,count-pairs-of-nodes,Hard,Graph; Array; Two Pointers; Binary Search; Sorting,2021-02-28,train,False,0,,,,,,,0,https://leetcode.com/problems/count-pairs-of-nodes
1784,check-if-binary-string-has-at-most-one-segment-of-ones,Easy,String,2021-03-07,train,False,0,,,,,,,0,https://leetcode.com/problems/check-if-binary-string-has-at-most-one-segment-of-ones
1785,minimum-elements-to-add-to-form-a-given-sum,Medium,Greedy; Array,2021-03-07,train,False,0,,,,,,,0,https://leetcode.com/problems/minimum-elements-to-add-to-form-a-given-sum
1786,number-of-restricted-paths-from-first-to-last-node,Medium,Graph; Topological Sort; Dynamic Programming; Shortest Path; Heap (Priority Queue),2021-03-07,train,False,0,,,,,,,0,https://leetcode.com/problems/number-of-restricted-paths-from-first-to-last-node
1787,make-the-xor-of-all-segments-equal-to-zero,Hard,Bit Manipulation; Array; Dynamic Programming,2021-03-07,train,False,0,,,,,,,0,https://leetcode.com/problems/make-the-xor-of-all-segments-equal-to-zero
1788,maximize-the-beauty-of-the-garden,Hard,Greedy; Array; Hash Table; Prefix Sum,2021-03-07,train,False,0,,,,,,,0,https://leetcode.com/problems/maximize-the-beauty-of-the-garden
1790,check-if-one-string-swap-can-make-strings-equal,Easy,Hash Table; String; Counting,2021-03-14,train,False,0,,,,,,,0,https://leetcode.com/problems/check-if-one-string-swap-can-make-strings-equal
1791,find-center-of-star-graph,Easy,Graph,2021-03-14,train,False,0,,,,,,,0,https://leetcode.com/problems/find-center-of-star-graph
1792,maximum-average-pass-ratio,Medium,Greedy; Array; Heap (Priority Queue),2021-03-14,train,False,0,,,,,,,0,https://leetcode.com/problems/maximum-average-pass-ratio
1793,maximum-score-of-a-good-subarray,Hard,Stack; Array; Two Pointers; Binary Search; Monotonic Stack,2021-03-14,train,False,0,,,,,,,0,https://leetcode.com/problems/maximum-score-of-a-good-subarray
1794,count-pairs-of-equal-substrings-with-minimum-difference,Medium,Greedy; Hash Table; String,2021-03-14,train,False,0,,,,,,,0,https://leetcode.com/problems/count-pairs-of-equal-substrings-with-minimum-difference
1796,second-largest-digit-in-a-string,Easy,Hash Table; String,2021-03-14,train,False,0,,,,,,,0,https://leetcode.com/problems/second-largest-digit-in-a-string
1798,maximum-number-of-consecutive-values-you-can-make,Medium,Greedy; Array; Sorting,2021-03-14,train,False,0,,,,,,,0,https://leetcode.com/problems/maximum-number-of-consecutive-values-you-can-make
1800,maximum-ascending-subarray-sum,Easy,Array,2021-03-21,train,False,0,,,,,,,0,https://leetcode.com/problems/maximum-ascending-subarray-sum
1801,number-of-orders-in-the-backlog,Medium,Array; Simulation; Heap (Priority Queue),2021-03-21,train,False,0,,,,,,,0,https://leetcode.com/problems/number-of-orders-in-the-backlog
1802,maximum-value-at-a-given-index-in-a-bounded-array,Medium,Greedy; Binary Search,2021-03-21,train,False,0,,,,,,,0,https://leetcode.com/problems/maximum-value-at-a-given-index-in-a-bounded-array
1803,count-pairs-with-xor-in-a-range,Hard,Bit Manipulation; Trie; Array,2021-03-21,train,False,0,,,,,,,0,https://leetcode.com/problems/count-pairs-with-xor-in-a-range
1805,number-of-different-integers-in-a-string,Easy,Hash Table; String,2021-03-28,train,False,0,,,,,,,0,https://leetcode.com/problems/number-of-different-integers-in-a-string
1806,minimum-number-of-operations-to-reinitialize-a-permutation,Medium,Array; Math; Simulation,2021-03-28,train,False,0,,,,,,,0,https://leetcode.com/problems/minimum-number-of-operations-to-reinitialize-a-permutation
1807,evaluate-the-bracket-pairs-of-a-string,Medium,Array; Hash Table; String,2021-03-28,train,False,0,,,,,,,0,https://leetcode.com/problems/evaluate-the-bracket-pairs-of-a-string
1808,maximize-number-of-nice-divisors,Hard,Recursion; Math; Number Theory,2021-03-28,train,False,0,,,,,,,0,https://leetcode.com/problems/maximize-number-of-nice-divisors
1812,determine-color-of-a-chessboard-square,Easy,Math; String,2021-03-28,train,False,0,,,,,,,0,https://leetcode.com/problems/determine-color-of-a-chessboard-square
1813,sentence-similarity-iii,Medium,Array; Two Pointers; String,2021-03-28,train,False,0,,,,,,,0,https://leetcode.com/problems/sentence-similarity-iii
1814,count-nice-pairs-in-an-array,Medium,Array; Hash Table; Math; Counting,2021-03-28,train,False,0,,,,,,,0,https://leetcode.com/problems/count-nice-pairs-in-an-array
1815,maximum-number-of-groups-getting-fresh-donuts,Hard,Bit Manipulation; Memoization; Array; Dynamic Programming; Bitmask,2021-03-28,train,False,0,,,,,,,0,https://leetcode.com/problems/maximum-number-of-groups-getting-fresh-donuts
1816,truncate-sentence,Easy,Array; String,2021-04-04,train,False,0,,,,,,,0,https://leetcode.com/problems/truncate-sentence
1817,finding-the-users-active-minutes,Medium,Array; Hash Table,2021-04-04,train,False,0,,,,,,,0,https://leetcode.com/problems/finding-the-users-active-minutes
1818,minimum-absolute-sum-difference,Medium,Array; Binary Search; Ordered Set; Sorting,2021-04-04,train,False,0,,,,,,,0,https://leetcode.com/problems/minimum-absolute-sum-difference
1819,number-of-different-subsequences-gcds,Hard,Array; Math; Counting; Number Theory,2021-04-04,train,False,0,,,,,,,0,https://leetcode.com/problems/number-of-different-subsequences-gcds
1820,maximum-number-of-accepted-invitations,Medium,Depth-First Search; Graph; Array; Matrix,2021-04-04,train,False,0,,,,,,,0,https://leetcode.com/problems/maximum-number-of-accepted-invitations
1822,sign-of-the-product-of-an-array,Easy,Array; Math,2021-04-11,train,False,0,,,,,,,0,https://leetcode.com/problems/sign-of-the-product-of-an-array
1823,find-the-winner-of-the-circular-game,Medium,Recursion; Queue; Array; Math; Simulation,2021-04-11,train,False,0,,,,,,,0,https://leetcode.com/problems/find-the-winner-of-the-circular-game
1824,minimum-sideway-jumps,Medium,Greedy; Array; Dynamic Programming,2021-04-11,train,False,0,,,,,,,0,https://leetcode.com/problems/minimum-sideway-jumps
1826,faulty-sensor,Easy,Array; Two Pointers,2021-04-11,train,False,0,,,,,,,0,https://leetcode.com/problems/faulty-sensor
1827,minimum-operations-to-make-the-array-increasing,Easy,Greedy; Array,2021-04-11,train,False,0,,,,,,,0,https://leetcode.com/problems/minimum-operations-to-make-the-array-increasing
1828,queries-on-number-of-points-inside-a-circle,Medium,Geometry; Array; Math,2021-04-11,train,False,0,,,,,,,0,https://leetcode.com/problems/queries-on-number-of-points-inside-a-circle
1829,maximum-xor-for-each-query,Medium,Bit Manipulation; Array; Prefix Sum,2021-04-11,train,False,0,,,,,,,0,https://leetcode.com/problems/maximum-xor-for-each-query
1832,check-if-the-sentence-is-pangram,Easy,Hash Table; String,2021-04-18,train,False,0,,,,,,,0,https://leetcode.com/problems/check-if-the-sentence-is-pangram
1833,maximum-ice-cream-bars,Medium,Greedy; Array; Counting Sort; Sorting,2021-04-18,train,False,0,,,,,,,0,https://leetcode.com/problems/maximum-ice-cream-bars
1834,single-threaded-cpu,Medium,Array; Sorting; Heap (Priority Queue),2021-04-18,train,False,0,,,,,,,0,https://leetcode.com/problems/single-threaded-cpu
1835,find-xor-sum-of-all-pairs-bitwise-and,Hard,Bit Manipulation; Array; Math,2021-04-18,train,False,0,,,,,,,0,https://leetcode.com/problems/find-xor-sum-of-all-pairs-bitwise-and
1836,remove-duplicates-from-an-unsorted-linked-list,Medium,Hash Table; Linked List,2021-04-18,train,False,0,,,,,,,0,https://leetcode.com/problems/remove-duplicates-from-an-unsorted-linked-list
1837,sum-of-digits-in-base-k,Easy,Math,2021-04-25,train,False,0,,,,,,,0,https://leetcode.com/problems/sum-of-digits-in-base-k
1838,frequency-of-the-most-frequent-element,Medium,Greedy; Array; Binary Search; Prefix Sum; Sorting; Sliding Window,2021-04-25,train,False,0,,,,,,,0,https://leetcode.com/problems/frequency-of-the-most-frequent-element
1839,longest-substring-of-all-vowels-in-order,Medium,String; Sliding Window,2021-04-25,train,False,0,,,,,,,0,https://leetcode.com/problems/longest-substring-of-all-vowels-in-order
1840,maximum-building-height,Hard,Array; Math; Sorting,2021-04-25,train,False,0,,,,,,,0,https://leetcode.com/problems/maximum-building-height
1842,next-palindrome-using-same-digits,Hard,Two Pointers; String,2021-04-25,train,False,0,,,,,,,0,https://leetcode.com/problems/next-palindrome-using-same-digits
1844,replace-all-digits-with-characters,Easy,String,2021-04-25,train,False,0,,,,,,,0,https://leetcode.com/problems/replace-all-digits-with-characters
1846,maximum-element-after-decreasing-and-rearranging,Medium,Greedy; Array; Sorting,2021-04-25,train,False,0,,,,,,,0,https://leetcode.com/problems/maximum-element-after-decreasing-and-rearranging
1847,closest-room,Hard,Array; Binary Search; Ordered Set; Sorting,2021-04-25,train,False,0,,,,,,,0,https://leetcode.com/problems/closest-room
1848,minimum-distance-to-the-target-element,Easy,Array,2021-05-02,train,False,0,,,,,,,0,https://leetcode.com/problems/minimum-distance-to-the-target-element
1849,splitting-a-string-into-descending-consecutive-values,Medium,String; Backtracking,2021-05-02,train,False,0,,,,,,,0,https://leetcode.com/problems/splitting-a-string-into-descending-consecutive-values
1850,minimum-adjacent-swaps-to-reach-the-kth-smallest-number,Medium,Greedy; Two Pointers; String,2021-05-02,train,False,0,,,,,,,0,https://leetcode.com/problems/minimum-adjacent-swaps-to-reach-the-kth-smallest-number
1851,minimum-interval-to-include-each-query,Hard,Array; Binary Search; Sorting; Line Sweep; Heap (Priority Queue),2021-05-02,train,False,0,,,,,,,0,https://leetcode.com/problems/minimum-interval-to-include-each-query
1852,distinct-numbers-in-each-subarray,Medium,Array; Hash Table; Sliding Window,2021-05-02,train,False,0,,,,,,,0,https://leetcode.com/problems/distinct-numbers-in-each-subarray
1854,maximum-population-year,Easy,Array; Counting; Prefix Sum,2021-05-09,train,False,0,,,,,,,0,https://leetcode.com/problems/maximum-population-year
1855,maximum-distance-between-a-pair-of-values,Medium,Array; Two Pointers; Binary Search,2021-05-09,train,False,0,,,,,,,0,https://leetcode.com/problems/maximum-distance-between-a-pair-of-values
1856,maximum-subarray-min-product,Medium,Stack; Array; Prefix Sum; Monotonic Stack,2021-05-09,train,False,0,,,,,,,0,https://leetcode.com/problems/maximum-subarray-min-product
1857,largest-color-value-in-a-directed-graph,Hard,Graph; Topological Sort; Memoization; Hash Table; Dynamic Programming; Counting,2021-05-09,train,False,0,,,,,,,0,https://leetcode.com/problems/largest-color-value-in-a-directed-graph
1858,longest-word-with-all-prefixes,Medium,Depth-First Search; Trie,2021-05-09,train,False,0,,,,,,,0,https://leetcode.com/problems/longest-word-with-all-prefixes
1859,sorting-the-sentence,Easy,String; Sorting,2021-05-09,train,False,0,,,,,,,0,https://leetcode.com/problems/sorting-the-sentence
1860,incremental-memory-leak,Medium,Math; Simulation,2021-05-09,train,False,0,,,,,,,0,https://leetcode.com/problems/incremental-memory-leak
1861,rotating-the-box,Medium,Array; Two Pointers; Matrix,2021-05-09,train,False,0,,,,,,,0,https://leetcode.com/problems/rotating-the-box
1862,sum-of-floored-pairs,Hard,Array; Math; Binary Search; Prefix Sum,2021-05-09,train,False,0,,,,,,,0,https://leetcode.com/problems/sum-of-floored-pairs
1863,sum-of-all-subset-xor-totals,Easy,Bit Manipulation; Array; Math; Backtracking; Combinatorics; Enumeration,2021-05-16,train,False,0,,,,,,,0,https://leetcode.com/problems/sum-of-all-subset-xor-totals
1864,minimum-number-of-swaps-to-make-the-binary-string-alternating,Medium,Greedy; String,2021-05-16,train,False,0,,,,,,,0,https://leetcode.com/problems/minimum-number-of-swaps-to-make-the-binary-string-alternating
1866,number-of-ways-to-rearrange-sticks-with-k-sticks-visible,Hard,Math; Dynamic Programming; Combinatorics,2021-05-16,train,False,0,,,,,,,0,https://leetcode.com/problems/number-of-ways-to-rearrange-sticks-with-k-sticks-visible
1868,product-of-two-run-length-encoded-arrays,Medium,Array; Two Pointers,2021-05-16,train,False,0,,,,,,,0,https://leetcode.com/problems/product-of-two-run-length-encoded-arrays
1869,longer-contiguous-segments-of-ones-than-zeros,Easy,String,2021-05-23,train,False,0,,,,,,,0,https://leetcode.com/problems/longer-contiguous-segments-of-ones-than-zeros
1870,minimum-speed-to-arrive-on-time,Medium,Array; Binary Search,2021-05-23,train,False,0,,,,,,,0,https://leetcode.com/problems/minimum-speed-to-arrive-on-time
1871,jump-game-vii,Medium,String; Dynamic Programming; Prefix Sum; Sliding Window,2021-05-23,train,False,0,,,,,,,0,https://leetcode.com/problems/jump-game-vii
1872,stone-game-viii,Hard,Array; Math; Dynamic Programming; Game Theory; Prefix Sum,2021-05-23,train,False,0,,,,,,,0,https://leetcode.com/problems/stone-game-viii
1874,minimize-product-sum-of-two-arrays,Medium,Greedy; Array; Sorting,2021-05-23,train,False,0,,,,,,,0,https://leetcode.com/problems/minimize-product-sum-of-two-arrays
1876,substrings-of-size-three-with-distinct-characters,Easy,Hash Table; String; Counting; Sliding Window,2021-05-23,train,False,0,,,,,,,0,https://leetcode.com/problems/substrings-of-size-three-with-distinct-characters
1877,minimize-maximum-pair-sum-in-array,Medium,Greedy; Array; Two Pointers; Sorting,2021-05-23,train,False,0,,,,,,,0,https://leetcode.com/problems/minimize-maximum-pair-sum-in-array
1878,get-biggest-three-rhombus-sums-in-a-grid,Medium,Array; Math; Matrix; Prefix Sum; Sorting; Heap (Priority Queue),2021-05-23,train,False,0,,,,,,,0,https://leetcode.com/problems/get-biggest-three-rhombus-sums-in-a-grid
1879,minimum-xor-sum-of-two-arrays,Hard,Bit Manipulation; Array; Dynamic Programming; Bitmask,2021-05-23,train,False,0,,,,,,,0,https://leetcode.com/problems/minimum-xor-sum-of-two-arrays
1880,check-if-word-equals-summation-of-two-words,Easy,String,2021-05-30,train,False,0,,,,,,,0,https://leetcode.com/problems/check-if-word-equals-summation-of-two-words
1881,maximum-value-after-insertion,Medium,Greedy; String,2021-05-30,train,False,0,,,,,,,0,https://leetcode.com/problems/maximum-value-after-insertion
1882,process-tasks-using-servers,Medium,Array; Heap (Priority Queue),2021-05-30,train,False,0,,,,,,,0,https://leetcode.com/problems/process-tasks-using-servers
1883,minimum-skips-to-arrive-at-meeting-on-time,Hard,Array; Dynamic Programming,2021-05-30,train,False,0,,,,,,,0,https://leetcode.com/problems/minimum-skips-to-arrive-at-meeting-on-time
1884,egg-drop-with-2-eggs-and-n-floors,Medium,Math; Dynamic Programming,2021-05-30,train,False,0,,,,,,,0,https://leetcode.com/problems/egg-drop-with-2-eggs-and-n-floors
1885,count-pairs-in-two-arrays,Medium,Array; Two Pointers; Binary Search; Sorting,2021-05-30,train,False,0,,,,,,,0,https://leetcode.com/problems/count-pairs-in-two-arrays
1886,determine-whether-matrix-can-be-obtained-by-rotation,Easy,Array; Matrix,2021-06-06,train,False,0,,,,,,,0,https://leetcode.com/problems/determine-whether-matrix-can-be-obtained-by-rotation
1887,reduction-operations-to-make-the-array-elements-equal,Medium,Array; Sorting,2021-06-06,train,False,0,,,,,,,0,https://leetcode.com/problems/reduction-operations-to-make-the-array-elements-equal
1888,minimum-number-of-flips-to-make-the-binary-string-alternating,Medium,Greedy; String; Dynamic Programming; Sliding Window,2021-06-06,train,False,0,,,,,,,0,https://leetcode.com/problems/minimum-number-of-flips-to-make-the-binary-string-alternating
1889,minimum-space-wasted-from-packaging,Hard,Array; Binary Search; Prefix Sum; Sorting,2021-06-06,train,False,0,,,,,,,0,https://leetcode.com/problems/minimum-space-wasted-from-packaging
1891,cutting-ribbons,Medium,Array; Binary Search,2021-06-06,train,False,0,,,,,,,0,https://leetcode.com/problems/cutting-ribbons
1893,check-if-all-the-integers-in-a-range-are-covered,Easy,Array; Hash Table; Prefix Sum,2021-06-06,train,False,0,,,,,,,0,https://leetcode.com/problems/check-if-all-the-integers-in-a-range-are-covered
1894,find-the-student-that-will-replace-the-chalk,Medium,Array; Binary Search; Prefix Sum; Simulation,2021-06-06,train,False,0,,,,,,,0,https://leetcode.com/problems/find-the-student-that-will-replace-the-chalk
1895,largest-magic-square,Medium,Array; Matrix; Prefix Sum,2021-06-06,train,False,0,,,,,,,0,https://leetcode.com/problems/largest-magic-square
1896,minimum-cost-to-change-the-final-value-of-expression,Hard,Stack; Math; String; Dynamic Programming,2021-06-06,train,False,0,,,,,,,0,https://leetcode.com/problems/minimum-cost-to-change-the-final-value-of-expression
1897,redistribute-characters-to-make-all-strings-equal,Easy,Hash Table; String; Counting,2021-06-13,train,False,0,,,,,,,0,https://leetcode.com/problems/redistribute-characters-to-make-all-strings-equal
1898,maximum-number-of-removable-characters,Medium,Array; Two Pointers; String; Binary Search,2021-06-13,train,False,0,,,,,,,0,https://leetcode.com/problems/maximum-number-of-removable-characters
1899,merge-triplets-to-form-target-triplet,Medium,Greedy; Array,2021-06-13,train,False,0,,,,,,,0,https://leetcode.com/problems/merge-triplets-to-form-target-triplet
1900,the-earliest-and-latest-rounds-where-players-compete,Hard,Memoization; Dynamic Programming,2021-06-13,train,False,0,,,,,,,0,https://leetcode.com/problems/the-earliest-and-latest-rounds-where-players-compete
1901,find-a-peak-element-ii,Medium,Array; Binary Search; Matrix,2021-06-13,train,False,0,,,,,,,0,https://leetcode.com/problems/find-a-peak-element-ii
1902,depth-of-bst-given-insertion-order,Medium,Tree; Binary Search Tree; Array; Binary Tree; Ordered Set,2021-06-13,train,False,0,,,,,,,0,https://leetcode.com/problems/depth-of-bst-given-insertion-order
1903,largest-odd-number-in-string,Easy,Greedy; Math; String,2021-06-20,train,False,0,,,,,,,0,https://leetcode.com/problems/largest-odd-number-in-string
1904,the-number-of-full-rounds-you-have-played,Medium,Math; String,2021-06-20,train,False,0,,,,,,,0,https://leetcode.com/problems/the-number-of-full-rounds-you-have-played
1905,count-sub-islands,Medium,Depth-First Search; Breadth-First Search; Union Find; Array; Matrix,2021-06-20,train,False,0,,,,,,,0,https://leetcode.com/problems/count-sub-islands
1906,minimum-absolute-difference-queries,Medium,Array; Hash Table,2021-06-20,train,False,0,,,,,,,0,https://leetcode.com/problems/minimum-absolute-difference-queries
1908,game-of-nim,Medium,Bit Manipulation; Brainteaser; Array; Math; Dynamic Programming; Game Theory,2021-06-20,train,False,0,,,,,,,0,https://leetcode.com/problems/game-of-nim
1909,remove-one-element-to-make-the-array-strictly-increasing,Easy,Array,2021-06-20,train,False,0,,,,,,,0,https://leetcode.com/problems/remove-one-element-to-make-the-array-strictly-increasing
1910,remove-all-occurrences-of-a-substring,Medium,Stack; String; Simulation,2021-06-20,train,False,0,,,,,,,0,https://leetcode.com/problems/remove-all-occurrences-of-a-substring
1911,maximum-alternating-subsequence-sum,Medium,Array; Dynamic Programming,2021-06-20,train,False,0,,,,,,,0,https://leetcode.com/problems/maximum-alternating-subsequence-sum
1913,maximum-product-difference-between-two-pairs,Easy,Array; Sorting,2021-06-27,train,False,0,,,,,,,0,https://leetcode.com/problems/maximum-product-difference-between-two-pairs
1914,cyclically-rotating-a-grid,Medium,Array; Matrix; Simulation,2021-06-27,train,False,0,,,,,,,0,https://leetcode.com/problems/cyclically-rotating-a-grid
1915,number-of-wonderful-substrings,Medium,Bit Manipulation; Hash Table; String; Prefix Sum,2021-06-27,train,False,0,,,,,,,0,https://leetcode.com/problems/number-of-wonderful-substrings
1916,count-ways-to-build-rooms-in-an-ant-colony,Hard,Tree; Graph; Topological Sort; Math; Dynamic Programming; Combinatorics,2021-06-27,train,False,0,,,,,,,0,https://leetcode.com/problems/count-ways-to-build-rooms-in-an-ant-colony
1918,kth-smallest-subarray-sum,Medium,Array; Binary Search; Sliding Window,2021-06-27,train,False,0,,,,,,,0,https://leetcode.com/problems/kth-smallest-subarray-sum
1920,build-array-from-permutation,Easy,Array; Simulation,2021-07-04,train,False,0,,,,,,,0,https://leetcode.com/problems/build-array-from-permutation
1921,eliminate-maximum-number-of-monsters,Medium,Greedy; Array; Sorting,2021-07-04,train,False,0,,,,,,,0,https://leetcode.com/problems/eliminate-maximum-number-of-monsters
1922,count-good-numbers,Medium,Recursion; Math,2021-07-04,train,False,0,,,,,,,0,https://leetcode.com/problems/count-good-numbers
1923,longest-common-subpath,Hard,Array; Binary Search; Suffix Array; Hash Function; Rolling Hash,2021-07-04,train,False,0,,,,,,,0,https://leetcode.com/problems/longest-common-subpath
1924,erect-the-fence-ii,Hard,Geometry; Array; Math,2021-07-04,train,False,0,,,,,,,0,https://leetcode.com/problems/erect-the-fence-ii
1925,count-square-sum-triples,Easy,Math; Enumeration,2021-07-04,train,False,0,,,,,,,0,https://leetcode.com/problems/count-square-sum-triples
1926,nearest-exit-from-entrance-in-maze,Medium,Breadth-First Search; Array; Matrix,2021-07-04,train,False,0,,,,,,,0,https://leetcode.com/problems/nearest-exit-from-entrance-in-maze
1927,sum-game,Medium,Greedy; Math; String; Game Theory,2021-07-04,train,False,0,,,,,,,0,https://leetcode.com/problems/sum-game
1928,minimum-cost-to-reach-destination-in-time,Hard,Graph; Array; Dynamic Programming,2021-07-04,train,False,0,,,,,,,0,https://leetcode.com/problems/minimum-cost-to-reach-destination-in-time
1929,concatenation-of-array,Easy,Array; Simulation,2021-07-11,train,False,0,,,,,,,0,https://leetcode.com/problems/concatenation-of-array
1930,unique-length-3-palindromic-subsequences,Medium,Bit Manipulation; Hash Table; String; Prefix Sum,2021-07-11,train,False,0,,,,,,,0,https://leetcode.com/problems/unique-length-3-palindromic-subsequences
1931,painting-a-grid-with-three-different-colors,Hard,Dynamic Programming,2021-07-11,train,False,0,,,,,,,0,https://leetcode.com/problems/painting-a-grid-with-three-different-colors
1933,check-if-string-is-decomposable-into-value-equal-substrings,Easy,String,2021-07-11,train,False,0,,,,,,,0,https://leetcode.com/problems/check-if-string-is-decomposable-into-value-equal-substrings
1935,maximum-number-of-words-you-can-type,Easy,Hash Table; String,2021-07-18,train,False,0,,,,,,,0,https://leetcode.com/problems/maximum-number-of-words-you-can-type
1936,add-minimum-number-of-rungs,Medium,Greedy; Array,2021-07-18,train,False,0,,,,,,,0,https://leetcode.com/problems/add-minimum-number-of-rungs
1937,maximum-number-of-points-with-cost,Medium,Array; Dynamic Programming; Matrix,2021-07-18,train,False,0,,,,,,,0,https://leetcode.com/problems/maximum-number-of-points-with-cost
1938,maximum-genetic-difference-query,Hard,Bit Manipulation; Depth-First Search; Trie; Array; Hash Table,2021-07-18,train,False,0,,,,,,,0,https://leetcode.com/problems/maximum-genetic-difference-query
1940,longest-common-subsequence-between-sorted-arrays,Medium,Array; Hash Table; Counting,2021-07-18,train,False,0,,,,,,,0,https://leetcode.com/problems/longest-common-subsequence-between-sorted-arrays
1941,check-if-all-characters-have-equal-number-of-occurrences,Easy,Hash Table; String; Counting,2021-07-18,train,False,0,,,,,,,0,https://leetcode.com/problems/check-if-all-characters-have-equal-number-of-occurrences
1942,the-number-of-the-smallest-unoccupied-chair,Medium,Array; Hash Table; Heap (Priority Queue),2021-07-18,train,False,0,,,,,,,0,https://leetcode.com/problems/the-number-of-the-smallest-unoccupied-chair
1943,describe-the-painting,Medium,Array; Hash Table; Prefix Sum; Sorting,2021-07-18,train,False,0,,,,,,,0,https://leetcode.com/problems/describe-the-painting
1944,number-of-visible-people-in-a-queue,Hard,Stack; Array; Monotonic Stack,2021-07-18,train,False,0,,,,,,,0,https://leetcode.com/problems/number-of-visible-people-in-a-queue
1945,sum-of-digits-of-string-after-convert,Easy,String; Simulation,2021-07-25,train,False,0,,,,,,,0,https://leetcode.com/problems/sum-of-digits-of-string-after-convert
1946,largest-number-after-mutating-substring,Medium,Greedy; Array; String,2021-07-25,train,False,0,,,,,,,0,https://leetcode.com/problems/largest-number-after-mutating-substring
1947,maximum-compatibility-score-sum,Medium,Bit Manipulation; Array; Dynamic Programming; Backtracking; Bitmask,2021-07-25,train,False,0,,,,,,,0,https://leetcode.com/problems/maximum-compatibility-score-sum
1948,delete-duplicate-folders-in-system,Hard,Trie; Array; Hash Table; String; Hash Function,2021-07-25,train,False,0,,,,,,,0,https://leetcode.com/problems/delete-duplicate-folders-in-system
1950,maximum-of-minimum-values-in-all-subarrays,Medium,Stack; Array; Monotonic Stack,2021-07-25,train,False,0,,,,,,,0,https://leetcode.com/problems/maximum-of-minimum-values-in-all-subarrays
1952,three-divisors,Easy,Math; Enumeration; Number Theory,2021-08-01,train,False,0,,,,,,,0,https://leetcode.com/problems/three-divisors
1953,maximum-number-of-weeks-for-which-you-can-work,Medium,Greedy; Array,2021-08-01,train,False,0,,,,,,,0,https://leetcode.com/problems/maximum-number-of-weeks-for-which-you-can-work
1954,minimum-garden-perimeter-to-collect-enough-apples,Medium,Math; Binary Search,2021-08-01,train,False,0,,,,,,,0,https://leetcode.com/problems/minimum-garden-perimeter-to-collect-enough-apples
1955,count-number-of-special-subsequences,Hard,Array; Dynamic Programming,2021-08-01,train,False,0,,,,,,,0,https://leetcode.com/problems/count-number-of-special-subsequences
1956,minimum-time-for-k-virus-variants-to-spread,Hard,Geometry; Array; Math; Binary Search; Enumeration,2021-08-01,train,False,0,,,,,,,0,https://leetcode.com/problems/minimum-time-for-k-virus-variants-to-spread
1957,delete-characters-to-make-fancy-string,Easy,String,2021-08-01,train,False,0,,,,,,,0,https://leetcode.com/problems/delete-characters-to-make-fancy-string
1958,check-if-move-is-legal,Medium,Array; Enumeration; Matrix,2021-08-01,train,False,0,,,,,,,0,https://leetcode.com/problems/check-if-move-is-legal
1959,minimum-total-space-wasted-with-k-resizing-operations,Medium,Array; Dynamic Programming,2021-08-01,train,False,0,,,,,,,0,https://leetcode.com/problems/minimum-total-space-wasted-with-k-resizing-operations
1960,maximum-product-of-the-length-of-two-palindromic-substrings,Hard,String; Hash Function; Rolling Hash,2021-08-01,train,False,0,,,,,,,0,https://leetcode.com/problems/maximum-product-of-the-length-of-two-palindromic-substrings
1961,check-if-string-is-a-prefix-of-array,Easy,Array; Two Pointers; String,2021-08-08,train,False,0,,,,,,,0,https://leetcode.com/problems/check-if-string-is-a-prefix-of-array
1962,remove-stones-to-minimize-the-total,Medium,Greedy; Array; Heap (Priority Queue),2021-08-08,train,False,0,,,,,,,0,https://leetcode.com/problems/remove-stones-to-minimize-the-total
1963,minimum-number-of-swaps-to-make-the-string-balanced,Medium,Stack; Greedy; Two Pointers; String,2021-08-08,train,False,0,,,,,,,0,https://leetcode.com/problems/minimum-number-of-swaps-to-make-the-string-balanced
1964,find-the-longest-valid-obstacle-course-at-each-position,Hard,Binary Indexed Tree; Array; Binary Search,2021-08-08,train,False,0,,,,,,,0,https://leetcode.com/problems/find-the-longest-valid-obstacle-course-at-each-position
1966,binary-searchable-numbers-in-an-unsorted-array,Medium,Array; Binary Search,2021-08-08,train,False,0,,,,,,,0,https://leetcode.com/problems/binary-searchable-numbers-in-an-unsorted-array
1967,number-of-strings-that-appear-as-substrings-in-word,Easy,Array; String,2021-08-15,train,False,0,,,,,,,0,https://leetcode.com/problems/number-of-strings-that-appear-as-substrings-in-word
1968,array-with-elements-not-equal-to-average-of-neighbors,Medium,Greedy; Array; Sorting,2021-08-15,train,False,0,,,,,,,0,https://leetcode.com/problems/array-with-elements-not-equal-to-average-of-neighbors
1970,last-day-where-you-can-still-cross,Hard,Depth-First Search; Breadth-First Search; Union Find; Array; Binary Search; Matrix,2021-08-15,train,False,0,,,,,,,0,https://leetcode.com/problems/last-day-where-you-can-still-cross
1971,find-if-path-exists-in-graph,Easy,Depth-First Search; Breadth-First Search; Union Find; Graph,2021-08-15,train,False,0,,,,,,,0,https://leetcode.com/problems/find-if-path-exists-in-graph
1973,count-nodes-equal-to-sum-of-descendants,Medium,Tree; Depth-First Search; Binary Tree,2021-08-15,train,False,0,,,,,,,0,https://leetcode.com/problems/count-nodes-equal-to-sum-of-descendants
1974,minimum-time-to-type-word-using-special-typewriter,Easy,Greedy; String,2021-08-15,train,False,0,,,,,,,0,https://leetcode.com/problems/minimum-time-to-type-word-using-special-typewriter
1975,maximum-matrix-sum,Medium,Greedy; Array; Matrix,2021-08-15,train,False,0,,,,,,,0,https://leetcode.com/problems/maximum-matrix-sum
1976,number-of-ways-to-arrive-at-destination,Medium,Graph; Topological Sort; Dynamic Programming; Shortest Path,2021-08-15,train,False,0,,,,,,,0,https://leetcode.com/problems/number-of-ways-to-arrive-at-destination
1977,number-of-ways-to-separate-numbers,Hard,String; Dynamic Programming; Suffix Array,2021-08-15,train,False,0,,,,,,,0,https://leetcode.com/problems/number-of-ways-to-separate-numbers
1979,find-greatest-common-divisor-of-array,Easy,Array; Math; Number Theory,2021-08-22,train,False,0,,,,,,,0,https://leetcode.com/problems/find-greatest-common-divisor-of-array
1980,find-unique-binary-string,Medium,Array; Hash Table; String; Backtracking,2021-08-22,train,False,0,,,,,,,0,https://leetcode.com/problems/find-unique-binary-string
1981,minimize-the-difference-between-target-and-chosen-elements,Medium,Array; Dynamic Programming; Matrix,2021-08-22,train,False,0,,,,,,,0,https://leetcode.com/problems/minimize-the-difference-between-target-and-chosen-elements
1982,find-array-given-subset-sums,Hard,Array; Divide and Conquer,2021-08-22,train,False,0,,,,,,,0,https://leetcode.com/problems/find-array-given-subset-sums
1983,widest-pair-of-indices-with-equal-range-sum,Medium,Array; Hash Table; Prefix Sum,2021-08-22,train,False,0,,,,,,,0,https://leetcode.com/problems/widest-pair-of-indices-with-equal-range-sum
1984,minimum-difference-between-highest-and-lowest-of-k-scores,Easy,Array; Sorting; Sliding Window,2021-08-29,train,False,0,,,,,,,0,https://leetcode.com/problems/minimum-difference-between-highest-and-lowest-of-k-scores
1985,find-the-kth-largest-integer-in-the-array,Medium,Array; String; Divide and Conquer; Quickselect; Sorting; Heap (Priority Queue),2021-08-29,train,False,0,,,,,,,0,https://leetcode.com/problems/find-the-kth-largest-integer-in-the-array
1986,minimum-number-of-work-sessions-to-finish-the-tasks,Medium,Bit Manipulation; Array; Dynamic Programming; Backtracking; Bitmask,2021-08-29,train,False,0,,,,,,,0,https://leetcode.com/problems/minimum-number-of-work-sessions-to-finish-the-tasks
1987,number-of-unique-good-subsequences,Hard,String; Dynamic Programming,2021-08-29,train,False,0,,,,,,,0,https://leetcode.com/problems/number-of-unique-good-subsequences
1989,maximum-number-of-people-that-can-be-caught-in-tag,Medium,Greedy; Array,2021-08-29,train,False,0,,,,,,,0,https://leetcode.com/problems/maximum-number-of-people-that-can-be-caught-in-tag
1991,find-the-middle-index-in-array,Easy,Array; Prefix Sum,2021-08-29,train,False,0,,,,,,,0,https://leetcode.com/problems/find-the-middle-index-in-array
1992,find-all-groups-of-farmland,Medium,Depth-First Search; Breadth-First Search; Array; Matrix,2021-08-29,train,False,0,,,,,,,0,https://leetcode.com/problems/find-all-groups-of-farmland
1994,the-number-of-good-subsets,Hard,Bit Manipulation; Array; Math; Dynamic Programming; Bitmask,2021-08-29,train,False,0,,,,,,,0,https://leetcode.com/problems/the-number-of-good-subsets
1995,count-special-quadruplets,Easy,Array; Hash Table; Enumeration,2021-09-05,train,False,0,,,,,,,0,https://leetcode.com/problems/count-special-quadruplets
1996,the-number-of-weak-characters-in-the-game,Medium,Stack; Greedy; Array; Sorting; Monotonic Stack,2021-09-05,train,False,0,,,,,,,0,https://leetcode.com/problems/the-number-of-weak-characters-in-the-game
1997,first-day-where-you-have-been-in-all-the-rooms,Medium,Array; Dynamic Programming,2021-09-05,train,False,0,,,,,,,0,https://leetcode.com/problems/first-day-where-you-have-been-in-all-the-rooms
1998,gcd-sort-of-an-array,Hard,Union Find; Array; Math; Number Theory; Sorting,2021-09-05,train,False,0,,,,,,,0,https://leetcode.com/problems/gcd-sort-of-an-array
1999,smallest-greater-multiple-made-of-two-digits,Medium,Math; Enumeration,2021-09-05,train,False,0,,,,,,,0,https://leetcode.com/problems/smallest-greater-multiple-made-of-two-digits
2000,reverse-prefix-of-word,Easy,Stack; Two Pointers; String,2021-09-12,train,False,0,,,,,,,0,https://leetcode.com/problems/reverse-prefix-of-word
2001,number-of-pairs-of-interchangeable-rectangles,Medium,Array; Hash Table; Math; Counting; Number Theory,2021-09-12,train,False,0,,,,,,,0,https://leetcode.com/problems/number-of-pairs-of-interchangeable-rectangles
2002,maximum-product-of-the-length-of-two-palindromic-subsequences,Medium,Bit Manipulation; String; Dynamic Programming; Backtracking; Bitmask,2021-09-12,train,False,0,,,,,,,0,https://leetcode.com/problems/maximum-product-of-the-length-of-two-palindromic-subsequences
2003,smallest-missing-genetic-value-in-each-subtree,Hard,Tree; Depth-First Search; Union Find; Dynamic Programming,2021-09-12,train,False,0,,,,,,,0,https://leetcode.com/problems/smallest-missing-genetic-value-in-each-subtree
2005,subtree-removal-game-with-fibonacci-tree,Hard,Tree; Math; Dynamic Programming; Binary Tree; Game Theory,2021-09-12,train,False,0,,,,,,,0,https://leetcode.com/problems/subtree-removal-game-with-fibonacci-tree
2006,count-number-of-pairs-with-absolute-difference-k,Easy,Array; Hash Table; Counting,2021-09-12,train,False,0,,,,,,,0,https://leetcode.com/problems/count-number-of-pairs-with-absolute-difference-k
2007,find-original-array-from-doubled-array,Medium,Greedy; Array; Hash Table; Sorting,2021-09-12,train,False,0,,,,,,,0,https://leetcode.com/problems/find-original-array-from-doubled-array
2008,maximum-earnings-from-taxi,Medium,Array; Hash Table; Binary Search; Dynamic Programming; Sorting,2021-09-12,train,False,0,,,,,,,0,https://leetcode.com/problems/maximum-earnings-from-taxi
2009,minimum-number-of-operations-to-make-array-continuous,Hard,Array; Hash Table; Binary Search; Sliding Window,2021-09-12,train,False,0,,,,,,,0,https://leetcode.com/problems/minimum-number-of-operations-to-make-array-continuous
2011,final-value-of-variable-after-performing-operations,Easy,Array; String; Simulation,2021-09-19,train,False,0,,,,,,,0,https://leetcode.com/problems/final-value-of-variable-after-performing-operations
2012,sum-of-beauty-in-the-array,Medium,Array,2021-09-19,train,False,0,,,,,,,0,https://leetcode.com/problems/sum-of-beauty-in-the-array
2014,longest-subsequence-repeated-k-times,Hard,Greedy; String; Backtracking; Counting; Enumeration,2021-09-19,train,False,0,,,,,,,0,https://leetcode.com/problems/longest-subsequence-repeated-k-times
2015,average-height-of-buildings-in-each-segment,Medium,Greedy; Array; Sorting; Heap (Priority Queue),2021-09-19,train,False,0,,,,,,,0,https://leetcode.com/problems/average-height-of-buildings-in-each-segment
2016,maximum-difference-between-increasing-elements,Easy,Array,2021-09-26,train,False,0,,,,,,,0,https://leetcode.com/problems/maximum-difference-between-increasing-elements
2017,grid-game,Medium,Array; Matrix; Prefix Sum,2021-09-26,train,False,0,,,,,,,0,https://leetcode.com/problems/grid-game
2018,check-if-word-can-be-placed-in-crossword,Medium,Array; Enumeration; Matrix,2021-09-26,train,False,0,,,,,,,0,https://leetcode.com/problems/check-if-word-can-be-placed-in-crossword
2019,the-score-of-students-solving-math-expression,Hard,Stack; Memoization; Array; Math; String; Dynamic Programming,2021-09-26,train,False,0,,,,,,,0,https://leetcode.com/problems/the-score-of-students-solving-math-expression
2021,brightest-position-on-street,Medium,Array; Ordered Set; Prefix Sum; Sorting,2021-09-26,train,False,0,,,,,,,0,https://leetcode.com/problems/brightest-position-on-street
2022,convert-1d-array-into-2d-array,Easy,Array; Matrix; Simulation,2021-09-26,train,False,0,,,,,,,0,https://leetcode.com/problems/convert-1d-array-into-2d-array
2023,number-of-pairs-of-strings-with-concatenation-equal-to-target,Medium,Array; Hash Table; String; Counting,2021-09-26,train,False,0,,,,,,,0,https://leetcode.com/problems/number-of-pairs-of-strings-with-concatenation-equal-to-target
2024,maximize-the-confusion-of-an-exam,Medium,String; Binary Search; Prefix Sum; Sliding Window,2021-09-26,train,False,0,,,,,,,0,https://leetcode.com/problems/maximize-the-confusion-of-an-exam
2025,maximum-number-of-ways-to-partition-an-array,Hard,Array; Hash Table; Counting; Enumeration; Prefix Sum,2021-09-26,train,False,0,,,,,,,0,https://leetcode.com/problems/maximum-number-of-ways-to-partition-an-array
2027,minimum-moves-to-convert-string,Easy,Greedy; String,2021-10-03,train,False,0,,,,,,,0,https://leetcode.com/problems/minimum-moves-to-convert-string
2028,find-missing-observations,Medium,Array; Math; Simulation,2021-10-03,train,False,0,,,,,,,0,https://leetcode.com/problems/find-missing-observations
2029,stone-game-ix,Medium,Greedy; Array; Math; Counting; Game Theory,2021-10-03,train,False,0,,,,,,,0,https://leetcode.com/problems/stone-game-ix
2030,smallest-k-length-subsequence-with-occurrences-of-a-letter,Hard,Stack; Greedy; String; Monotonic Stack,2021-10-03,train,False,0,,,,,,,0,https://leetcode.com/problems/smallest-k-length-subsequence-with-occurrences-of-a-letter
2031,count-subarrays-with-more-ones-than-zeros,Medium,Binary Indexed Tree; Segment Tree; Array; Binary Search; Divide and Conquer; Ordered Set; Merge Sort,2021-10-03,train,False,0,,,,,,,0,https://leetcode.com/problems/count-subarrays-with-more-ones-than-zeros
2032,two-out-of-three,Easy,Bit Manipulation; Array; Hash Table,2021-10-10,train,False,0,,,,,,,0,https://leetcode.com/problems/two-out-of-three
2033,minimum-operations-to-make-a-uni-value-grid,Medium,Array; Math; Matrix; Sorting,2021-10-10,train,False,0,,,,,,,0,https://leetcode.com/problems/minimum-operations-to-make-a-uni-value-grid
2035,partition-array-into-two-arrays-to-minimize-sum-difference,Hard,Bit Manipulation; Array; Two Pointers; Binary Search; Dynamic Programming; Bitmask; Ordered Set,2021-10-10,train,False,0,,,,,,,0,https://leetcode.com/problems/partition-array-into-two-arrays-to-minimize-sum-difference
2036,maximum-alternating-subarray-sum,Medium,Array; Dynamic Programming,2021-10-10,train,False,0,,,,,,,0,https://leetcode.com/problems/maximum-alternating-subarray-sum
2037,minimum-number-of-moves-to-seat-everyone,Easy,Greedy; Array; Counting Sort; Sorting,2021-10-10,train,False,0,,,,,,,0,https://leetcode.com/problems/minimum-number-of-moves-to-seat-everyone
2038,remove-colored-pieces-if-both-neighbors-are-the-same-color,Medium,Greedy; Math; String; Game Theory,2021-10-10,train,False,0,,,,,,,0,https://leetcode.com/problems/remove-colored-pieces-if-both-neighbors-are-the-same-color
2039,the-time-when-the-network-becomes-idle,Medium,Breadth-First Search; Graph; Array,2021-10-10,train,False,0,,,,,,,0,https://leetcode.com/problems/the-time-when-the-network-becomes-idle
2040,kth-smallest-product-of-two-sorted-arrays,Hard,Array; Binary Search,2021-10-10,train,False,0,,,,,,,0,https://leetcode.com/problems/kth-smallest-product-of-two-sorted-arrays
2042,check-if-numbers-are-ascending-in-a-sentence,Easy,String,2021-10-17,train,False,0,,,,,,,0,https://leetcode.com/problems/check-if-numbers-are-ascending-in-a-sentence
2044,count-number-of-maximum-bitwise-or-subsets,Medium,Bit Manipulation; Array; Backtracking; Enumeration,2021-10-17,train,False,0,,,,,,,0,https://leetcode.com/problems/count-number-of-maximum-bitwise-or-subsets
2045,second-minimum-time-to-reach-destination,Hard,Breadth-First Search; Graph; Shortest Path,2021-10-17,train,False,0,,,,,,,0,https://leetcode.com/problems/second-minimum-time-to-reach-destination
2046,sort-linked-list-already-sorted-using-absolute-values,Medium,Linked List; Two Pointers; Sorting,2021-10-17,train,False,0,,,,,,,0,https://leetcode.com/problems/sort-linked-list-already-sorted-using-absolute-values
2047,number-of-valid-words-in-a-sentence,Easy,String,2021-10-24,train,False,0,,,,,,,0,https://leetcode.com/problems/number-of-valid-words-in-a-sentence
2048,next-greater-numerically-balanced-number,Medium,Hash Table; Math; Backtracking; Counting; Enumeration,2021-10-24,train,False,0,,,,,,,0,https://leetcode.com/problems/next-greater-numerically-balanced-number
2049,count-nodes-with-the-highest-score,Medium,Tree; Depth-First Search; Array; Binary Tree,2021-10-24,train,False,0,,,,,,,0,https://leetcode.com/problems/count-nodes-with-the-highest-score
2050,parallel-courses-iii,Hard,Graph; Topological Sort; Array; Dynamic Programming,2021-10-24,train,False,0,,,,,,,0,https://leetcode.com/problems/parallel-courses-iii
2052,minimum-cost-to-separate-sentence-into-rows,Medium,Array; Dynamic Programming,2021-10-24,train,False,0,,,,,,,0,https://leetcode.com/problems/minimum-cost-to-separate-sentence-into-rows
2053,kth-distinct-string-in-an-array,Easy,Array; Hash Table; String; Counting,2021-10-24,train,False,0,,,,,,,0,https://leetcode.com/problems/kth-distinct-string-in-an-array
2054,two-best-non-overlapping-events,Medium,Array; Binary Search; Dynamic Programming; Sorting; Heap (Priority Queue),2021-10-24,train,False,0,,,,,,,0,https://leetcode.com/problems/two-best-non-overlapping-events
2055,plates-between-candles,Medium,Array; String; Binary Search; Prefix Sum,2021-10-24,train,False,0,,,,,,,0,https://leetcode.com/problems/plates-between-candles
2056,number-of-valid-move-combinations-on-chessboard,Hard,Array; String; Backtracking; Simulation,2021-10-24,train,False,0,,,,,,,0,https://leetcode.com/problems/number-of-valid-move-combinations-on-chessboard
2057,smallest-index-with-equal-value,Easy,Array,2021-10-31,train,False,0,,,,,,,0,https://leetcode.com/problems/smallest-index-with-equal-value
2058,find-the-minimum-and-maximum-number-of-nodes-between-critical-points,Medium,Linked List,2021-10-31,train,False,0,,,,,,,0,https://leetcode.com/problems/find-the-minimum-and-maximum-number-of-nodes-between-critical-points
2059,minimum-operations-to-convert-number,Medium,Breadth-First Search; Array,2021-10-31,train,False,0,,,,,,,0,https://leetcode.com/problems/minimum-operations-to-convert-number
2060,check-if-an-original-string-exists-given-two-encoded-strings,Hard,String; Dynamic Programming,2021-10-31,train,False,0,,,,,,,0,https://leetcode.com/problems/check-if-an-original-string-exists-given-two-encoded-strings
2061,number-of-spaces-cleaning-robot-cleaned,Medium,Array; Matrix; Simulation,2021-10-31,train,False,0,,,,,,,0,https://leetcode.com/problems/number-of-spaces-cleaning-robot-cleaned
2062,count-vowel-substrings-of-a-string,Easy,Hash Table; String,2021-11-07,train,False,0,,,,,,,0,https://leetcode.com/problems/count-vowel-substrings-of-a-string
2063,vowels-of-all-substrings,Medium,Math; String; Dynamic Programming; Combinatorics,2021-11-07,train,False,0,,,,,,,0,https://leetcode.com/problems/vowels-of-all-substrings
2064,minimized-maximum-of-products-distributed-to-any-store,Medium,Greedy; Array; Binary Search,2021-11-07,train,False,0,,,,,,,0,https://leetcode.com/problems/minimized-maximum-of-products-distributed-to-any-store
2065,maximum-path-quality-of-a-graph,Hard,Graph; Array; Backtracking,2021-11-07,train,False,0,,,,,,,0,https://leetcode.com/problems/maximum-path-quality-of-a-graph
2067,number-of-equal-count-substrings,Medium,Hash Table; String; Counting; Sliding Window,2021-11-07,train,False,0,,,,,,,0,https://leetcode.com/problems/number-of-equal-count-substrings
2068,check-whether-two-strings-are-almost-equivalent,Easy,Hash Table; String; Counting,2021-11-07,train,False,0,,,,,,,0,https://leetcode.com/problems/check-whether-two-strings-are-almost-equivalent
2070,most-beautiful-item-for-each-query,Medium,Array; Binary Search; Sorting,2021-11-07,train,False,0,,,,,,,0,https://leetcode.com/problems/most-beautiful-item-for-each-query
2071,maximum-number-of-tasks-you-can-assign,Hard,Greedy; Queue; Array; Binary Search; Sorting; Monotonic Queue,2021-11-07,train,False,0,,,,,,,0,https://leetcode.com/problems/maximum-number-of-tasks-you-can-assign
2073,time-needed-to-buy-tickets,Easy,Queue; Array; Simulation,2021-11-14,train,False,0,,,,,,,0,https://leetcode.com/problems/time-needed-to-buy-tickets
2074,reverse-nodes-in-even-length-groups,Medium,Linked List,2021-11-14,train,False,0,,,,,,,0,https://leetcode.com/problems/reverse-nodes-in-even-length-groups
2075,decode-the-slanted-ciphertext,Medium,String; Simulation,2021-11-14,train,False,0,,,,,,,0,https://leetcode.com/problems/decode-the-slanted-ciphertext
2076,process-restricted-friend-requests,Hard,Union Find; Graph,2021-11-14,train,False,0,,,,,,,0,https://leetcode.com/problems/process-restricted-friend-requests
2077,paths-in-maze-that-lead-to-same-room,Medium,Graph,2021-11-14,train,False,0,,,,,,,0,https://leetcode.com/problems/paths-in-maze-that-lead-to-same-room
2078,two-furthest-houses-with-different-colors,Easy,Greedy; Array,2021-11-21,train,False,0,,,,,,,0,https://leetcode.com/problems/two-furthest-houses-with-different-colors
2079,watering-plants,Medium,Array; Simulation,2021-11-21,train,False,0,,,,,,,0,https://leetcode.com/problems/watering-plants
2081,sum-of-k-mirror-numbers,Hard,Math; Enumeration,2021-11-21,train,False,0,,,,,,,0,https://leetcode.com/problems/sum-of-k-mirror-numbers
2083,substrings-that-begin-and-end-with-the-same-letter,Medium,Hash Table; Math; String; Counting; Prefix Sum,2021-11-21,train,False,0,,,,,,,0,https://leetcode.com/problems/substrings-that-begin-and-end-with-the-same-letter
2085,count-common-words-with-one-occurrence,Easy,Array; Hash Table; String; Counting,2021-11-21,train,False,0,,,,,,,0,https://leetcode.com/problems/count-common-words-with-one-occurrence
2086,minimum-number-of-food-buckets-to-feed-the-hamsters,Medium,Greedy; String; Dynamic Programming,2021-11-21,train,False,0,,,,,,,0,https://leetcode.com/problems/minimum-number-of-food-buckets-to-feed-the-hamsters
2087,minimum-cost-homecoming-of-a-robot-in-a-grid,Medium,Greedy; Array,2021-11-21,train,False,0,,,,,,,0,https://leetcode.com/problems/minimum-cost-homecoming-of-a-robot-in-a-grid
2088,count-fertile-pyramids-in-a-land,Hard,Array; Dynamic Programming; Matrix,2021-11-21,train,False,0,,,,,,,0,https://leetcode.com/problems/count-fertile-pyramids-in-a-land
2089,find-target-indices-after-sorting-array,Easy,Array; Binary Search; Sorting,2021-11-28,train,False,0,,,,,,,0,https://leetcode.com/problems/find-target-indices-after-sorting-array
2090,k-radius-subarray-averages,Medium,Array; Sliding Window,2021-11-28,train,False,0,,,,,,,0,https://leetcode.com/problems/k-radius-subarray-averages
2091,removing-minimum-and-maximum-from-array,Medium,Greedy; Array,2021-11-28,train,False,0,,,,,,,0,https://leetcode.com/problems/removing-minimum-and-maximum-from-array
2092,find-all-people-with-secret,Hard,Depth-First Search; Breadth-First Search; Union Find; Graph; Sorting,2021-11-28,train,False,0,,,,,,,0,https://leetcode.com/problems/find-all-people-with-secret
2093,minimum-cost-to-reach-city-with-discounts,Medium,Graph; Shortest Path; Heap (Priority Queue),2021-11-28,train,False,0,,,,,,,0,https://leetcode.com/problems/minimum-cost-to-reach-city-with-discounts
2094,finding-3-digit-even-numbers,Easy,Array; Hash Table; Enumeration; Sorting,2021-12-05,train,False,0,,,,,,,0,https://leetcode.com/problems/finding-3-digit-even-numbers
2095,delete-the-middle-node-of-a-linked-list,Medium,Linked List; Two Pointers,2021-12-05,train,False,0,,,,,,,0,https://leetcode.com/problems/delete-the-middle-node-of-a-linked-list
2096,step-by-step-directions-from-a-binary-tree-node-to-another,Medium,Tree; Depth-First Search; String; Binary Tree,2021-12-05,train,False,0,,,,,,,0,https://leetcode.com/problems/step-by-step-directions-from-a-binary-tree-node-to-another
2097,valid-arrangement-of-pairs,Hard,Depth-First Search; Graph; Eulerian Circuit,2021-12-05,train,False,0,,,,,,,0,https://leetcode.com/problems/valid-arrangement-of-pairs
2098,subsequence-of-size-k-with-the-largest-even-sum,Medium,Greedy; Array; Sorting,2021-12-05,train,False,0,,,,,,,0,https://leetcode.com/problems/subsequence-of-size-k-with-the-largest-even-sum
2099,find-subsequence-of-length-k-with-the-largest-sum,Easy,Array; Hash Table; Sorting; Heap (Priority Queue),2021-12-05,train,False,0,,,,,,,0,https://leetcode.com/problems/find-subsequence-of-length-k-with-the-largest-sum
2100,find-good-days-to-rob-the-bank,Medium,Array; Dynamic Programming; Prefix Sum,2021-12-05,train,False,0,,,,,,,0,https://leetcode.com/problems/find-good-days-to-rob-the-bank
2101,detonate-the-maximum-bombs,Medium,Depth-First Search; Breadth-First Search; Graph; Geometry; Array; Math,2021-12-05,train,False,0,,,,,,,0,https://leetcode.com/problems/detonate-the-maximum-bombs
2103,rings-and-rods,Easy,Hash Table; String,2021-12-12,train,False,0,,,,,,,0,https://leetcode.com/problems/rings-and-rods
2104,sum-of-subarray-ranges,Medium,Stack; Array; Monotonic Stack,2021-12-12,train,False,0,,,,,,,0,https://leetcode.com/problems/sum-of-subarray-ranges
2105,watering-plants-ii,Medium,Array; Two Pointers; Simulation,2021-12-12,train,False,0,,,,,,,0,https://leetcode.com/problems/watering-plants-ii
2106,maximum-fruits-harvested-after-at-most-k-steps,Hard,Array; Binary Search; Prefix Sum; Sliding Window,2021-12-12,train,False,0,,,,,,,0,https://leetcode.com/problems/maximum-fruits-harvested-after-at-most-k-steps
2107,number-of-unique-flavors-after-sharing-k-candies,Medium,Array; Hash Table; Sliding Window,2021-12-12,train,False,0,,,,,,,0,https://leetcode.com/problems/number-of-unique-flavors-after-sharing-k-candies
2108,find-first-palindromic-string-in-the-array,Easy,Array; Two Pointers; String,2021-12-19,train,False,0,,,,,,,0,https://leetcode.com/problems/find-first-palindromic-string-in-the-array
2109,adding-spaces-to-a-string,Medium,Array; Two Pointers; String; Simulation,2021-12-19,train,False,0,,,,,,,0,https://leetcode.com/problems/adding-spaces-to-a-string
2110,number-of-smooth-descent-periods-of-a-stock,Medium,Array; Math; Dynamic Programming,2021-12-19,train,False,0,,,,,,,0,https://leetcode.com/problems/number-of-smooth-descent-periods-of-a-stock
2111,minimum-operations-to-make-the-array-k-increasing,Hard,Array; Binary Search,2021-12-19,train,False,0,,,,,,,0,https://leetcode.com/problems/minimum-operations-to-make-the-array-k-increasing
2113,elements-in-array-after-removing-and-replacing-elements,Medium,Array,2021-12-19,train,False,0,,,,,,,0,https://leetcode.com/problems/elements-in-array-after-removing-and-replacing-elements
2114,maximum-number-of-words-found-in-sentences,Easy,Array; String,2021-12-19,train,False,0,,,,,,,0,https://leetcode.com/problems/maximum-number-of-words-found-in-sentences
2115,find-all-possible-recipes-from-given-supplies,Medium,Graph; Topological Sort; Array; Hash Table; String,2021-12-19,train,False,0,,,,,,,0,https://leetcode.com/problems/find-all-possible-recipes-from-given-supplies
2116,check-if-a-parentheses-string-can-be-valid,Medium,Stack; Greedy; String,2021-12-19,train,False,0,,,,,,,0,https://leetcode.com/problems/check-if-a-parentheses-string-can-be-valid
2117,abbreviating-the-product-of-a-range,Hard,Math,2021-12-19,train,False,0,,,,,,,0,https://leetcode.com/problems/abbreviating-the-product-of-a-range
2119,a-number-after-a-double-reversal,Easy,Math,2021-12-26,train,False,0,,,,,,,0,https://leetcode.com/problems/a-number-after-a-double-reversal
2120,execution-of-all-suffix-instructions-staying-in-a-grid,Medium,String; Simulation,2021-12-26,train,False,0,,,,,,,0,https://leetcode.com/problems/execution-of-all-suffix-instructions-staying-in-a-grid
2121,intervals-between-identical-elements,Medium,Array; Hash Table; Prefix Sum,2021-12-26,train,False,0,,,,,,,0,https://leetcode.com/problems/intervals-between-identical-elements
2122,recover-the-original-array,Hard,Array; Hash Table; Two Pointers; Enumeration; Sorting,2021-12-26,train,False,0,,,,,,,0,https://leetcode.com/problems/recover-the-original-array
2123,minimum-operations-to-remove-adjacent-ones-in-matrix,Hard,Graph; Array; Matrix,2021-12-26,train,False,0,,,,,,,0,https://leetcode.com/problems/minimum-operations-to-remove-adjacent-ones-in-matrix
2124,check-if-all-as-appears-before-all-bs,Easy,String,2022-01-02,train,False,0,,,,,,,0,https://leetcode.com/problems/check-if-all-as-appears-before-all-bs
2125,number-of-laser-beams-in-a-bank,Medium,Array; Math; String; Matrix,2022-01-02,train,False,0,,,,,,,0,https://leetcode.com/problems/number-of-laser-beams-in-a-bank
2126,destroying-asteroids,Medium,Greedy; Array; Sorting,2022-01-02,train,False,0,,,,,,,0,https://leetcode.com/problems/destroying-asteroids
2127,maximum-employees-to-be-invited-to-a-meeting,Hard,Depth-First Search; Graph; Topological Sort,2022-01-02,train,False,0,,,,,,,0,https://leetcode.com/problems/maximum-employees-to-be-invited-to-a-meeting
2128,remove-all-ones-with-row-and-column-flips,Medium,Bit Manipulation; Array; Math; Matrix,2022-01-02,train,False,0,,,,,,,0,https://leetcode.com/problems/remove-all-ones-with-row-and-column-flips
2129,capitalize-the-title,Easy,String,2022-01-02,train,False,0,,,,,,,0,https://leetcode.com/problems/capitalize-the-title
2130,maximum-twin-sum-of-a-linked-list,Medium,Stack; Linked List; Two Pointers,2022-01-02,train,False,0,,,,,,,0,https://leetcode.com/problems/maximum-twin-sum-of-a-linked-list
2131,longest-palindrome-by-concatenating-two-letter-words,Medium,Greedy; Array; Hash Table; String; Counting,2022-01-02,train,False,0,,,,,,,0,https://leetcode.com/problems/longest-palindrome-by-concatenating-two-letter-words
2132,stamping-the-grid,Hard,Greedy; Array; Matrix; Prefix Sum,2022-01-02,train,False,0,,,,,,,0,https://leetcode.com/problems/stamping-the-grid
2133,check-if-every-row-and-column-contains-all-numbers,Easy,Array; Hash Table; Matrix,2022-01-09,train,False,0,,,,,,,0,https://leetcode.com/problems/check-if-every-row-and-column-contains-all-numbers
2134,minimum-swaps-to-group-all-1s-together-ii,Medium,Array; Sliding Window,2022-01-09,train,False,0,,,,,,,0,https://leetcode.com/problems/minimum-swaps-to-group-all-1s-together-ii
2135,count-words-obtained-after-adding-a-letter,Medium,Bit Manipulation; Array; Hash Table; String; Sorting,2022-01-09,train,False,0,,,,,,,0,https://leetcode.com/problems/count-words-obtained-after-adding-a-letter
2136,earliest-possible-day-of-full-bloom,Hard,Greedy; Array; Sorting,2022-01-09,train,False,0,,,,,,,0,https://leetcode.com/problems/earliest-possible-day-of-full-bloom
2137,pour-water-between-buckets-to-make-water-levels-equal,Medium,Array; Binary Search,2022-01-09,train,False,0,,,,,,,0,https://leetcode.com/problems/pour-water-between-buckets-to-make-water-levels-equal
2138,divide-a-string-into-groups-of-size-k,Easy,String; Simulation,2022-01-16,train,False,0,,,,,,,0,https://leetcode.com/problems/divide-a-string-into-groups-of-size-k
2139,minimum-moves-to-reach-target-score,Medium,Greedy; Math,2022-01-16,train,False,0,,,,,,,0,https://leetcode.com/problems/minimum-moves-to-reach-target-score
2140,solving-questions-with-brainpower,Medium,Array; Dynamic Programming,2022-01-16,train,False,0,,,,,,,0,https://leetcode.com/problems/solving-questions-with-brainpower
2141,maximum-running-time-of-n-computers,Hard,Greedy; Array; Binary Search; Sorting,2022-01-16,train,False,0,,,,,,,0,https://leetcode.com/problems/maximum-running-time-of-n-computers
2143,choose-numbers-from-two-arrays-in-range,Hard,Array; Dynamic Programming,2022-01-16,train,False,0,,,,,,,0,https://leetcode.com/problems/choose-numbers-from-two-arrays-in-range
2144,minimum-cost-of-buying-candies-with-discount,Easy,Greedy; Array; Sorting,2022-01-16,train,False,0,,,,,,,0,https://leetcode.com/problems/minimum-cost-of-buying-candies-with-discount
2145,count-the-hidden-sequences,Medium,Array; Prefix Sum,2022-01-16,train,False,0,,,,,,,0,https://leetcode.com/problems/count-the-hidden-sequences
2146,k-highest-ranked-items-within-a-price-range,Medium,Breadth-First Search; Array; Matrix; Sorting; Heap (Priority Queue),2022-01-16,train,False,0,,,,,,,0,https://leetcode.com/problems/k-highest-ranked-items-within-a-price-range
2147,number-of-ways-to-divide-a-long-corridor,Hard,Math; String; Dynamic Programming,2022-01-16,train,False,0,,,,,,,0,https://leetcode.com/problems/number-of-ways-to-divide-a-long-corridor
2148,count-elements-with-strictly-smaller-and-greater-elements,Easy,Array; Counting; Sorting,2022-01-23,train,False,0,,,,,,,0,https://leetcode.com/problems/count-elements-with-strictly-smaller-and-greater-elements
2149,rearrange-array-elements-by-sign,Medium,Array; Two Pointers; Simulation,2022-01-23,train,False,0,,,,,,,0,https://leetcode.com/problems/rearrange-array-elements-by-sign
2150,find-all-lonely-numbers-in-the-array,Medium,Array; Hash Table; Counting,2022-01-23,train,False,0,,,,,,,0,https://leetcode.com/problems/find-all-lonely-numbers-in-the-array
2151,maximum-good-people-based-on-statements,Hard,Bit Manipulation; Array; Backtracking; Enumeration,2022-01-23,train,False,0,,,,,,,0,https://leetcode.com/problems/maximum-good-people-based-on-statements
2152,minimum-number-of-lines-to-cover-points,Medium,Bit Manipulation; Geometry; Array; Hash Table; Math; Dynamic Programming; Backtracking; Bitmask,2022-01-23,train,False,0,,,,,,,0,https://leetcode.com/problems/minimum-number-of-lines-to-cover-points
2154,keep-multiplying-found-values-by-two,Easy,Array; Hash Table; Sorting; Simulation,2022-01-30,train,False,0,,,,,,,0,https://leetcode.com/problems/keep-multiplying-found-values-by-two
2155,all-divisions-with-the-highest-score-of-a-binary-array,Medium,Array,2022-01-30,train,False,0,,,,,,,0,https://leetcode.com/problems/all-divisions-with-the-highest-score-of-a-binary-array
2156,find-substring-with-given-hash-value,Hard,String; Sliding Window; Hash Function; Rolling Hash,2022-01-30,train,False,0,,,,,,,0,https://leetcode.com/problems/find-substring-with-given-hash-value
2157,groups-of-strings,Hard,Bit Manipulation; Union Find; String,2022-01-30,train,False,0,,,,,,,0,https://leetcode.com/problems/groups-of-strings
2158,amount-of-new-area-painted-each-day,Hard,Segment Tree; Array; Ordered Set,2022-01-30,train,False,0,,,,,,,0,https://leetcode.com/problems/amount-of-new-area-painted-each-day
2160,minimum-sum-of-four-digit-number-after-splitting-digits,Easy,Greedy; Math; Sorting,2022-01-30,train,False,0,,,,,,,0,https://leetcode.com/problems/minimum-sum-of-four-digit-number-after-splitting-digits
2161,partition-array-according-to-given-pivot,Medium,Array; Two Pointers; Simulation,2022-01-30,train,False,0,,,,,,,0,https://leetcode.com/problems/partition-array-according-to-given-pivot
2162,minimum-cost-to-set-cooking-time,Medium,Math; Enumeration,2022-01-30,train,False,0,,,,,,,0,https://leetcode.com/problems/minimum-cost-to-set-cooking-time
2163,minimum-difference-in-sums-after-removal-of-elements,Hard,Array; Dynamic Programming; Heap (Priority Queue),2022-01-30,train,False,0,,,,,,,0,https://leetcode.com/problems/minimum-difference-in-sums-after-removal-of-elements
2164,sort-even-and-odd-indices-independently,Easy,Array; Sorting,2022-02-06,train,False,0,,,,,,,0,https://leetcode.com/problems/sort-even-and-odd-indices-independently
2165,smallest-value-of-the-rearranged-number,Medium,Math; Sorting,2022-02-06,train,False,0,,,,,,,0,https://leetcode.com/problems/smallest-value-of-the-rearranged-number
2167,minimum-time-to-remove-all-cars-containing-illegal-goods,Hard,String; Dynamic Programming,2022-02-06,train,False,0,,,,,,,0,https://leetcode.com/problems/minimum-time-to-remove-all-cars-containing-illegal-goods
2168,unique-substrings-with-equal-digit-frequency,Medium,Hash Table; String; Counting; Hash Function; Rolling Hash,2022-02-06,train,False,0,,,,,,,0,https://leetcode.com/problems/unique-substrings-with-equal-digit-frequency
2169,count-operations-to-obtain-zero,Easy,Math; Simulation,2022-02-13,train,False,0,,,,,,,0,https://leetcode.com/problems/count-operations-to-obtain-zero
2170,minimum-operations-to-make-the-array-alternating,Medium,Greedy; Array; Hash Table; Counting,2022-02-13,train,False,0,,,,,,,0,https://leetcode.com/problems/minimum-operations-to-make-the-array-alternating
2171,removing-minimum-number-of-magic-beans,Medium,Greedy; Array; Enumeration; Prefix Sum; Sorting,2022-02-13,train,False,0,,,,,,,0,https://leetcode.com/problems/removing-minimum-number-of-magic-beans
2172,maximum-and-sum-of-array,Hard,Bit Manipulation; Array; Dynamic Programming; Bitmask,2022-02-13,train,False,0,,,,,,,0,https://leetcode.com/problems/maximum-and-sum-of-array
2174,remove-all-ones-with-row-and-column-flips-ii,Medium,Bit Manipulation; Breadth-First Search; Array; Matrix,2022-02-13,train,False,0,,,,,,,0,https://leetcode.com/problems/remove-all-ones-with-row-and-column-flips-ii
2176,count-equal-and-divisible-pairs-in-an-array,Easy,Array,2022-02-13,train,False,0,,,,,,,0,https://leetcode.com/problems/count-equal-and-divisible-pairs-in-an-array
2177,find-three-consecutive-integers-that-sum-to-a-given-number,Medium,Math; Simulation,2022-02-13,train,False,0,,,,,,,0,https://leetcode.com/problems/find-three-consecutive-integers-that-sum-to-a-given-number
2178,maximum-split-of-positive-even-integers,Medium,Greedy; Math; Backtracking,2022-02-13,train,False,0,,,,,,,0,https://leetcode.com/problems/maximum-split-of-positive-even-integers
2179,count-good-triplets-in-an-array,Hard,Binary Indexed Tree; Segment Tree; Array; Binary Search; Divide and Conquer; Ordered Set; Merge Sort,2022-02-13,train,False,0,,,,,,,0,https://leetcode.com/problems/count-good-triplets-in-an-array
2180,count-integers-with-even-digit-sum,Easy,Math; Simulation,2022-02-20,train,False,0,,,,,,,0,https://leetcode.com/problems/count-integers-with-even-digit-sum
2181,merge-nodes-in-between-zeros,Medium,Linked List; Simulation,2022-02-20,train,False,0,,,,,,,0,https://leetcode.com/problems/merge-nodes-in-between-zeros
2182,construct-string-with-repeat-limit,Medium,Greedy; Hash Table; String; Counting; Heap (Priority Queue),2022-02-20,train,False,0,,,,,,,0,https://leetcode.com/problems/construct-string-with-repeat-limit
2183,count-array-pairs-divisible-by-k,Hard,Array; Math; Number Theory,2022-02-20,train,False,0,,,,,,,0,https://leetcode.com/problems/count-array-pairs-divisible-by-k
2184,number-of-ways-to-build-sturdy-brick-wall,Medium,Bit Manipulation; Array; Dynamic Programming; Bitmask,2022-02-20,train,False,0,,,,,,,0,https://leetcode.com/problems/number-of-ways-to-build-sturdy-brick-wall
2185,counting-words-with-a-given-prefix,Easy,Array; String; String Matching,2022-02-27,train,False,0,,,,,,,0,https://leetcode.com/problems/counting-words-with-a-given-prefix
2186,minimum-number-of-steps-to-make-two-strings-anagram-ii,Medium,Hash Table; String; Counting,2022-02-27,train,False,0,,,,,,,0,https://leetcode.com/problems/minimum-number-of-steps-to-make-two-strings-anagram-ii
2187,minimum-time-to-complete-trips,Medium,Array; Binary Search,2022-02-27,train,False,0,,,,,,,0,https://leetcode.com/problems/minimum-time-to-complete-trips
2188,minimum-time-to-finish-the-race,Hard,Array; Dynamic Programming,2022-02-27,train,False,0,,,,,,,0,https://leetcode.com/problems/minimum-time-to-finish-the-race
2189,number-of-ways-to-build-house-of-cards,Medium,Math; Dynamic Programming,2022-02-27,train,False,0,,,,,,,0,https://leetcode.com/problems/number-of-ways-to-build-house-of-cards
2190,most-frequent-number-following-key-in-an-array,Easy,Array; Hash Table; Counting,2022-02-27,train,False,0,,,,,,,0,https://leetcode.com/problems/most-frequent-number-following-key-in-an-array
2191,sort-the-jumbled-numbers,Medium,Array; Sorting,2022-02-27,train,False,0,,,,,,,0,https://leetcode.com/problems/sort-the-jumbled-numbers
2192,all-ancestors-of-a-node-in-a-directed-acyclic-graph,Medium,Depth-First Search; Breadth-First Search; Graph; Topological Sort,2022-02-27,train,False,0,,,,,,,0,https://leetcode.com/problems/all-ancestors-of-a-node-in-a-directed-acyclic-graph
2193,minimum-number-of-moves-to-make-palindrome,Hard,Greedy; Binary Indexed Tree; Two Pointers; String,2022-02-27,train,False,0,,,,,,,0,https://leetcode.com/problems/minimum-number-of-moves-to-make-palindrome
2194,cells-in-a-range-on-an-excel-sheet,Easy,String,2022-03-06,train,False,0,,,,,,,0,https://leetcode.com/problems/cells-in-a-range-on-an-excel-sheet
2195,append-k-integers-with-minimal-sum,Medium,Greedy; Array; Math; Sorting,2022-03-06,train,False,0,,,,,,,0,https://leetcode.com/problems/append-k-integers-with-minimal-sum
2196,create-binary-tree-from-descriptions,Medium,Tree; Array; Hash Table; Binary Tree,2022-03-06,train,False,0,,,,,,,0,https://leetcode.com/problems/create-binary-tree-from-descriptions
2197,replace-non-coprime-numbers-in-array,Hard,Stack; Array; Math; Number Theory,2022-03-06,train,False,0,,,,,,,0,https://leetcode.com/problems/replace-non-coprime-numbers-in-array
2198,number-of-single-divisor-triplets,Medium,Math,2022-03-06,train,False,0,,,,,,,0,https://leetcode.com/problems/number-of-single-divisor-triplets
2200,find-all-k-distant-indices-in-an-array,Easy,Array; Two Pointers,2022-03-13,train,False,0,,,,,,,0,https://leetcode.com/problems/find-all-k-distant-indices-in-an-array
2201,count-artifacts-that-can-be-extracted,Medium,Array; Hash Table; Simulation,2022-03-13,train,False,0,,,,,,,0,https://leetcode.com/problems/count-artifacts-that-can-be-extracted
2202,maximize-the-topmost-element-after-k-moves,Medium,Greedy; Array,2022-03-13,train,False,0,,,,,,,0,https://leetcode.com/problems/maximize-the-topmost-element-after-k-moves
2203,minimum-weighted-subgraph-with-the-required-paths,Hard,Graph; Shortest Path,2022-03-13,train,False,0,,,,,,,0,https://leetcode.com/problems/minimum-weighted-subgraph-with-the-required-paths
2204,distance-to-a-cycle-in-undirected-graph,Hard,Depth-First Search; Breadth-First Search; Union Find; Graph,2022-03-13,train,False,0,,,,,,,0,https://leetcode.com/problems/distance-to-a-cycle-in-undirected-graph
2206,divide-array-into-equal-pairs,Easy,Bit Manipulation; Array; Hash Table; Counting,2022-03-13,train,False,0,,,,,,,0,https://leetcode.com/problems/divide-array-into-equal-pairs
2207,maximize-number-of-subsequences-in-a-string,Medium,Greedy; String; Prefix Sum,2022-03-13,train,False,0,,,,,,,0,https://leetcode.com/problems/maximize-number-of-subsequences-in-a-string
2208,minimum-operations-to-halve-array-sum,Medium,Greedy; Array; Heap (Priority Queue),2022-03-13,train,False,0,,,,,,,0,https://leetcode.com/problems/minimum-operations-to-halve-array-sum
2209,minimum-white-tiles-after-covering-with-carpets,Hard,String; Dynamic Programming; Prefix Sum,2022-03-13,train,False,0,,,,,,,0,https://leetcode.com/problems/minimum-white-tiles-after-covering-with-carpets
2210,count-hills-and-valleys-in-an-array,Easy,Array,2022-03-20,train,False,0,,,,,,,0,https://leetcode.com/problems/count-hills-and-valleys-in-an-array
2211,count-collisions-on-a-road,Medium,Stack; String; Simulation,2022-03-20,train,False,0,,,,,,,0,https://leetcode.com/problems/count-collisions-on-a-road
2212,maximum-points-in-an-archery-competition,Medium,Bit Manipulation; Array; Backtracking; Enumeration,2022-03-20,train,False,0,,,,,,,0,https://leetcode.com/problems/maximum-points-in-an-archery-competition
2213,longest-substring-of-one-repeating-character,Hard,Segment Tree; Array; String; Ordered Set,2022-03-20,train,False,0,,,,,,,0,https://leetcode.com/problems/longest-substring-of-one-repeating-character
2214,minimum-health-to-beat-game,Medium,Greedy; Array,2022-03-20,train,False,0,,,,,,,0,https://leetcode.com/problems/minimum-health-to-beat-game
2215,find-the-difference-of-two-arrays,Easy,Array; Hash Table,2022-03-27,train,False,0,,,,,,,0,https://leetcode.com/problems/find-the-difference-of-two-arrays
2216,minimum-deletions-to-make-array-beautiful,Medium,Stack; Greedy; Array,2022-03-27,train,False,0,,,,,,,0,https://leetcode.com/problems/minimum-deletions-to-make-array-beautiful
2217,find-palindrome-with-fixed-length,Medium,Array; Math,2022-03-27,train,False,0,,,,,,,0,https://leetcode.com/problems/find-palindrome-with-fixed-length
2218,maximum-value-of-k-coins-from-piles,Hard,Array; Dynamic Programming; Prefix Sum,2022-03-27,train,False,0,,,,,,,0,https://leetcode.com/problems/maximum-value-of-k-coins-from-piles
2219,maximum-sum-score-of-array,Medium,Array; Prefix Sum,2022-03-27,train,False,0,,,,,,,0,https://leetcode.com/problems/maximum-sum-score-of-array
2220,minimum-bit-flips-to-convert-number,Easy,Bit Manipulation,2022-03-27,train,False,0,,,,,,,0,https://leetcode.com/problems/minimum-bit-flips-to-convert-number
2221,find-triangular-sum-of-an-array,Medium,Array; Math; Combinatorics; Simulation,2022-03-27,train,False,0,,,,,,,0,https://leetcode.com/problems/find-triangular-sum-of-an-array
2222,number-of-ways-to-select-buildings,Medium,String; Dynamic Programming; Prefix Sum,2022-03-27,train,False,0,,,,,,,0,https://leetcode.com/problems/number-of-ways-to-select-buildings
2223,sum-of-scores-of-built-strings,Hard,String; Binary Search; String Matching; Suffix Array; Hash Function; Rolling Hash,2022-03-27,train,False,0,,,,,,,0,https://leetcode.com/problems/sum-of-scores-of-built-strings
2224,minimum-number-of-operations-to-convert-time,Easy,Greedy; String,2022-04-03,train,False,0,,,,,,,0,https://leetcode.com/problems/minimum-number-of-operations-to-convert-time
2225,find-players-with-zero-or-one-losses,Medium,Array; Hash Table; Counting; Sorting,2022-04-03,train,False,0,,,,,,,0,https://leetcode.com/problems/find-players-with-zero-or-one-losses
2226,maximum-candies-allocated-to-k-children,Medium,Array; Binary Search,2022-04-03,train,False,0,,,,,,,0,https://leetcode.com/problems/maximum-candies-allocated-to-k-children
2229,check-if-an-array-is-consecutive,Easy,Array; Hash Table; Sorting,2022-04-03,train,False,0,,,,,,,0,https://leetcode.com/problems/check-if-an-array-is-consecutive
2231,largest-number-after-digit-swaps-by-parity,Easy,Sorting; Heap (Priority Queue),2022-04-10,train,False,0,,,,,,,0,https://leetcode.com/problems/largest-number-after-digit-swaps-by-parity
2232,minimize-result-by-adding-parentheses-to-expression,Medium,String; Enumeration,2022-04-10,train,False,0,,,,,,,0,https://leetcode.com/problems/minimize-result-by-adding-parentheses-to-expression
2233,maximum-product-after-k-increments,Medium,Greedy; Array; Heap (Priority Queue),2022-04-10,train,False,0,,,,,,,0,https://leetcode.com/problems/maximum-product-after-k-increments
2234,maximum-total-beauty-of-the-gardens,Hard,Greedy; Array; Two Pointers; Binary Search; Enumeration; Prefix Sum; Sorting,2022-04-10,train,False,0,,,,,,,0,https://leetcode.com/problems/maximum-total-beauty-of-the-gardens
2235,add-two-integers,Easy,Math,2022-04-10,train,False,0,,,,,,,0,https://leetcode.com/problems/add-two-integers
2236,root-equals-sum-of-children,Easy,Tree; Binary Tree,2022-04-10,train,False,0,,,,,,,0,https://leetcode.com/problems/root-equals-sum-of-children
2237,count-positions-on-street-with-required-brightness,Medium,Array; Prefix Sum,2022-04-10,train,False,0,,,,,,,0,https://leetcode.com/problems/count-positions-on-street-with-required-brightness
2239,find-closest-number-to-zero,Easy,Array,2022-04-10,train,False,0,,,,,,,0,https://leetcode.com/problems/find-closest-number-to-zero
2240,number-of-ways-to-buy-pens-and-pencils,Medium,Math; Enumeration,2022-04-10,train,False,0,,,,,,,0,https://leetcode.com/problems/number-of-ways-to-buy-pens-and-pencils
2242,maximum-score-of-a-node-sequence,Hard,Graph; Array; Enumeration; Sorting,2022-04-10,train,False,0,,,,,,,0,https://leetcode.com/problems/maximum-score-of-a-node-sequence
2243,calculate-digit-sum-of-a-string,Easy,String; Simulation,2022-04-17,train,False,0,,,,,,,0,https://leetcode.com/problems/calculate-digit-sum-of-a-string
2244,minimum-rounds-to-complete-all-tasks,Medium,Greedy; Array; Hash Table; Counting,2022-04-17,train,False,0,,,,,,,0,https://leetcode.com/problems/minimum-rounds-to-complete-all-tasks
2245,maximum-trailing-zeros-in-a-cornered-path,Medium,Array; Matrix; Prefix Sum,2022-04-17,train,False,0,,,,,,,0,https://leetcode.com/problems/maximum-trailing-zeros-in-a-cornered-path
2246,longest-path-with-different-adjacent-characters,Hard,Tree; Depth-First Search; Graph; Topological Sort; Array; String,2022-04-17,train,False,0,,,,,,,0,https://leetcode.com/problems/longest-path-with-different-adjacent-characters
2247,maximum-cost-of-trip-with-k-highways,Hard,Bit Manipulation; Graph; Dynamic Programming; Bitmask,2022-04-17,train,False,0,,,,,,,0,https://leetcode.com/problems/maximum-cost-of-trip-with-k-highways
2248,intersection-of-multiple-arrays,Easy,Array; Hash Table; Counting; Sorting,2022-04-24,train,False,0,,,,,,,0,https://leetcode.com/problems/intersection-of-multiple-arrays
2249,count-lattice-points-inside-a-circle,Medium,Geometry; Array; Hash Table; Math; Enumeration,2022-04-24,train,False,0,,,,,,,0,https://leetcode.com/problems/count-lattice-points-inside-a-circle
2250,count-number-of-rectangles-containing-each-point,Medium,Binary Indexed Tree; Array; Hash Table; Binary Search; Sorting,2022-04-24,train,False,0,,,,,,,0,https://leetcode.com/problems/count-number-of-rectangles-containing-each-point
2251,number-of-flowers-in-full-bloom,Hard,Array; Hash Table; Binary Search; Ordered Set; Prefix Sum; Sorting,2022-04-24,train,False,0,,,,,,,0,https://leetcode.com/problems/number-of-flowers-in-full-bloom
2255,count-prefixes-of-a-given-string,Easy,Array; String,2022-04-24,train,False,0,,,,,,,0,https://leetcode.com/problems/count-prefixes-of-a-given-string
2256,minimum-average-difference,Medium,Array; Prefix Sum,2022-04-24,train,False,0,,,,,,,0,https://leetcode.com/problems/minimum-average-difference
2257,count-unguarded-cells-in-the-grid,Medium,Array; Matrix; Simulation,2022-04-24,train,False,0,,,,,,,0,https://leetcode.com/problems/count-unguarded-cells-in-the-grid
2258,escape-the-spreading-fire,Hard,Breadth-First Search; Array; Binary Search; Matrix,2022-04-24,train,False,0,,,,,,,0,https://leetcode.com/problems/escape-the-spreading-fire
2259,remove-digit-from-number-to-maximize-result,Easy,Greedy; String; Enumeration,2022-05-01,train,False,0,,,,,,,0,https://leetcode.com/problems/remove-digit-from-number-to-maximize-result
2260,minimum-consecutive-cards-to-pick-up,Medium,Array; Hash Table; Sliding Window,2022-05-01,train,False,0,,,,,,,0,https://leetcode.com/problems/minimum-consecutive-cards-to-pick-up
2261,k-divisible-elements-subarrays,Medium,Trie; Array; Hash Table; Enumeration; Hash Function; Rolling Hash,2022-05-01,train,False,0,,,,,,,0,https://leetcode.com/problems/k-divisible-elements-subarrays
2262,total-appeal-of-a-string,Hard,Hash Table; String; Dynamic Programming,2022-05-01,train,False,0,,,,,,,0,https://leetcode.com/problems/total-appeal-of-a-string
2263,make-array-non-decreasing-or-non-increasing,Hard,Greedy; Dynamic Programming,2022-05-01,train,False,0,,,,,,,0,https://leetcode.com/problems/make-array-non-decreasing-or-non-increasing
2264,largest-3-same-digit-number-in-string,Easy,String,2022-05-08,train,False,0,,,,,,,0,https://leetcode.com/problems/largest-3-same-digit-number-in-string
2265,count-nodes-equal-to-average-of-subtree,Medium,Tree; Depth-First Search; Binary Tree,2022-05-08,train,False,0,,,,,,,0,https://leetcode.com/problems/count-nodes-equal-to-average-of-subtree
2266,count-number-of-texts,Medium,Hash Table; Math; String; Dynamic Programming,2022-05-08,train,False,0,,,,,,,0,https://leetcode.com/problems/count-number-of-texts
2267,check-if-there-is-a-valid-parentheses-string-path,Hard,Array; Dynamic Programming; Matrix,2022-05-08,train,False,0,,,,,,,0,https://leetcode.com/problems/check-if-there-is-a-valid-parentheses-string-path
2268,minimum-number-of-keypresses,Medium,Greedy; Hash Table; String; Counting; Sorting,2022-05-08,train,False,0,,,,,,,0,https://leetcode.com/problems/minimum-number-of-keypresses
2269,find-the-k-beauty-of-a-number,Easy,Math; String; Sliding Window,2022-05-08,train,False,0,,,,,,,0,https://leetcode.com/problems/find-the-k-beauty-of-a-number
2270,number-of-ways-to-split-array,Medium,Array; Prefix Sum,2022-05-08,train,False,0,,,,,,,0,https://leetcode.com/problems/number-of-ways-to-split-array
2271,maximum-white-tiles-covered-by-a-carpet,Medium,Greedy; Array; Binary Search; Prefix Sum; Sorting; Sliding Window,2022-05-08,train,False,0,,,,,,,0,https://leetcode.com/problems/maximum-white-tiles-covered-by-a-carpet
2272,substring-with-largest-variance,Hard,Array; Dynamic Programming,2022-05-08,train,False,0,,,,,,,0,https://leetcode.com/problems/substring-with-largest-variance
2273,find-resultant-array-after-removing-anagrams,Easy,Array; Hash Table; String; Sorting,2022-05-15,train,False,0,,,,,,,0,https://leetcode.com/problems/find-resultant-array-after-removing-anagrams
2274,maximum-consecutive-floors-without-special-floors,Medium,Array; Sorting,2022-05-15,train,False,0,,,,,,,0,https://leetcode.com/problems/maximum-consecutive-floors-without-special-floors
2275,largest-combination-with-bitwise-and-greater-than-zero,Medium,Bit Manipulation; Array; Hash Table; Counting,2022-05-15,train,False,0,,,,,,,0,https://leetcode.com/problems/largest-combination-with-bitwise-and-greater-than-zero
2277,closest-node-to-path-in-tree,Hard,Tree; Depth-First Search; Breadth-First Search; Array,2022-05-15,train,False,0,,,,,,,0,https://leetcode.com/problems/closest-node-to-path-in-tree
2278,percentage-of-letter-in-string,Easy,String,2022-05-22,train,False,0,,,,,,,0,https://leetcode.com/problems/percentage-of-letter-in-string
2279,maximum-bags-with-full-capacity-of-rocks,Medium,Greedy; Array; Sorting,2022-05-22,train,False,0,,,,,,,0,https://leetcode.com/problems/maximum-bags-with-full-capacity-of-rocks
2280,minimum-lines-to-represent-a-line-chart,Medium,Geometry; Array; Math; Number Theory; Sorting,2022-05-22,train,False,0,,,,,,,0,https://leetcode.com/problems/minimum-lines-to-represent-a-line-chart
2281,sum-of-total-strength-of-wizards,Hard,Stack; Array; Prefix Sum; Monotonic Stack,2022-05-22,train,False,0,,,,,,,0,https://leetcode.com/problems/sum-of-total-strength-of-wizards
2282,number-of-people-that-can-be-seen-in-a-grid,Medium,Stack; Array; Matrix; Monotonic Stack,2022-05-22,train,False,0,,,,,,,0,https://leetcode.com/problems/number-of-people-that-can-be-seen-in-a-grid
2283,check-if-number-has-equal-digit-count-and-digit-value,Easy,Hash Table; String; Counting,2022-05-22,train,False,0,,,,,,,0,https://leetcode.com/problems/check-if-number-has-equal-digit-count-and-digit-value
2284,sender-with-largest-word-count,Medium,Array; Hash Table; String; Counting,2022-05-22,train,False,0,,,,,,,0,https://leetcode.com/problems/sender-with-largest-word-count
2285,maximum-total-importance-of-roads,Medium,Greedy; Graph; Sorting; Heap (Priority Queue),2022-05-22,train,False,0,,,,,,,0,https://leetcode.com/problems/maximum-total-importance-of-roads
2287,rearrange-characters-to-make-target-string,Easy,Hash Table; String; Counting,2022-05-29,train,False,0,,,,,,,0,https://leetcode.com/problems/rearrange-characters-to-make-target-string
2288,apply-discount-to-prices,Medium,String,2022-05-29,train,False,0,,,,,,,0,https://leetcode.com/problems/apply-discount-to-prices
2289,steps-to-make-array-non-decreasing,Medium,Stack; Array; Linked List; Monotonic Stack,2022-05-29,train,False,0,,,,,,,0,https://leetcode.com/problems/steps-to-make-array-non-decreasing
2290,minimum-obstacle-removal-to-reach-corner,Hard,Breadth-First Search; Graph; Array; Matrix; Shortest Path; Heap (Priority Queue),2022-05-29,train,False,0,,,,,,,0,https://leetcode.com/problems/minimum-obstacle-removal-to-reach-corner
2291,maximum-profit-from-trading-stocks,Medium,Array; Dynamic Programming,2022-05-29,train,False,0,,,,,,,0,https://leetcode.com/problems/maximum-profit-from-trading-stocks
2293,min-max-game,Easy,Array; Simulation,2022-06-05,train,False,0,,,,,,,0,https://leetcode.com/problems/min-max-game
2294,partition-array-such-that-maximum-difference-is-k,Medium,Greedy; Array; Sorting,2022-06-05,train,False,0,,,,,,,0,https://leetcode.com/problems/partition-array-such-that-maximum-difference-is-k
2295,replace-elements-in-an-array,Medium,Array; Hash Table; Simulation,2022-06-05,train,False,0,,,,,,,0,https://leetcode.com/problems/replace-elements-in-an-array
2297,jump-game-viii,Medium,Stack; Graph; Array; Dynamic Programming; Shortest Path; Monotonic Stack,2022-06-05,train,False,0,,,,,,,0,https://leetcode.com/problems/jump-game-viii
2299,strong-password-checker-ii,Easy,String,2022-06-05,train,False,0,,,,,,,0,https://leetcode.com/problems/strong-password-checker-ii
2300,successful-pairs-of-spells-and-potions,Medium,Array; Two Pointers; Binary Search; Sorting,2022-06-05,train,False,0,,,,,,,0,https://leetcode.com/problems/successful-pairs-of-spells-and-potions
2301,match-substring-after-replacement,Hard,Array; Hash Table; String; String Matching,2022-06-05,train,False,0,,,,,,,0,https://leetcode.com/problems/match-substring-after-replacement
2302,count-subarrays-with-score-less-than-k,Hard,Array; Binary Search; Prefix Sum; Sliding Window,2022-06-05,train,False,0,,,,,,,0,https://leetcode.com/problems/count-subarrays-with-score-less-than-k
2303,calculate-amount-paid-in-taxes,Easy,Array; Simulation,2022-06-12,train,False,0,,,,,,,0,https://leetcode.com/problems/calculate-amount-paid-in-taxes
2304,minimum-path-cost-in-a-grid,Medium,Array; Dynamic Programming; Matrix,2022-06-12,train,False,0,,,,,,,0,https://leetcode.com/problems/minimum-path-cost-in-a-grid
2305,fair-distribution-of-cookies,Medium,Bit Manipulation; Array; Dynamic Programming; Backtracking; Bitmask,2022-06-12,train,False,0,,,,,,,0,https://leetcode.com/problems/fair-distribution-of-cookies
2306,naming-a-company,Hard,Bit Manipulation; Array; Hash Table; String; Enumeration,2022-06-12,train,False,0,,,,,,,0,https://leetcode.com/problems/naming-a-company
2307,check-for-contradictions-in-equations,Hard,Depth-First Search; Union Find; Graph; Array,2022-06-12,train,False,0,,,,,,,0,https://leetcode.com/problems/check-for-contradictions-in-equations
2309,greatest-english-letter-in-upper-and-lower-case,Easy,Hash Table; String; Enumeration,2022-06-19,train,False,0,,,,,,,0,https://leetcode.com/problems/greatest-english-letter-in-upper-and-lower-case
2310,sum-of-numbers-with-units-digit-k,Medium,Greedy; Math; Dynamic Programming; Enumeration,2022-06-19,train,False,0,,,,,,,0,https://leetcode.com/problems/sum-of-numbers-with-units-digit-k
2311,longest-binary-subsequence-less-than-or-equal-to-k,Medium,Greedy; Memoization; String; Dynamic Programming,2022-06-19,train,False,0,,,,,,,0,https://leetcode.com/problems/longest-binary-subsequence-less-than-or-equal-to-k
2312,selling-pieces-of-wood,Hard,Memoization; Array; Dynamic Programming,2022-06-19,train,False,0,,,,,,,0,https://leetcode.com/problems/selling-pieces-of-wood
2315,count-asterisks,Easy,String,2022-06-19,train,False,0,,,,,,,0,https://leetcode.com/problems/count-asterisks
2316,count-unreachable-pairs-of-nodes-in-an-undirected-graph,Medium,Depth-First Search; Breadth-First Search; Union Find; Graph,2022-06-19,train,False,0,,,,,,,0,https://leetcode.com/problems/count-unreachable-pairs-of-nodes-in-an-undirected-graph
2317,maximum-xor-after-operations,Medium,Bit Manipulation; Array; Math,2022-06-19,train,False,0,,,,,,,0,https://leetcode.com/problems/maximum-xor-after-operations
2318,number-of-distinct-roll-sequences,Hard,Memoization; Dynamic Programming,2022-06-19,train,False,0,,,,,,,0,https://leetcode.com/problems/number-of-distinct-roll-sequences
2319,check-if-matrix-is-x-matrix,Easy,Array; Matrix,2022-06-26,train,False,0,,,,,,,0,https://leetcode.com/problems/check-if-matrix-is-x-matrix
2320,count-number-of-ways-to-place-houses,Medium,Dynamic Programming,2022-06-26,train,False,0,,,,,,,0,https://leetcode.com/problems/count-number-of-ways-to-place-houses
2321,maximum-score-of-spliced-array,Hard,Array; Dynamic Programming,2022-06-26,train,False,0,,,,,,,0,https://leetcode.com/problems/maximum-score-of-spliced-array
2322,minimum-score-after-removals-on-a-tree,Hard,Bit Manipulation; Tree; Depth-First Search; Array,2022-06-26,train,False,0,,,,,,,0,https://leetcode.com/problems/minimum-score-after-removals-on-a-tree
2323,find-minimum-time-to-finish-all-jobs-ii,Medium,Greedy; Array; Sorting,2022-06-26,train,False,0,,,,,,,0,https://leetcode.com/problems/find-minimum-time-to-finish-all-jobs-ii
2325,decode-the-message,Easy,Hash Table; String,2022-07-03,train,False,0,,,,,,,0,https://leetcode.com/problems/decode-the-message
2326,spiral-matrix-iv,Medium,Array; Linked List; Matrix; Simulation,2022-07-03,train,False,0,,,,,,,0,https://leetcode.com/problems/spiral-matrix-iv
2327,number-of-people-aware-of-a-secret,Medium,Queue; Dynamic Programming; Simulation,2022-07-03,train,False,0,,,,,,,0,https://leetcode.com/problems/number-of-people-aware-of-a-secret
2328,number-of-increasing-paths-in-a-grid,Hard,Depth-First Search; Breadth-First Search; Graph; Topological Sort; Memoization; Array; Dynamic Programming; Matrix,2022-07-03,train,False,0,,,,,,,0,https://leetcode.com/problems/number-of-increasing-paths-in-a-grid
2330,valid-palindrome-iv,Medium,Two Pointers; String,2022-07-03,train,False,0,,,,,,,0,https://leetcode.com/problems/valid-palindrome-iv
2331,evaluate-boolean-binary-tree,Easy,Tree; Depth-First Search; Binary Tree,2022-07-03,train,False,0,,,,,,,0,https://leetcode.com/problems/evaluate-boolean-binary-tree
2332,the-latest-time-to-catch-a-bus,Medium,Array; Two Pointers; Binary Search; Sorting,2022-07-03,train,False,0,,,,,,,0,https://leetcode.com/problems/the-latest-time-to-catch-a-bus
2333,minimum-sum-of-squared-difference,Medium,Greedy; Array; Binary Search; Sorting; Heap (Priority Queue),2022-07-03,train,False,0,,,,,,,0,https://leetcode.com/problems/minimum-sum-of-squared-difference
2334,subarray-with-elements-greater-than-varying-threshold,Hard,Stack; Union Find; Array; Monotonic Stack,2022-07-03,train,False,0,,,,,,,0,https://leetcode.com/problems/subarray-with-elements-greater-than-varying-threshold
2335,minimum-amount-of-time-to-fill-cups,Easy,Greedy; Array; Sorting; Heap (Priority Queue),2022-07-10,train,False,0,,,,,,,0,https://leetcode.com/problems/minimum-amount-of-time-to-fill-cups
2337,move-pieces-to-obtain-a-string,Medium,Two Pointers; String,2022-07-10,train,False,0,,,,,,,0,https://leetcode.com/problems/move-pieces-to-obtain-a-string
2338,count-the-number-of-ideal-arrays,Hard,Math; Dynamic Programming; Combinatorics; Number Theory,2022-07-10,train,False,0,,,,,,,0,https://leetcode.com/problems/count-the-number-of-ideal-arrays
2340,minimum-adjacent-swaps-to-make-a-valid-array,Medium,Greedy; Array,2022-07-10,train,False,0,,,,,,,0,https://leetcode.com/problems/minimum-adjacent-swaps-to-make-a-valid-array
2341,maximum-number-of-pairs-in-array,Easy,Array; Hash Table; Counting,2022-07-17,train,False,0,,,,,,,0,https://leetcode.com/problems/maximum-number-of-pairs-in-array
2342,max-sum-of-a-pair-with-equal-sum-of-digits,Medium,Array; Hash Table; Sorting; Heap (Priority Queue),2022-07-17,train,False,0,,,,,,,0,https://leetcode.com/problems/max-sum-of-a-pair-with-equal-sum-of-digits
2343,query-kth-smallest-trimmed-number,Medium,Array; String; Divide and Conquer; Quickselect; Radix Sort; Sorting; Heap (Priority Queue),2022-07-17,train,False,0,,,,,,,0,https://leetcode.com/problems/query-kth-smallest-trimmed-number
2344,minimum-deletions-to-make-array-divisible,Hard,Array; Math; Number Theory; Sorting; Heap (Priority Queue),2022-07-17,train,False,0,,,,,,,0,https://leetcode.com/problems/minimum-deletions-to-make-array-divisible
2345,finding-the-number-of-visible-mountains,Medium,Stack; Array; Sorting; Monotonic Stack,2022-07-17,train,False,0,,,,,,,0,https://leetcode.com/problems/finding-the-number-of-visible-mountains
2347,best-poker-hand,Easy,Array; Hash Table; Counting,2022-07-17,train,False,0,,,,,,,0,https://leetcode.com/problems/best-poker-hand
2348,number-of-zero-filled-subarrays,Medium,Array; Math,2022-07-17,train,False,0,,,,,,,0,https://leetcode.com/problems/number-of-zero-filled-subarrays
2350,shortest-impossible-sequence-of-rolls,Hard,Greedy; Array; Hash Table,2022-07-17,train,False,0,,,,,,,0,https://leetcode.com/problems/shortest-impossible-sequence-of-rolls
2351,first-letter-to-appear-twice,Easy,Bit Manipulation; Hash Table; String; Counting,2022-07-24,train,False,0,,,,,,,0,https://leetcode.com/problems/first-letter-to-appear-twice
2352,equal-row-and-column-pairs,Medium,Array; Hash Table; Matrix; Simulation,2022-07-24,train,False,0,,,,,,,0,https://leetcode.com/problems/equal-row-and-column-pairs
2354,number-of-excellent-pairs,Hard,Bit Manipulation; Array; Hash Table; Binary Search,2022-07-24,train,False,0,,,,,,,0,https://leetcode.com/problems/number-of-excellent-pairs
2355,maximum-number-of-books-you-can-take,Hard,Stack; Array; Dynamic Programming; Monotonic Stack,2022-07-24,train,False,0,,,,,,,0,https://leetcode.com/problems/maximum-number-of-books-you-can-take
2357,make-array-zero-by-subtracting-equal-amounts,Easy,Greedy; Array; Hash Table; Sorting; Simulation; Heap (Priority Queue),2022-07-31,train,False,0,,,,,,,0,https://leetcode.com/problems/make-array-zero-by-subtracting-equal-amounts
2358,maximum-number-of-groups-entering-a-competition,Medium,Greedy; Array; Math; Binary Search,2022-07-31,train,False,0,,,,,,,0,https://leetcode.com/problems/maximum-number-of-groups-entering-a-competition
2359,find-closest-node-to-given-two-nodes,Medium,Depth-First Search; Graph,2022-07-31,train,False,0,,,,,,,0,https://leetcode.com/problems/find-closest-node-to-given-two-nodes
2360,longest-cycle-in-a-graph,Hard,Depth-First Search; Breadth-First Search; Graph; Topological Sort,2022-07-31,train,False,0,,,,,,,0,https://leetcode.com/problems/longest-cycle-in-a-graph
2361,minimum-costs-using-the-train-line,Hard,Array; Dynamic Programming,2022-07-31,train,False,0,,,,,,,0,https://leetcode.com/problems/minimum-costs-using-the-train-line
2363,merge-similar-items,Easy,Array; Hash Table; Ordered Set; Sorting,2022-07-31,train,False,0,,,,,,,0,https://leetcode.com/problems/merge-similar-items
2364,count-number-of-bad-pairs,Medium,Array; Hash Table; Math; Counting,2022-07-31,train,False,0,,,,,,,0,https://leetcode.com/problems/count-number-of-bad-pairs
2365,task-scheduler-ii,Medium,Array; Hash Table; Simulation,2022-07-31,train,False,0,,,,,,,0,https://leetcode.com/problems/task-scheduler-ii
2366,minimum-replacements-to-sort-the-array,Hard,Greedy; Array; Math,2022-07-31,train,False,0,,,,,,,0,https://leetcode.com/problems/minimum-replacements-to-sort-the-array
2367,number-of-arithmetic-triplets,Easy,Array; Hash Table; Two Pointers; Enumeration,2022-08-07,train,False,0,,,,,,,0,https://leetcode.com/problems/number-of-arithmetic-triplets
2368,reachable-nodes-with-restrictions,Medium,Tree; Depth-First Search; Breadth-First Search; Union Find; Graph; Array; Hash Table,2022-08-07,train,False,0,,,,,,,0,https://leetcode.com/problems/reachable-nodes-with-restrictions
2369,check-if-there-is-a-valid-partition-for-the-array,Medium,Array; Dynamic Programming,2022-08-07,train,False,0,,,,,,,0,https://leetcode.com/problems/check-if-there-is-a-valid-partition-for-the-array
2370,longest-ideal-subsequence,Medium,Hash Table; String; Dynamic Programming,2022-08-07,train,False,0,,,,,,,0,https://leetcode.com/problems/longest-ideal-subsequence
2371,minimize-maximum-value-in-a-grid,Hard,Union Find; Graph; Topological Sort; Array; Matrix; Sorting,2022-08-07,train,False,0,,,,,,,0,https://leetcode.com/problems/minimize-maximum-value-in-a-grid
2373,largest-local-values-in-a-matrix,Easy,Array; Matrix,2022-08-14,train,False,0,,,,,,,0,https://leetcode.com/problems/largest-local-values-in-a-matrix
2374,node-with-highest-edge-score,Medium,Graph; Hash Table,2022-08-14,train,False,0,,,,,,,0,https://leetcode.com/problems/node-with-highest-edge-score
2375,construct-smallest-number-from-di-string,Medium,Stack; Greedy; String; Backtracking,2022-08-14,train,False,0,,,,,,,0,https://leetcode.com/problems/construct-smallest-number-from-di-string
2376,count-special-integers,Hard,Math; Dynamic Programming,2022-08-14,train,False,0,,,,,,,0,https://leetcode.com/problems/count-special-integers
2378,choose-edges-to-maximize-score-in-a-tree,Medium,Tree; Depth-First Search; Dynamic Programming,2022-08-14,train,False,0,,,,,,,0,https://leetcode.com/problems/choose-edges-to-maximize-score-in-a-tree
2379,minimum-recolors-to-get-k-consecutive-black-blocks,Easy,String; Sliding Window,2022-08-14,train,False,0,,,,,,,0,https://leetcode.com/problems/minimum-recolors-to-get-k-consecutive-black-blocks
2380,time-needed-to-rearrange-a-binary-string,Medium,String; Dynamic Programming; Simulation,2022-08-14,train,False,0,,,,,,,0,https://leetcode.com/problems/time-needed-to-rearrange-a-binary-string
2381,shifting-letters-ii,Medium,Array; String; Prefix Sum,2022-08-14,train,False,0,,,,,,,0,https://leetcode.com/problems/shifting-letters-ii
2382,maximum-segment-sum-after-removals,Hard,Union Find; Array; Ordered Set; Prefix Sum,2022-08-14,train,False,0,,,,,,,0,https://leetcode.com/problems/maximum-segment-sum-after-removals
2383,minimum-hours-of-training-to-win-a-competition,Easy,Greedy; Array,2022-08-21,train,False,0,,,,,,,0,https://leetcode.com/problems/minimum-hours-of-training-to-win-a-competition
2384,largest-palindromic-number,Medium,Greedy; Hash Table; String; Counting,2022-08-21,train,False,0,,,,,,,0,https://leetcode.com/problems/largest-palindromic-number
2385,amount-of-time-for-binary-tree-to-be-infected,Medium,Tree; Depth-First Search; Breadth-First Search; Hash Table; Binary Tree,2022-08-21,train,False,0,,,,,,,0,https://leetcode.com/problems/amount-of-time-for-binary-tree-to-be-infected
2386,find-the-k-sum-of-an-array,Hard,Array; Sorting; Heap (Priority Queue),2022-08-21,train,False,0,,,,,,,0,https://leetcode.com/problems/find-the-k-sum-of-an-array
2387,median-of-a-row-wise-sorted-matrix,Medium,Array; Binary Search; Matrix,2022-08-21,train,False,0,,,,,,,0,https://leetcode.com/problems/median-of-a-row-wise-sorted-matrix
2389,longest-subsequence-with-limited-sum,Easy,Greedy; Array; Binary Search; Prefix Sum; Sorting,2022-08-28,train,False,0,,,,,,,0,https://leetcode.com/problems/longest-subsequence-with-limited-sum
2390,removing-stars-from-a-string,Medium,Stack; String; Simulation,2022-08-28,train,False,0,,,,,,,0,https://leetcode.com/problems/removing-stars-from-a-string
2391,minimum-amount-of-time-to-collect-garbage,Medium,Array; String; Prefix Sum,2022-08-28,train,False,0,,,,,,,0,https://leetcode.com/problems/minimum-amount-of-time-to-collect-garbage
2392,build-a-matrix-with-conditions,Hard,Graph; Topological Sort; Array; Matrix,2022-08-28,train,False,0,,,,,,,0,https://leetcode.com/problems/build-a-matrix-with-conditions
2393,count-strictly-increasing-subarrays,Medium,Array; Math; Dynamic Programming,2022-08-28,train,False,0,,,,,,,0,https://leetcode.com/problems/count-strictly-increasing-subarrays
2395,find-subarrays-with-equal-sum,Easy,Array; Hash Table,2022-08-28,train,False,0,,,,,,,0,https://leetcode.com/problems/find-subarrays-with-equal-sum
2396,strictly-palindromic-number,Medium,Brainteaser; Math; Two Pointers,2022-08-28,train,False,0,,,,,,,0,https://leetcode.com/problems/strictly-palindromic-number
2397,maximum-rows-covered-by-columns,Medium,Bit Manipulation; Array; Backtracking; Enumeration; Matrix,2022-08-28,train,False,0,,,,,,,0,https://leetcode.com/problems/maximum-rows-covered-by-columns
2398,maximum-number-of-robots-within-budget,Hard,Queue; Array; Binary Search; Prefix Sum; Sliding Window; Monotonic Queue; Heap (Priority Queue),2022-08-28,train,False,0,,,,,,,0,https://leetcode.com/problems/maximum-number-of-robots-within-budget
2399,check-distances-between-same-letters,Easy,Array; Hash Table; String,2022-09-04,train,False,0,,,,,,,0,https://leetcode.com/problems/check-distances-between-same-letters
2400,number-of-ways-to-reach-a-position-after-exactly-k-steps,Medium,Math; Dynamic Programming; Combinatorics,2022-09-04,train,False,0,,,,,,,0,https://leetcode.com/problems/number-of-ways-to-reach-a-position-after-exactly-k-steps
2401,longest-nice-subarray,Medium,Bit Manipulation; Array; Sliding Window,2022-09-04,train,False,0,,,,,,,0,https://leetcode.com/problems/longest-nice-subarray
2402,meeting-rooms-iii,Hard,Array; Hash Table; Sorting; Simulation; Heap (Priority Queue),2022-09-04,train,False,0,,,,,,,0,https://leetcode.com/problems/meeting-rooms-iii
2403,minimum-time-to-kill-all-monsters,Hard,Bit Manipulation; Array; Dynamic Programming; Bitmask,2022-09-04,train,False,0,,,,,,,0,https://leetcode.com/problems/minimum-time-to-kill-all-monsters
2404,most-frequent-even-element,Easy,Array; Hash Table; Counting,2022-09-11,train,False,0,,,,,,,0,https://leetcode.com/problems/most-frequent-even-element
2405,optimal-partition-of-string,Medium,Greedy; Hash Table; String,2022-09-11,train,False,0,,,,,,,0,https://leetcode.com/problems/optimal-partition-of-string
2406,divide-intervals-into-minimum-number-of-groups,Medium,Greedy; Array; Two Pointers; Prefix Sum; Sorting; Heap (Priority Queue),2022-09-11,train,False,0,,,,,,,0,https://leetcode.com/problems/divide-intervals-into-minimum-number-of-groups
2407,longest-increasing-subsequence-ii,Hard,Binary Indexed Tree; Segment Tree; Queue; Array; Divide and Conquer; Dynamic Programming; Monotonic Queue,2022-09-11,train,False,0,,,,,,,0,https://leetcode.com/problems/longest-increasing-subsequence-ii
2409,count-days-spent-together,Easy,Math; String,2022-09-11,train,False,0,,,,,,,0,https://leetcode.com/problems/count-days-spent-together
2410,maximum-matching-of-players-with-trainers,Medium,Greedy; Array; Two Pointers; Sorting,2022-09-11,train,False,0,,,,,,,0,https://leetcode.com/problems/maximum-matching-of-players-with-trainers
2411,smallest-subarrays-with-maximum-bitwise-or,Medium,Bit Manipulation; Array; Binary Search; Sliding Window,2022-09-11,train,False,0,,,,,,,0,https://leetcode.com/problems/smallest-subarrays-with-maximum-bitwise-or
2412,minimum-money-required-before-transactions,Hard,Greedy; Array; Sorting,2022-09-11,train,False,0,,,,,,,0,https://leetcode.com/problems/minimum-money-required-before-transactions
2413,smallest-even-multiple,Easy,Math; Number Theory,2022-09-18,train,False,0,,,,,,,0,https://leetcode.com/problems/smallest-even-multiple
2414,length-of-the-longest-alphabetical-continuous-substring,Medium,String,2022-09-18,train,False,0,,,,,,,0,https://leetcode.com/problems/length-of-the-longest-alphabetical-continuous-substring
2415,reverse-odd-levels-of-binary-tree,Medium,Tree; Depth-First Search; Breadth-First Search; Binary Tree,2022-09-18,train,False,0,,,,,,,0,https://leetcode.com/problems/reverse-odd-levels-of-binary-tree
2416,sum-of-prefix-scores-of-strings,Hard,Trie; Array; String; Counting,2022-09-18,train,False,0,,,,,,,0,https://leetcode.com/problems/sum-of-prefix-scores-of-strings
2417,closest-fair-integer,Medium,Math; Enumeration,2022-09-18,train,False,0,,,,,,,0,https://leetcode.com/problems/closest-fair-integer
2418,sort-the-people,Easy,Array; Hash Table; String; Sorting,2022-09-25,train,False,0,,,,,,,0,https://leetcode.com/problems/sort-the-people
2419,longest-subarray-with-maximum-bitwise-and,Medium,Bit Manipulation; Brainteaser; Array,2022-09-25,train,False,0,,,,,,,0,https://leetcode.com/problems/longest-subarray-with-maximum-bitwise-and
2420,find-all-good-indices,Medium,Array; Dynamic Programming; Prefix Sum,2022-09-25,train,False,0,,,,,,,0,https://leetcode.com/problems/find-all-good-indices
2421,number-of-good-paths,Hard,Tree; Union Find; Graph; Array; Hash Table; Sorting,2022-09-25,train,False,0,,,,,,,0,https://leetcode.com/problems/number-of-good-paths
2422,merge-operations-to-turn-array-into-a-palindrome,Medium,Greedy; Array; Two Pointers,2022-09-25,train,False,0,,,,,,,0,https://leetcode.com/problems/merge-operations-to-turn-array-into-a-palindrome
2423,remove-letter-to-equalize-frequency,Easy,Hash Table; String; Counting,2022-09-25,train,False,0,,,,,,,0,https://leetcode.com/problems/remove-letter-to-equalize-frequency
2425,bitwise-xor-of-all-pairings,Medium,Bit Manipulation; Brainteaser; Array,2022-09-25,train,False,0,,,,,,,0,https://leetcode.com/problems/bitwise-xor-of-all-pairings
2426,number-of-pairs-satisfying-inequality,Hard,Binary Indexed Tree; Segment Tree; Array; Binary Search; Divide and Conquer; Ordered Set; Merge Sort,2022-09-25,train,False,0,,,,,,,0,https://leetcode.com/problems/number-of-pairs-satisfying-inequality
2427,number-of-common-factors,Easy,Math; Enumeration; Number Theory,2022-10-02,train,False,0,,,,,,,0,https://leetcode.com/problems/number-of-common-factors
2428,maximum-sum-of-an-hourglass,Medium,Array; Matrix; Prefix Sum,2022-10-02,train,False,0,,,,,,,0,https://leetcode.com/problems/maximum-sum-of-an-hourglass
2429,minimize-xor,Medium,Greedy; Bit Manipulation,2022-10-02,train,False,0,,,,,,,0,https://leetcode.com/problems/minimize-xor
2430,maximum-deletions-on-a-string,Hard,String; Dynamic Programming; String Matching; Hash Function; Rolling Hash,2022-10-02,train,False,0,,,,,,,0,https://leetcode.com/problems/maximum-deletions-on-a-string
2431,maximize-total-tastiness-of-purchased-fruits,Medium,Array; Dynamic Programming,2022-10-02,train,False,0,,,,,,,0,https://leetcode.com/problems/maximize-total-tastiness-of-purchased-fruits
2432,the-employee-that-worked-on-the-longest-task,Easy,Array,2022-10-09,train,False,0,,,,,,,0,https://leetcode.com/problems/the-employee-that-worked-on-the-longest-task
2433,find-the-original-array-of-prefix-xor,Medium,Bit Manipulation; Array,2022-10-09,train,False,0,,,,,,,0,https://leetcode.com/problems/find-the-original-array-of-prefix-xor
2434,using-a-robot-to-print-the-lexicographically-smallest-string,Medium,Stack; Greedy; Hash Table; String,2022-10-09,train,False,0,,,,,,,0,https://leetcode.com/problems/using-a-robot-to-print-the-lexicographically-smallest-string
2435,paths-in-matrix-whose-sum-is-divisible-by-k,Hard,Array; Dynamic Programming; Matrix,2022-10-09,train,False,0,,,,,,,0,https://leetcode.com/problems/paths-in-matrix-whose-sum-is-divisible-by-k
2436,minimum-split-into-subarrays-with-gcd-greater-than-one,Medium,Greedy; Array; Math; Dynamic Programming; Number Theory,2022-10-09,train,False,0,,,,,,,0,https://leetcode.com/problems/minimum-split-into-subarrays-with-gcd-greater-than-one
2437,number-of-valid-clock-times,Easy,String; Enumeration,2022-10-09,train,False,0,,,,,,,0,https://leetcode.com/problems/number-of-valid-clock-times
2438,range-product-queries-of-powers,Medium,Bit Manipulation; Array; Prefix Sum,2022-10-09,train,False,0,,,,,,,0,https://leetcode.com/problems/range-product-queries-of-powers
2439,minimize-maximum-of-array,Medium,Greedy; Array; Binary Search; Dynamic Programming; Prefix Sum,2022-10-09,train,False,0,,,,,,,0,https://leetcode.com/problems/minimize-maximum-of-array
2440,create-components-with-same-value,Hard,Tree; Depth-First Search; Array; Math; Enumeration,2022-10-09,train,False,0,,,,,,,0,https://leetcode.com/problems/create-components-with-same-value
2441,largest-positive-integer-that-exists-with-its-negative,Easy,Array; Hash Table; Two Pointers; Sorting,2022-10-16,train,False,0,,,,,,,0,https://leetcode.com/problems/largest-positive-integer-that-exists-with-its-negative
2442,count-number-of-distinct-integers-after-reverse-operations,Medium,Array; Hash Table; Math; Counting,2022-10-16,train,False,0,,,,,,,0,https://leetcode.com/problems/count-number-of-distinct-integers-after-reverse-operations
2443,sum-of-number-and-its-reverse,Medium,Math; Enumeration,2022-10-16,train,False,0,,,,,,,0,https://leetcode.com/problems/sum-of-number-and-its-reverse
2444,count-subarrays-with-fixed-bounds,Hard,Queue; Array; Sliding Window; Monotonic Queue,2022-10-16,train,False,0,,,,,,,0,https://leetcode.com/problems/count-subarrays-with-fixed-bounds
2445,number-of-nodes-with-value-one,Medium,Tree; Depth-First Search; Breadth-First Search; Binary Tree,2022-10-16,train,False,0,,,,,,,0,https://leetcode.com/problems/number-of-nodes-with-value-one
2446,determine-if-two-events-have-conflict,Easy,Array; String,2022-10-23,train,False,0,,,,,,,0,https://leetcode.com/problems/determine-if-two-events-have-conflict
2447,number-of-subarrays-with-gcd-equal-to-k,Medium,Array; Math; Number Theory,2022-10-23,train,False,0,,,,,,,0,https://leetcode.com/problems/number-of-subarrays-with-gcd-equal-to-k
2448,minimum-cost-to-make-array-equal,Hard,Greedy; Array; Binary Search; Prefix Sum; Sorting,2022-10-23,train,False,0,,,,,,,0,https://leetcode.com/problems/minimum-cost-to-make-array-equal
2449,minimum-number-of-operations-to-make-arrays-similar,Hard,Greedy; Array; Sorting,2022-10-23,train,False,0,,,,,,,0,https://leetcode.com/problems/minimum-number-of-operations-to-make-arrays-similar
2450,number-of-distinct-binary-strings-after-applying-operations,Medium,Math; String,2022-10-23,train,False,0,,,,,,,0,https://leetcode.com/problems/number-of-distinct-binary-strings-after-applying-operations
2451,odd-string-difference,Easy,Array; Hash Table; String,2022-10-23,train,False,0,,,,,,,0,https://leetcode.com/problems/odd-string-difference
2452,words-within-two-edits-of-dictionary,Medium,Trie; Array; String,2022-10-23,train,False,0,,,,,,,0,https://leetcode.com/problems/words-within-two-edits-of-dictionary
2453,destroy-sequential-targets,Medium,Array; Hash Table; Counting,2022-10-23,train,False,0,,,,,,,0,https://leetcode.com/problems/destroy-sequential-targets
2454,next-greater-element-iv,Hard,Stack; Array; Binary Search; Sorting; Monotonic Stack; Heap (Priority Queue),2022-10-23,train,False,0,,,,,,,0,https://leetcode.com/problems/next-greater-element-iv
2455,average-value-of-even-numbers-that-are-divisible-by-three,Easy,Array; Math,2022-10-30,train,False,0,,,,,,,0,https://leetcode.com/problems/average-value-of-even-numbers-that-are-divisible-by-three
2456,most-popular-video-creator,Medium,Array; Hash Table; String; Sorting; Heap (Priority Queue),2022-10-30,train,False,0,,,,,,,0,https://leetcode.com/problems/most-popular-video-creator
2457,minimum-addition-to-make-integer-beautiful,Medium,Greedy; Math,2022-10-30,train,False,0,,,,,,,0,https://leetcode.com/problems/minimum-addition-to-make-integer-beautiful
2458,height-of-binary-tree-after-subtree-removal-queries,Hard,Tree; Depth-First Search; Breadth-First Search; Array; Binary Tree,2022-10-30,train,False,0,,,,,,,0,https://leetcode.com/problems/height-of-binary-tree-after-subtree-removal-queries
2459,sort-array-by-moving-items-to-empty-space,Hard,Greedy; Array; Sorting,2022-10-30,train,False,0,,,,,,,0,https://leetcode.com/problems/sort-array-by-moving-items-to-empty-space
2460,apply-operations-to-an-array,Easy,Array; Two Pointers; Simulation,2022-11-06,train,False,0,,,,,,,0,https://leetcode.com/problems/apply-operations-to-an-array
2461,maximum-sum-of-distinct-subarrays-with-length-k,Medium,Array; Hash Table; Sliding Window,2022-11-06,train,False,0,,,,,,,0,https://leetcode.com/problems/maximum-sum-of-distinct-subarrays-with-length-k
2462,total-cost-to-hire-k-workers,Medium,Array; Two Pointers; Simulation; Heap (Priority Queue),2022-11-06,train,False,0,,,,,,,0,https://leetcode.com/problems/total-cost-to-hire-k-workers
2463,minimum-total-distance-traveled,Hard,Array; Dynamic Programming; Sorting,2022-11-06,train,False,0,,,,,,,0,https://leetcode.com/problems/minimum-total-distance-traveled
2464,minimum-subarrays-in-a-valid-split,Medium,Array; Math; Dynamic Programming; Number Theory,2022-11-06,train,False,0,,,,,,,0,https://leetcode.com/problems/minimum-subarrays-in-a-valid-split
2465,number-of-distinct-averages,Easy,Array; Hash Table; Two Pointers; Sorting,2022-11-06,train,False,0,,,,,,,0,https://leetcode.com/problems/number-of-distinct-averages
2466,count-ways-to-build-good-strings,Medium,Dynamic Programming,2022-11-06,train,False,0,,,,,,,0,https://leetcode.com/problems/count-ways-to-build-good-strings
2467,most-profitable-path-in-a-tree,Medium,Tree; Depth-First Search; Breadth-First Search; Graph; Array,2022-11-06,train,False,0,,,,,,,0,https://leetcode.com/problems/most-profitable-path-in-a-tree
2468,split-message-based-on-limit,Hard,String; Binary Search; Enumeration,2022-11-06,train,False,0,,,,,,,0,https://leetcode.com/problems/split-message-based-on-limit
2469,convert-the-temperature,Easy,Math,2022-11-13,train,False,0,,,,,,,0,https://leetcode.com/problems/convert-the-temperature
2470,number-of-subarrays-with-lcm-equal-to-k,Medium,Array; Math; Number Theory,2022-11-13,train,False,0,,,,,,,0,https://leetcode.com/problems/number-of-subarrays-with-lcm-equal-to-k
2471,minimum-number-of-operations-to-sort-a-binary-tree-by-level,Medium,Tree; Breadth-First Search; Binary Tree,2022-11-13,train,False,0,,,,,,,0,https://leetcode.com/problems/minimum-number-of-operations-to-sort-a-binary-tree-by-level
2472,maximum-number-of-non-overlapping-palindrome-substrings,Hard,Greedy; Two Pointers; String; Dynamic Programming,2022-11-13,train,False,0,,,,,,,0,https://leetcode.com/problems/maximum-number-of-non-overlapping-palindrome-substrings
2473,minimum-cost-to-buy-apples,Medium,Graph; Array; Shortest Path; Heap (Priority Queue),2022-11-13,train,False,0,,,,,,,0,https://leetcode.com/problems/minimum-cost-to-buy-apples
2475,number-of-unequal-triplets-in-array,Easy,Array; Hash Table; Sorting,2022-11-20,train,False,0,,,,,,,0,https://leetcode.com/problems/number-of-unequal-triplets-in-array
2476,closest-nodes-queries-in-a-binary-search-tree,Medium,Tree; Depth-First Search; Binary Search Tree; Array; Binary Search; Binary Tree,2022-11-20,train,False,0,,,,,,,0,https://leetcode.com/problems/closest-nodes-queries-in-a-binary-search-tree
2477,minimum-fuel-cost-to-report-to-the-capital,Medium,Tree; Depth-First Search; Breadth-First Search; Graph,2022-11-20,train,False,0,,,,,,,0,https://leetcode.com/problems/minimum-fuel-cost-to-report-to-the-capital
2478,number-of-beautiful-partitions,Hard,String; Dynamic Programming,2022-11-20,train,False,0,,,,,,,0,https://leetcode.com/problems/number-of-beautiful-partitions
2479,maximum-xor-of-two-non-overlapping-subtrees,Hard,Tree; Depth-First Search; Graph; Trie,2022-11-20,train,False,0,,,,,,,0,https://leetcode.com/problems/maximum-xor-of-two-non-overlapping-subtrees
2481,minimum-cuts-to-divide-a-circle,Easy,Geometry; Math,2022-11-20,train,False,0,,,,,,,0,https://leetcode.com/problems/minimum-cuts-to-divide-a-circle
2482,difference-between-ones-and-zeros-in-row-and-column,Medium,Array; Matrix; Simulation,2022-11-20,train,False,0,,,,,,,0,https://leetcode.com/problems/difference-between-ones-and-zeros-in-row-and-column
2483,minimum-penalty-for-a-shop,Medium,String; Prefix Sum,2022-11-20,train,False,0,,,,,,,0,https://leetcode.com/problems/minimum-penalty-for-a-shop
2484,count-palindromic-subsequences,Hard,String; Dynamic Programming,2022-11-20,train,False,0,,,,,,,0,https://leetcode.com/problems/count-palindromic-subsequences
2485,find-the-pivot-integer,Easy,Math; Prefix Sum,2022-11-27,train,False,0,,,,,,,0,https://leetcode.com/problems/find-the-pivot-integer
2486,append-characters-to-string-to-make-subsequence,Medium,Greedy; Two Pointers; String,2022-11-27,train,False,0,,,,,,,0,https://leetcode.com/problems/append-characters-to-string-to-make-subsequence
2487,remove-nodes-from-linked-list,Medium,Stack; Recursion; Linked List; Monotonic Stack,2022-11-27,train,False,0,,,,,,,0,https://leetcode.com/problems/remove-nodes-from-linked-list
2488,count-subarrays-with-median-k,Hard,Array; Hash Table; Prefix Sum,2022-11-27,train,False,0,,,,,,,0,https://leetcode.com/problems/count-subarrays-with-median-k
2489,number-of-substrings-with-fixed-ratio,Medium,Hash Table; Math; String; Prefix Sum,2022-11-27,train,False,0,,,,,,,0,https://leetcode.com/problems/number-of-substrings-with-fixed-ratio
2490,circular-sentence,Easy,String,2022-12-04,train,False,0,,,,,,,0,https://leetcode.com/problems/circular-sentence
2491,divide-players-into-teams-of-equal-skill,Medium,Array; Hash Table; Two Pointers; Sorting,2022-12-04,train,False,0,,,,,,,0,https://leetcode.com/problems/divide-players-into-teams-of-equal-skill
2492,minimum-score-of-a-path-between-two-cities,Medium,Depth-First Search; Breadth-First Search; Union Find; Graph,2022-12-04,train,False,0,,,,,,,0,https://leetcode.com/problems/minimum-score-of-a-path-between-two-cities
2493,divide-nodes-into-the-maximum-number-of-groups,Hard,Depth-First Search; Breadth-First Search; Union Find; Graph,2022-12-04,train,False,0,,,,,,,0,https://leetcode.com/problems/divide-nodes-into-the-maximum-number-of-groups
2495,number-of-subarrays-having-even-product,Medium,Array; Math; Dynamic Programming,2022-12-04,train,False,0,,,,,,,0,https://leetcode.com/problems/number-of-subarrays-having-even-product
2496,maximum-value-of-a-string-in-an-array,Easy,Array; String,2022-12-04,train,False,0,,,,,,,0,https://leetcode.com/problems/maximum-value-of-a-string-in-an-array
2497,maximum-star-sum-of-a-graph,Medium,Greedy; Graph; Array; Sorting; Heap (Priority Queue),2022-12-04,train,False,0,,,,,,,0,https://leetcode.com/problems/maximum-star-sum-of-a-graph
2498,frog-jump-ii,Medium,Greedy; Array; Binary Search,2022-12-04,train,False,0,,,,,,,0,https://leetcode.com/problems/frog-jump-ii
2499,minimum-total-cost-to-make-arrays-unequal,Hard,Greedy; Array; Hash Table; Counting,2022-12-04,train,False,0,,,,,,,0,https://leetcode.com/problems/minimum-total-cost-to-make-arrays-unequal
2500,delete-greatest-value-in-each-row,Easy,Array; Matrix; Sorting; Simulation; Heap (Priority Queue),2022-12-11,train,False,0,,,,,,,0,https://leetcode.com/problems/delete-greatest-value-in-each-row
2501,longest-square-streak-in-an-array,Medium,Array; Hash Table; Binary Search; Dynamic Programming; Sorting,2022-12-11,train,False,0,,,,,,,0,https://leetcode.com/problems/longest-square-streak-in-an-array
2503,maximum-number-of-points-from-grid-queries,Hard,Breadth-First Search; Union Find; Array; Two Pointers; Matrix; Sorting; Heap (Priority Queue),2022-12-11,train,False,0,,,,,,,0,https://leetcode.com/problems/maximum-number-of-points-from-grid-queries
2505,bitwise-or-of-all-subsequence-sums,Medium,Bit Manipulation; Brainteaser; Array; Math,2022-12-11,train,False,0,,,,,,,0,https://leetcode.com/problems/bitwise-or-of-all-subsequence-sums
2506,count-pairs-of-similar-strings,Easy,Bit Manipulation; Array; Hash Table; String; Counting,2022-12-18,train,False,0,,,,,,,0,https://leetcode.com/problems/count-pairs-of-similar-strings
2507,smallest-value-after-replacing-with-sum-of-prime-factors,Medium,Math; Number Theory; Simulation,2022-12-18,train,False,0,,,,,,,0,https://leetcode.com/problems/smallest-value-after-replacing-with-sum-of-prime-factors
2508,add-edges-to-make-degrees-of-all-nodes-even,Hard,Graph; Hash Table,2022-12-18,train,False,0,,,,,,,0,https://leetcode.com/problems/add-edges-to-make-degrees-of-all-nodes-even
2509,cycle-length-queries-in-a-tree,Hard,Tree; Array; Binary Tree,2022-12-18,train,False,0,,,,,,,0,https://leetcode.com/problems/cycle-length-queries-in-a-tree
2510,check-if-there-is-a-path-with-equal-number-of-0s-and-1s,Medium,Array; Dynamic Programming; Matrix,2022-12-18,train,False,0,,,,,,,0,https://leetcode.com/problems/check-if-there-is-a-path-with-equal-number-of-0s-and-1s
2511,maximum-enemy-forts-that-can-be-captured,Easy,Array; Two Pointers,2022-12-18,train,False,0,,,,,,,0,https://leetcode.com/problems/maximum-enemy-forts-that-can-be-captured
2512,reward-top-k-students,Medium,Array; Hash Table; String; Sorting; Heap (Priority Queue),2022-12-18,train,False,0,,,,,,,0,https://leetcode.com/problems/reward-top-k-students
2513,minimize-the-maximum-of-two-arrays,Medium,Math; Binary Search; Number Theory,2022-12-18,train,False,0,,,,,,,0,https://leetcode.com/problems/minimize-the-maximum-of-two-arrays
2515,shortest-distance-to-target-string-in-a-circular-array,Easy,Array; String,2022-12-25,train,False,0,,,,,,,0,https://leetcode.com/problems/shortest-distance-to-target-string-in-a-circular-array
2516,take-k-of-each-character-from-left-and-right,Medium,Hash Table; String; Sliding Window,2022-12-25,train,False,0,,,,,,,0,https://leetcode.com/problems/take-k-of-each-character-from-left-and-right
2517,maximum-tastiness-of-candy-basket,Medium,Greedy; Array; Binary Search; Sorting,2022-12-25,train,False,0,,,,,,,0,https://leetcode.com/problems/maximum-tastiness-of-candy-basket
2518,number-of-great-partitions,Hard,Array; Dynamic Programming,2022-12-25,train,False,0,,,,,,,0,https://leetcode.com/problems/number-of-great-partitions
2519,count-the-number-of-k-big-indices,Hard,Binary Indexed Tree; Segment Tree; Array; Binary Search; Divide and Conquer; Ordered Set; Merge Sort,2022-12-25,train,False,0,,,,,,,0,https://leetcode.com/problems/count-the-number-of-k-big-indices
2520,count-the-digits-that-divide-a-number,Easy,Math,2023-01-01,train,False,0,,,,,,,0,https://leetcode.com/problems/count-the-digits-that-divide-a-number
2521,distinct-prime-factors-of-product-of-array,Medium,Array; Hash Table; Math; Number Theory,2023-01-01,train,False,0,,,,,,,0,https://leetcode.com/problems/distinct-prime-factors-of-product-of-array
2522,partition-string-into-substrings-with-values-at-most-k,Medium,Greedy; String; Dynamic Programming,2023-01-01,train,False,0,,,,,,,0,https://leetcode.com/problems/partition-string-into-substrings-with-values-at-most-k
2523,closest-prime-numbers-in-range,Medium,Math; Number Theory,2023-01-01,train,False,0,,,,,,,0,https://leetcode.com/problems/closest-prime-numbers-in-range
2525,categorize-box-according-to-criteria,Easy,Math,2023-01-01,train,False,0,,,,,,,0,https://leetcode.com/problems/categorize-box-according-to-criteria
2527,find-xor-beauty-of-array,Medium,Bit Manipulation; Array; Math,2023-01-01,train,False,0,,,,,,,0,https://leetcode.com/problems/find-xor-beauty-of-array
2528,maximize-the-minimum-powered-city,Hard,Greedy; Queue; Array; Binary Search; Prefix Sum; Sliding Window,2023-01-01,train,False,0,,,,,,,0,https://leetcode.com/problems/maximize-the-minimum-powered-city
2529,maximum-count-of-positive-integer-and-negative-integer,Easy,Array; Binary Search; Counting,2023-01-08,train,False,0,,,,,,,0,https://leetcode.com/problems/maximum-count-of-positive-integer-and-negative-integer
2530,maximal-score-after-applying-k-operations,Medium,Greedy; Array; Heap (Priority Queue),2023-01-08,train,False,0,,,,,,,0,https://leetcode.com/problems/maximal-score-after-applying-k-operations
2531,make-number-of-distinct-characters-equal,Medium,Hash Table; String; Counting,2023-01-08,train,False,0,,,,,,,0,https://leetcode.com/problems/make-number-of-distinct-characters-equal
2532,time-to-cross-a-bridge,Hard,Array; Simulation; Heap (Priority Queue),2023-01-08,train,False,0,,,,,,,0,https://leetcode.com/problems/time-to-cross-a-bridge
2533,number-of-good-binary-strings,Medium,Dynamic Programming,2023-01-08,train,False,0,,,,,,,0,https://leetcode.com/problems/number-of-good-binary-strings
2534,time-taken-to-cross-the-door,Hard,Queue; Array; Simulation,2023-01-08,train,False,0,,,,,,,0,https://leetcode.com/problems/time-taken-to-cross-the-door
2535,difference-between-element-sum-and-digit-sum-of-an-array,Easy,Array; Math,2023-01-15,train,False,0,,,,,,,0,https://leetcode.com/problems/difference-between-element-sum-and-digit-sum-of-an-array
2536,increment-submatrices-by-one,Medium,Array; Matrix; Prefix Sum,2023-01-15,train,False,0,,,,,,,0,https://leetcode.com/problems/increment-submatrices-by-one
2537,count-the-number-of-good-subarrays,Medium,Array; Hash Table; Sliding Window,2023-01-15,train,False,0,,,,,,,0,https://leetcode.com/problems/count-the-number-of-good-subarrays
2538,difference-between-maximum-and-minimum-price-sum,Hard,Tree; Depth-First Search; Array; Dynamic Programming,2023-01-15,train,False,0,,,,,,,0,https://leetcode.com/problems/difference-between-maximum-and-minimum-price-sum
2540,minimum-common-value,Easy,Array; Hash Table; Two Pointers; Binary Search,2023-01-15,train,False,0,,,,,,,0,https://leetcode.com/problems/minimum-common-value
2541,minimum-operations-to-make-array-equal-ii,Medium,Greedy; Array; Math,2023-01-15,train,False,0,,,,,,,0,https://leetcode.com/problems/minimum-operations-to-make-array-equal-ii
2542,maximum-subsequence-score,Medium,Greedy; Array; Sorting; Heap (Priority Queue),2023-01-15,train,False,0,,,,,,,0,https://leetcode.com/problems/maximum-subsequence-score
2543,check-if-point-is-reachable,Hard,Math; Number Theory,2023-01-15,train,False,0,,,,,,,0,https://leetcode.com/problems/check-if-point-is-reachable
2544,alternating-digit-sum,Easy,Math,2023-01-22,train,False,0,,,,,,,0,https://leetcode.com/problems/alternating-digit-sum
2545,sort-the-students-by-their-kth-score,Medium,Array; Matrix; Sorting,2023-01-22,train,False,0,,,,,,,0,https://leetcode.com/problems/sort-the-students-by-their-kth-score
2546,apply-bitwise-operations-to-make-strings-equal,Medium,Bit Manipulation; String,2023-01-22,train,False,0,,,,,,,0,https://leetcode.com/problems/apply-bitwise-operations-to-make-strings-equal
2547,minimum-cost-to-split-an-array,Hard,Array; Hash Table; Dynamic Programming; Counting,2023-01-22,train,False,0,,,,,,,0,https://leetcode.com/problems/minimum-cost-to-split-an-array
2548,maximum-price-to-fill-a-bag,Medium,Greedy; Array; Sorting,2023-01-22,train,False,0,,,,,,,0,https://leetcode.com/problems/maximum-price-to-fill-a-bag
2549,count-distinct-numbers-on-board,Easy,Array; Hash Table; Math; Simulation,2023-01-29,train,False,0,,,,,,,0,https://leetcode.com/problems/count-distinct-numbers-on-board
2551,put-marbles-in-bags,Hard,Greedy; Array; Sorting; Heap (Priority Queue),2023-01-29,train,False,0,,,,,,,0,https://leetcode.com/problems/put-marbles-in-bags
2552,count-increasing-quadruplets,Hard,Binary Indexed Tree; Array; Dynamic Programming; Enumeration; Prefix Sum,2023-01-29,train,False,0,,,,,,,0,https://leetcode.com/problems/count-increasing-quadruplets
2553,separate-the-digits-in-an-array,Easy,Array; Simulation,2023-01-29,train,False,0,,,,,,,0,https://leetcode.com/problems/separate-the-digits-in-an-array
2554,maximum-number-of-integers-to-choose-from-a-range-i,Medium,Greedy; Array; Hash Table; Binary Search; Sorting,2023-01-29,train,False,0,,,,,,,0,https://leetcode.com/problems/maximum-number-of-integers-to-choose-from-a-range-i
2555,maximize-win-from-two-segments,Medium,Array; Binary Search; Sliding Window,2023-01-29,train,False,0,,,,,,,0,https://leetcode.com/problems/maximize-win-from-two-segments
2556,disconnect-path-in-a-binary-matrix-by-at-most-one-flip,Medium,Depth-First Search; Breadth-First Search; Array; Dynamic Programming; Matrix,2023-01-29,train,False,0,,,,,,,0,https://leetcode.com/problems/disconnect-path-in-a-binary-matrix-by-at-most-one-flip
2557,maximum-number-of-integers-to-choose-from-a-range-ii,Medium,Greedy; Array; Binary Search; Sorting,2023-01-29,train,False,0,,,,,,,0,https://leetcode.com/problems/maximum-number-of-integers-to-choose-from-a-range-ii
2558,take-gifts-from-the-richest-pile,Easy,Array; Simulation; Heap (Priority Queue),2023-02-05,train,False,0,,,,,,,0,https://leetcode.com/problems/take-gifts-from-the-richest-pile
2559,count-vowel-strings-in-ranges,Medium,Array; String; Prefix Sum,2023-02-05,train,False,0,,,,,,,0,https://leetcode.com/problems/count-vowel-strings-in-ranges
2560,house-robber-iv,Medium,Array; Binary Search,2023-02-05,train,False,0,,,,,,,0,https://leetcode.com/problems/house-robber-iv
2561,rearranging-fruits,Hard,Greedy; Array; Hash Table,2023-02-05,train,False,0,,,,,,,0,https://leetcode.com/problems/rearranging-fruits
2562,find-the-array-concatenation-value,Easy,Array; Two Pointers; Simulation,2023-02-12,train,False,0,,,,,,,0,https://leetcode.com/problems/find-the-array-concatenation-value
2563,count-the-number-of-fair-pairs,Medium,Array; Two Pointers; Binary Search; Sorting,2023-02-12,train,False,0,,,,,,,0,https://leetcode.com/problems/count-the-number-of-fair-pairs
2564,substring-xor-queries,Medium,Bit Manipulation; Array; Hash Table; String,2023-02-12,train,False,0,,,,,,,0,https://leetcode.com/problems/substring-xor-queries
2565,subsequence-with-the-minimum-score,Hard,Two Pointers; String; Binary Search,2023-02-12,train,False,0,,,,,,,0,https://leetcode.com/problems/subsequence-with-the-minimum-score
2566,maximum-difference-by-remapping-a-digit,Easy,Greedy; Math,2023-02-12,train,False,0,,,,,,,0,https://leetcode.com/problems/maximum-difference-by-remapping-a-digit
2567,minimum-score-by-changing-two-elements,Medium,Greedy; Array; Sorting,2023-02-12,train,False,0,,,,,,,0,https://leetcode.com/problems/minimum-score-by-changing-two-elements
2568,minimum-impossible-or,Medium,Bit Manipulation; Brainteaser; Array,2023-02-12,train,False,0,,,,,,,0,https://leetcode.com/problems/minimum-impossible-or
2569,handling-sum-queries-after-update,Hard,Segment Tree; Array,2023-02-12,train,False,0,,,,,,,0,https://leetcode.com/problems/handling-sum-queries-after-update
2570,merge-two-2d-arrays-by-summing-values,Easy,Array; Hash Table; Two Pointers,2023-02-19,train,False,0,,,,,,,0,https://leetcode.com/problems/merge-two-2d-arrays-by-summing-values
2571,minimum-operations-to-reduce-an-integer-to-0,Medium,Greedy; Bit Manipulation; Dynamic Programming,2023-02-19,train,False,0,,,,,,,0,https://leetcode.com/problems/minimum-operations-to-reduce-an-integer-to-0
2572,count-the-number-of-square-free-subsets,Medium,Bit Manipulation; Array; Math; Dynamic Programming; Bitmask,2023-02-19,train,False,0,,,,,,,0,https://leetcode.com/problems/count-the-number-of-square-free-subsets
2573,find-the-string-with-lcp,Hard,Greedy; Union Find; Array; String; Dynamic Programming; Matrix,2023-02-19,train,False,0,,,,,,,0,https://leetcode.com/problems/find-the-string-with-lcp
2574,left-and-right-sum-differences,Easy,Array; Prefix Sum,2023-02-19,train,False,0,,,,,,,0,https://leetcode.com/problems/left-and-right-sum-differences
2575,find-the-divisibility-array-of-a-string,Medium,Array; Math; String,2023-02-26,train,False,0,,,,,,,0,https://leetcode.com/problems/find-the-divisibility-array-of-a-string
2576,find-the-maximum-number-of-marked-indices,Medium,Greedy; Array; Two Pointers; Binary Search; Sorting,2023-02-26,train,False,0,,,,,,,0,https://leetcode.com/problems/find-the-maximum-number-of-marked-indices
2577,minimum-time-to-visit-a-cell-in-a-grid,Hard,Breadth-First Search; Graph; Array; Matrix; Shortest Path; Heap (Priority Queue),2023-02-26,train,False,0,,,,,,,0,https://leetcode.com/problems/minimum-time-to-visit-a-cell-in-a-grid
2578,split-with-minimum-sum,Easy,Greedy; Math; Sorting,2023-02-26,train,False,0,,,,,,,0,https://leetcode.com/problems/split-with-minimum-sum
2579,count-total-number-of-colored-cells,Medium,Math,2023-02-26,train,False,0,,,,,,,0,https://leetcode.com/problems/count-total-number-of-colored-cells
2581,count-number-of-possible-root-nodes,Hard,Tree; Depth-First Search; Array; Hash Table; Dynamic Programming,2023-02-26,train,False,0,,,,,,,0,https://leetcode.com/problems/count-number-of-possible-root-nodes
2582,pass-the-pillow,Easy,Math; Simulation,2023-03-05,train,False,0,,,,,,,0,https://leetcode.com/problems/pass-the-pillow
2583,kth-largest-sum-in-a-binary-tree,Medium,Tree; Breadth-First Search; Binary Tree; Sorting,2023-03-05,train,False,0,,,,,,,0,https://leetcode.com/problems/kth-largest-sum-in-a-binary-tree
2584,split-the-array-to-make-coprime-products,Hard,Array; Hash Table; Math; Number Theory,2023-03-05,train,False,0,,,,,,,0,https://leetcode.com/problems/split-the-array-to-make-coprime-products
2585,number-of-ways-to-earn-points,Hard,Array; Dynamic Programming,2023-03-05,train,False,0,,,,,,,0,https://leetcode.com/problems/number-of-ways-to-earn-points
2586,count-the-number-of-vowel-strings-in-range,Easy,Array; String; Counting,2023-03-12,train,False,0,,,,,,,0,https://leetcode.com/problems/count-the-number-of-vowel-strings-in-range
2587,rearrange-array-to-maximize-prefix-score,Medium,Greedy; Array; Prefix Sum; Sorting,2023-03-12,train,False,0,,,,,,,0,https://leetcode.com/problems/rearrange-array-to-maximize-prefix-score
2588,count-the-number-of-beautiful-subarrays,Medium,Bit Manipulation; Array; Hash Table; Prefix Sum,2023-03-12,train,False,0,,,,,,,0,https://leetcode.com/problems/count-the-number-of-beautiful-subarrays
2589,minimum-time-to-complete-all-tasks,Hard,Stack; Greedy; Array; Binary Search; Sorting,2023-03-12,train,False,0,,,,,,,0,https://leetcode.com/problems/minimum-time-to-complete-all-tasks
2591,distribute-money-to-maximum-children,Easy,Greedy; Math,2023-03-12,train,False,0,,,,,,,0,https://leetcode.com/problems/distribute-money-to-maximum-children
2592,maximize-greatness-of-an-array,Medium,Greedy; Array; Two Pointers; Sorting,2023-03-12,train,False,0,,,,,,,0,https://leetcode.com/problems/maximize-greatness-of-an-array
2593,find-score-of-an-array-after-marking-all-elements,Medium,Array; Hash Table; Sorting; Simulation; Heap (Priority Queue),2023-03-12,train,False,0,,,,,,,0,https://leetcode.com/problems/find-score-of-an-array-after-marking-all-elements
2594,minimum-time-to-repair-cars,Medium,Array; Binary Search,2023-03-12,train,False,0,,,,,,,0,https://leetcode.com/problems/minimum-time-to-repair-cars
2595,number-of-even-and-odd-bits,Easy,Bit Manipulation,2023-03-19,train,False,0,,,,,,,0,https://leetcode.com/problems/number-of-even-and-odd-bits
2596,check-knight-tour-configuration,Medium,Depth-First Search; Breadth-First Search; Array; Matrix; Simulation,2023-03-19,train,False,0,,,,,,,0,https://leetcode.com/problems/check-knight-tour-configuration
2597,the-number-of-beautiful-subsets,Medium,Array; Hash Table; Math; Dynamic Programming; Backtracking; Combinatorics; Sorting,2023-03-19,train,False,0,,,,,,,0,https://leetcode.com/problems/the-number-of-beautiful-subsets
2598,smallest-missing-non-negative-integer-after-operations,Medium,Greedy; Array; Hash Table; Math,2023-03-19,train,False,0,,,,,,,0,https://leetcode.com/problems/smallest-missing-non-negative-integer-after-operations
2599,make-the-prefix-sum-non-negative,Medium,Greedy; Array; Heap (Priority Queue),2023-03-19,train,False,0,,,,,,,0,https://leetcode.com/problems/make-the-prefix-sum-non-negative
2600,k-items-with-the-maximum-sum,Easy,Greedy; Math,2023-03-26,train,False,0,,,,,,,0,https://leetcode.com/problems/k-items-with-the-maximum-sum
2601,prime-subtraction-operation,Medium,Greedy; Array; Math; Binary Search; Number Theory,2023-03-26,train,False,0,,,,,,,0,https://leetcode.com/problems/prime-subtraction-operation
2602,minimum-operations-to-make-all-array-elements-equal,Medium,Array; Binary Search; Prefix Sum; Sorting,2023-03-26,train,False,0,,,,,,,0,https://leetcode.com/problems/minimum-operations-to-make-all-array-elements-equal
2603,collect-coins-in-a-tree,Hard,Tree; Graph; Topological Sort; Array,2023-03-26,train,False,0,,,,,,,0,https://leetcode.com/problems/collect-coins-in-a-tree
2604,minimum-time-to-eat-all-grains,Hard,Array; Two Pointers; Binary Search; Sorting,2023-03-26,train,False,0,,,,,,,0,https://leetcode.com/problems/minimum-time-to-eat-all-grains
2605,form-smallest-number-from-two-digit-arrays,Easy,Array; Hash Table; Enumeration,2023-03-26,train,False,0,,,,,,,0,https://leetcode.com/problems/form-smallest-number-from-two-digit-arrays
2606,find-the-substring-with-maximum-cost,Medium,Array; Hash Table; String; Dynamic Programming,2023-03-26,train,False,0,,,,,,,0,https://leetcode.com/problems/find-the-substring-with-maximum-cost
2607,make-k-subarray-sums-equal,Medium,Greedy; Array; Math; Number Theory; Sorting,2023-03-26,train,False,0,,,,,,,0,https://leetcode.com/problems/make-k-subarray-sums-equal
2608,shortest-cycle-in-a-graph,Hard,Breadth-First Search; Graph,2023-03-26,train,False,0,,,,,,,0,https://leetcode.com/problems/shortest-cycle-in-a-graph
2609,find-the-longest-balanced-substring-of-a-binary-string,Easy,String,2023-04-02,train,False,0,,,,,,,0,https://leetcode.com/problems/find-the-longest-balanced-substring-of-a-binary-string
2610,convert-an-array-into-a-2d-array-with-conditions,Medium,Array; Hash Table,2023-04-02,train,False,0,,,,,,,0,https://leetcode.com/problems/convert-an-array-into-a-2d-array-with-conditions
2611,mice-and-cheese,Medium,Greedy; Array; Sorting; Heap (Priority Queue),2023-04-02,train,False,0,,,,,,,0,https://leetcode.com/problems/mice-and-cheese
2613,beautiful-pairs,Hard,Geometry; Array; Math; Divide and Conquer; Ordered Set; Sorting,2023-04-02,train,False,0,,,,,,,0,https://leetcode.com/problems/beautiful-pairs
2614,prime-in-diagonal,Easy,Array; Math; Matrix; Number Theory,2023-04-09,train,False,0,,,,,,,0,https://leetcode.com/problems/prime-in-diagonal
2615,sum-of-distances,Medium,Array; Hash Table; Prefix Sum,2023-04-09,train,False,0,,,,,,,0,https://leetcode.com/problems/sum-of-distances
2616,minimize-the-maximum-difference-of-pairs,Medium,Greedy; Array; Binary Search,2023-04-09,train,False,0,,,,,,,0,https://leetcode.com/problems/minimize-the-maximum-difference-of-pairs
2617,minimum-number-of-visited-cells-in-a-grid,Hard,Stack; Breadth-First Search; Union Find; Array; Dynamic Programming; Matrix; Monotonic Stack; Heap (Priority Queue),2023-04-09,train,False,0,,,,,,,0,https://leetcode.com/problems/minimum-number-of-visited-cells-in-a-grid
2638,count-the-number-of-k-free-subsets,Medium,Array; Math; Dynamic Programming; Combinatorics; Sorting,2023-04-09,train,False,0,,,,,,,0,https://leetcode.com/problems/count-the-number-of-k-free-subsets
2639,find-the-width-of-columns-of-a-grid,Easy,Array; Matrix,2023-04-09,train,False,0,,,,,,,0,https://leetcode.com/problems/find-the-width-of-columns-of-a-grid
2640,find-the-score-of-all-prefixes-of-an-array,Medium,Array; Prefix Sum,2023-04-09,train,False,0,,,,,,,0,https://leetcode.com/problems/find-the-score-of-all-prefixes-of-an-array
2641,cousins-in-binary-tree-ii,Medium,Tree; Depth-First Search; Breadth-First Search; Hash Table; Binary Tree,2023-04-09,train,False,0,,,,,,,0,https://leetcode.com/problems/cousins-in-binary-tree-ii
2643,row-with-maximum-ones,Easy,Array; Matrix,2023-04-16,train,False,0,,,,,,,0,https://leetcode.com/problems/row-with-maximum-ones
2644,find-the-maximum-divisibility-score,Easy,Array,2023-04-16,train,False,0,,,,,,,0,https://leetcode.com/problems/find-the-maximum-divisibility-score
2645,minimum-additions-to-make-valid-string,Medium,Stack; Greedy; String; Dynamic Programming,2023-04-16,train,False,0,,,,,,,0,https://leetcode.com/problems/minimum-additions-to-make-valid-string
2646,minimize-the-total-price-of-the-trips,Hard,Tree; Depth-First Search; Graph; Array; Dynamic Programming,2023-04-16,train,False,0,,,,,,,0,https://leetcode.com/problems/minimize-the-total-price-of-the-trips
2647,color-the-triangle-red,Hard,Array; Math,2023-04-16,train,False,0,,,,,,,0,https://leetcode.com/problems/color-the-triangle-red
2651,calculate-delayed-arrival-time,Easy,Math,2023-04-23,train,False,0,,,,,,,0,https://leetcode.com/problems/calculate-delayed-arrival-time
2652,sum-multiples,Easy,Math,2023-04-23,train,False,0,,,,,,,0,https://leetcode.com/problems/sum-multiples
2653,sliding-subarray-beauty,Medium,Array; Hash Table; Sliding Window,2023-04-23,train,False,0,,,,,,,0,https://leetcode.com/problems/sliding-subarray-beauty
2654,minimum-number-of-operations-to-make-all-array-elements-equal-to-1,Medium,Array; Math; Number Theory,2023-04-23,train,False,0,,,,,,,0,https://leetcode.com/problems/minimum-number-of-operations-to-make-all-array-elements-equal-to-1
2655,find-maximal-uncovered-ranges,Medium,Array; Sorting,2023-04-23,train,False,0,,,,,,,0,https://leetcode.com/problems/find-maximal-uncovered-ranges
2656,maximum-sum-with-exactly-k-elements,Easy,Greedy; Array,2023-04-23,train,False,0,,,,,,,0,https://leetcode.com/problems/maximum-sum-with-exactly-k-elements
2657,find-the-prefix-common-array-of-two-arrays,Medium,Bit Manipulation; Array; Hash Table,2023-04-23,train,False,0,,,,,,,0,https://leetcode.com/problems/find-the-prefix-common-array-of-two-arrays
2658,maximum-number-of-fish-in-a-grid,Medium,Depth-First Search; Breadth-First Search; Union Find; Array; Matrix,2023-04-23,train,False,0,,,,,,,0,https://leetcode.com/problems/maximum-number-of-fish-in-a-grid
2659,make-array-empty,Hard,Greedy; Binary Indexed Tree; Segment Tree; Array; Binary Search; Ordered Set; Sorting,2023-04-23,train,False,0,,,,,,,0,https://leetcode.com/problems/make-array-empty
2660,determine-the-winner-of-a-bowling-game,Easy,Array; Simulation,2023-04-30,train,False,0,,,,,,,0,https://leetcode.com/problems/determine-the-winner-of-a-bowling-game
2661,first-completely-painted-row-or-column,Medium,Array; Hash Table; Matrix,2023-04-30,train,False,0,,,,,,,0,https://leetcode.com/problems/first-completely-painted-row-or-column
2662,minimum-cost-of-a-path-with-special-roads,Medium,Graph; Array; Shortest Path; Heap (Priority Queue),2023-04-30,train,False,0,,,,,,,0,https://leetcode.com/problems/minimum-cost-of-a-path-with-special-roads
2663,lexicographically-smallest-beautiful-string,Hard,Greedy; String,2023-04-30,train,False,0,,,,,,,0,https://leetcode.com/problems/lexicographically-smallest-beautiful-string
2664,the-knights-tour,Medium,Array; Backtracking; Matrix,2023-04-30,train,False,0,,,,,,,0,https://leetcode.com/problems/the-knights-tour
2670,find-the-distinct-difference-array,Easy,Array; Hash Table,2023-05-07,train,False,0,,,,,,,0,https://leetcode.com/problems/find-the-distinct-difference-array
2672,number-of-adjacent-elements-with-the-same-color,Medium,Array,2023-05-07,train,False,0,,,,,,,0,https://leetcode.com/problems/number-of-adjacent-elements-with-the-same-color
2673,make-costs-of-paths-equal-in-a-binary-tree,Medium,Greedy; Tree; Array; Dynamic Programming; Binary Tree,2023-05-07,train,False,0,,,,,,,0,https://leetcode.com/problems/make-costs-of-paths-equal-in-a-binary-tree
2678,number-of-senior-citizens,Easy,Array; String,2023-05-07,train,False,0,,,,,,,0,https://leetcode.com/problems/number-of-senior-citizens
2679,sum-in-a-matrix,Medium,Array; Matrix; Sorting; Simulation; Heap (Priority Queue),2023-05-07,train,False,0,,,,,,,0,https://leetcode.com/problems/sum-in-a-matrix
2680,maximum-or,Medium,Greedy; Bit Manipulation; Array; Prefix Sum,2023-05-07,train,False,0,,,,,,,0,https://leetcode.com/problems/maximum-or
2681,power-of-heroes,Hard,Array; Math; Dynamic Programming; Prefix Sum; Sorting,2023-05-07,train,False,0,,,,,,,0,https://leetcode.com/problems/power-of-heroes
2682,find-the-losers-of-the-circular-game,Easy,Array; Hash Table; Simulation,2023-05-14,train,False,0,,,,,,,0,https://leetcode.com/problems/find-the-losers-of-the-circular-game
2683,neighboring-bitwise-xor,Medium,Bit Manipulation; Array,2023-05-14,train,False,0,,,,,,,0,https://leetcode.com/problems/neighboring-bitwise-xor
2684,maximum-number-of-moves-in-a-grid,Medium,Array; Dynamic Programming; Matrix,2023-05-14,train,False,0,,,,,,,0,https://leetcode.com/problems/maximum-number-of-moves-in-a-grid
2685,count-the-number-of-complete-components,Medium,Depth-First Search; Breadth-First Search; Union Find; Graph,2023-05-14,train,False,0,,,,,,,0,https://leetcode.com/problems/count-the-number-of-complete-components
2696,minimum-string-length-after-removing-substrings,Easy,Stack; String; Simulation,2023-05-21,train,False,0,,,,,,,0,https://leetcode.com/problems/minimum-string-length-after-removing-substrings
2697,lexicographically-smallest-palindrome,Easy,Greedy; Two Pointers; String,2023-05-21,train,False,0,,,,,,,0,https://leetcode.com/problems/lexicographically-smallest-palindrome
2698,find-the-punishment-number-of-an-integer,Medium,Math; Backtracking,2023-05-21,train,False,0,,,,,,,0,https://leetcode.com/problems/find-the-punishment-number-of-an-integer
2699,modify-graph-edge-weights,Hard,Graph; Shortest Path; Heap (Priority Queue),2023-05-21,train,False,0,,,,,,,0,https://leetcode.com/problems/modify-graph-edge-weights
2702,minimum-operations-to-make-numbers-non-positive,Hard,Array; Binary Search,2023-05-21,train,False,0,,,,,,,0,https://leetcode.com/problems/minimum-operations-to-make-numbers-non-positive
2706,buy-two-chocolates,Easy,Greedy; Array; Sorting,2023-05-21,train,False,0,,,,,,,0,https://leetcode.com/problems/buy-two-chocolates
2707,extra-characters-in-a-string,Medium,Trie; Array; Hash Table; String; Dynamic Programming,2023-05-21,train,False,0,,,,,,,0,https://leetcode.com/problems/extra-characters-in-a-string
2708,maximum-strength-of-a-group,Medium,Greedy; Bit Manipulation; Array; Dynamic Programming; Backtracking; Enumeration; Sorting,2023-05-21,train,False,0,,,,,,,0,https://leetcode.com/problems/maximum-strength-of-a-group
2709,greatest-common-divisor-traversal,Hard,Union Find; Array; Math; Number Theory,2023-05-21,train,False,0,,,,,,,0,https://leetcode.com/problems/greatest-common-divisor-traversal
2710,remove-trailing-zeros-from-a-string,Easy,String,2023-05-28,train,False,0,,,,,,,0,https://leetcode.com/problems/remove-trailing-zeros-from-a-string
2711,difference-of-number-of-distinct-values-on-diagonals,Medium,Array; Hash Table; Matrix,2023-05-28,train,False,0,,,,,,,0,https://leetcode.com/problems/difference-of-number-of-distinct-values-on-diagonals
2712,minimum-cost-to-make-all-characters-equal,Medium,Greedy; String; Dynamic Programming,2023-05-28,train,False,0,,,,,,,0,https://leetcode.com/problems/minimum-cost-to-make-all-characters-equal
2713,maximum-strictly-increasing-cells-in-a-matrix,Hard,Memoization; Array; Hash Table; Binary Search; Dynamic Programming; Matrix; Ordered Set; Sorting,2023-05-28,train,False,0,,,,,,,0,https://leetcode.com/problems/maximum-strictly-increasing-cells-in-a-matrix
2714,find-shortest-path-with-k-hops,Hard,Graph; Shortest Path; Heap (Priority Queue),2023-05-28,train,False,0,,,,,,,0,https://leetcode.com/problems/find-shortest-path-with-k-hops
2716,minimize-string-length,Easy,Hash Table; String,2023-06-04,train,False,0,,,,,,,0,https://leetcode.com/problems/minimize-string-length
2717,semi-ordered-permutation,Easy,Array; Simulation,2023-06-04,train,False,0,,,,,,,0,https://leetcode.com/problems/semi-ordered-permutation
2718,sum-of-matrix-after-queries,Medium,Array; Hash Table,2023-06-04,train,False,0,,,,,,,0,https://leetcode.com/problems/sum-of-matrix-after-queries
2719,count-of-integers,Hard,Math; String; Dynamic Programming,2023-06-04,train,False,0,,,,,,,0,https://leetcode.com/problems/count-of-integers
2729,check-if-the-number-is-fascinating,Easy,Hash Table; Math,2023-06-04,train,False,0,,,,,,,0,https://leetcode.com/problems/check-if-the-number-is-fascinating
2730,find-the-longest-semi-repetitive-substring,Medium,String; Sliding Window,2023-06-04,train,False,0,,,,,,,0,https://leetcode.com/problems/find-the-longest-semi-repetitive-substring
2731,movement-of-robots,Medium,Brainteaser; Array; Prefix Sum; Sorting,2023-06-04,train,False,0,,,,,,,0,https://leetcode.com/problems/movement-of-robots
2732,find-a-good-subset-of-the-matrix,Hard,Bit Manipulation; Array; Hash Table; Matrix,2023-06-04,train,False,0,,,,,,,0,https://leetcode.com/problems/find-a-good-subset-of-the-matrix
2733,neither-minimum-nor-maximum,Easy,Array; Sorting,2023-06-11,train,False,0,,,,,,,0,https://leetcode.com/problems/neither-minimum-nor-maximum
2734,lexicographically-smallest-string-after-substring-operation,Medium,Greedy; String,2023-06-11,train,False,0,,,,,,,0,https://leetcode.com/problems/lexicographically-smallest-string-after-substring-operation
2735,collecting-chocolates,Medium,Array; Enumeration,2023-06-11,train,False,0,,,,,,,0,https://leetcode.com/problems/collecting-chocolates
2736,maximum-sum-queries,Hard,Stack; Binary Indexed Tree; Segment Tree; Array; Binary Search; Sorting; Monotonic Stack,2023-06-11,train,False,0,,,,,,,0,https://leetcode.com/problems/maximum-sum-queries
2737,find-the-closest-marked-node,Medium,Graph; Array; Shortest Path; Heap (Priority Queue),2023-06-11,train,False,0,,,,,,,0,https://leetcode.com/problems/find-the-closest-marked-node
2739,total-distance-traveled,Easy,Math; Simulation,2023-06-18,train,False,0,,,,,,,0,https://leetcode.com/problems/total-distance-traveled
2740,find-the-value-of-the-partition,Medium,Array; Sorting,2023-06-18,train,False,0,,,,,,,0,https://leetcode.com/problems/find-the-value-of-the-partition
2741,special-permutations,Medium,Bit Manipulation; Array; Dynamic Programming; Bitmask,2023-06-18,train,False,0,,,,,,,0,https://leetcode.com/problems/special-permutations
2742,painting-the-walls,Hard,Array; Dynamic Programming,2023-06-18,train,False,0,,,,,,,0,https://leetcode.com/problems/painting-the-walls
2743,count-substrings-without-repeating-character,Medium,Hash Table; String; Sliding Window,2023-06-18,train,False,0,,,,,,,0,https://leetcode.com/problems/count-substrings-without-repeating-character
2744,find-maximum-number-of-string-pairs,Easy,Array; Hash Table; String; Simulation,2023-06-18,train,False,0,,,,,,,0,https://leetcode.com/problems/find-maximum-number-of-string-pairs
2745,construct-the-longest-new-string,Medium,Greedy; Brainteaser; Math; Dynamic Programming,2023-06-18,train,False,0,,,,,,,0,https://leetcode.com/problems/construct-the-longest-new-string
2746,decremental-string-concatenation,Medium,Array; String; Dynamic Programming,2023-06-18,train,False,0,,,,,,,0,https://leetcode.com/problems/decremental-string-concatenation
2747,count-zero-request-servers,Medium,Array; Hash Table; Sorting; Sliding Window,2023-06-18,train,False,0,,,,,,,0,https://leetcode.com/problems/count-zero-request-servers
2748,number-of-beautiful-pairs,Easy,Array; Hash Table; Math; Counting; Number Theory,2023-06-25,train,False,0,,,,,,,0,https://leetcode.com/problems/number-of-beautiful-pairs
2749,minimum-operations-to-make-the-integer-zero,Medium,Bit Manipulation; Brainteaser; Enumeration,2023-06-25,train,False,0,,,,,,,0,https://leetcode.com/problems/minimum-operations-to-make-the-integer-zero
2750,ways-to-split-array-into-good-subarrays,Medium,Array; Math; Dynamic Programming,2023-06-25,train,False,0,,,,,,,0,https://leetcode.com/problems/ways-to-split-array-into-good-subarrays
2751,robot-collisions,Hard,Stack; Array; Sorting; Simulation,2023-06-25,train,False,0,,,,,,,0,https://leetcode.com/problems/robot-collisions
2760,longest-even-odd-subarray-with-threshold,Easy,Array; Sliding Window,2023-07-02,train,False,0,,,,,,,0,https://leetcode.com/problems/longest-even-odd-subarray-with-threshold
2761,prime-pairs-with-target-sum,Medium,Array; Math; Enumeration; Number Theory,2023-07-02,train,False,0,,,,,,,0,https://leetcode.com/problems/prime-pairs-with-target-sum
2762,continuous-subarrays,Medium,Queue; Array; Ordered Set; Sliding Window; Monotonic Queue; Heap (Priority Queue),2023-07-02,train,False,0,,,,,,,0,https://leetcode.com/problems/continuous-subarrays
2763,sum-of-imbalance-numbers-of-all-subarrays,Hard,Array; Hash Table; Ordered Set,2023-07-02,train,False,0,,,,,,,0,https://leetcode.com/problems/sum-of-imbalance-numbers-of-all-subarrays
2764,is-array-a-preorder-of-some-binary-tree,Medium,Stack; Tree; Depth-First Search; Binary Tree,2023-07-02,train,False,0,,,,,,,0,https://leetcode.com/problems/is-array-a-preorder-of-some-binary-tree
2765,longest-alternating-subarray,Easy,Array; Enumeration,2023-07-02,train,False,0,,,,,,,0,https://leetcode.com/problems/longest-alternating-subarray
2766,relocate-marbles,Medium,Array; Hash Table; Sorting; Simulation,2023-07-02,train,False,0,,,,,,,0,https://leetcode.com/problems/relocate-marbles
2767,partition-string-into-minimum-beautiful-substrings,Medium,Hash Table; String; Dynamic Programming; Backtracking,2023-07-02,train,False,0,,,,,,,0,https://leetcode.com/problems/partition-string-into-minimum-beautiful-substrings
2768,number-of-black-blocks,Medium,Array; Hash Table; Enumeration,2023-07-02,train,False,0,,,,,,,0,https://leetcode.com/problems/number-of-black-blocks
2769,find-the-maximum-achievable-number,Easy,Math,2023-07-09,train,False,0,,,,,,,0,https://leetcode.com/problems/find-the-maximum-achievable-number
2770,maximum-number-of-jumps-to-reach-the-last-index,Medium,Array; Dynamic Programming,2023-07-09,train,False,0,,,,,,,0,https://leetcode.com/problems/maximum-number-of-jumps-to-reach-the-last-index
2771,longest-non-decreasing-subarray-from-two-arrays,Medium,Array; Dynamic Programming,2023-07-09,train,False,0,,,,,,,0,https://leetcode.com/problems/longest-non-decreasing-subarray-from-two-arrays
2772,apply-operations-to-make-all-array-elements-equal-to-zero,Medium,Array; Prefix Sum,2023-07-09,train,False,0,,,,,,,0,https://leetcode.com/problems/apply-operations-to-make-all-array-elements-equal-to-zero
2773,height-of-special-binary-tree,Medium,Tree; Depth-First Search; Breadth-First Search; Binary Tree,2023-07-09,train,False,0,,,,,,,0,https://leetcode.com/problems/height-of-special-binary-tree
2778,sum-of-squares-of-special-elements,Easy,Array; Enumeration,2023-07-16,train,False,0,,,,,,,0,https://leetcode.com/problems/sum-of-squares-of-special-elements
2779,maximum-beauty-of-an-array-after-applying-operation,Medium,Array; Binary Search; Sorting; Sliding Window,2023-07-16,train,False,0,,,,,,,0,https://leetcode.com/problems/maximum-beauty-of-an-array-after-applying-operation
2780,minimum-index-of-a-valid-split,Medium,Array; Hash Table; Sorting,2023-07-16,train,False,0,,,,,,,0,https://leetcode.com/problems/minimum-index-of-a-valid-split
2781,length-of-the-longest-valid-substring,Hard,Array; Hash Table; String; Sliding Window,2023-07-16,train,False,0,,,,,,,0,https://leetcode.com/problems/length-of-the-longest-valid-substring
2782,number-of-unique-categories,Medium,Union Find; Counting; Interactive,2023-07-16,train,False,0,,,,,,,0,https://leetcode.com/problems/number-of-unique-categories
2784,check-if-array-is-good,Easy,Array; Hash Table; Sorting,2023-07-16,train,False,0,,,,,,,0,https://leetcode.com/problems/check-if-array-is-good
2785,sort-vowels-in-a-string,Medium,String; Sorting,2023-07-16,train,False,0,,,,,,,0,https://leetcode.com/problems/sort-vowels-in-a-string
2786,visit-array-positions-to-maximize-score,Medium,Array; Dynamic Programming,2023-07-16,train,False,0,,,,,,,0,https://leetcode.com/problems/visit-array-positions-to-maximize-score
2787,ways-to-express-an-integer-as-sum-of-powers,Medium,Dynamic Programming,2023-07-16,train,False,0,,,,,,,0,https://leetcode.com/problems/ways-to-express-an-integer-as-sum-of-powers
2788,split-strings-by-separator,Easy,Array; String,2023-07-23,train,False,0,,,,,,,0,https://leetcode.com/problems/split-strings-by-separator
2789,largest-element-in-an-array-after-merge-operations,Medium,Greedy; Array,2023-07-23,train,False,0,,,,,,,0,https://leetcode.com/problems/largest-element-in-an-array-after-merge-operations
2790,maximum-number-of-groups-with-increasing-length,Hard,Greedy; Array; Math; Binary Search; Sorting,2023-07-23,train,False,0,,,,,,,0,https://leetcode.com/problems/maximum-number-of-groups-with-increasing-length
2791,count-paths-that-can-form-a-palindrome-in-a-tree,Hard,Bit Manipulation; Tree; Depth-First Search; Dynamic Programming; Bitmask,2023-07-23,train,False,0,,,,,,,0,https://leetcode.com/problems/count-paths-that-can-form-a-palindrome-in-a-tree
2792,count-nodes-that-are-great-enough,Hard,Tree; Depth-First Search; Divide and Conquer; Binary Tree,2023-07-23,train,False,0,,,,,,,0,https://leetcode.com/problems/count-nodes-that-are-great-enough
2798,number-of-employees-who-met-the-target,Easy,Array,2023-07-30,train,False,0,,,,,,,0,https://leetcode.com/problems/number-of-employees-who-met-the-target
2799,count-complete-subarrays-in-an-array,Medium,Array; Hash Table; Sliding Window,2023-07-30,train,False,0,,,,,,,0,https://leetcode.com/problems/count-complete-subarrays-in-an-array
2800,shortest-string-that-contains-three-strings,Medium,Greedy; String; Enumeration,2023-07-30,train,False,0,,,,,,,0,https://leetcode.com/problems/shortest-string-that-contains-three-strings
2801,count-stepping-numbers-in-range,Hard,String; Dynamic Programming,2023-07-30,train,False,0,,,,,,,0,https://leetcode.com/problems/count-stepping-numbers-in-range
2802,find-the-k-th-lucky-number,Medium,Bit Manipulation; Math; String,2023-07-30,train,False,0,,,,,,,0,https://leetcode.com/problems/find-the-k-th-lucky-number
2806,account-balance-after-rounded-purchase,Easy,Math,2023-07-30,train,False,0,,,,,,,0,https://leetcode.com/problems/account-balance-after-rounded-purchase
2807,insert-greatest-common-divisors-in-linked-list,Medium,Linked List; Math; Number Theory,2023-07-30,train,False,0,,,,,,,0,https://leetcode.com/problems/insert-greatest-common-divisors-in-linked-list
2808,minimum-seconds-to-equalize-a-circular-array,Medium,Array; Hash Table,2023-07-30,train,False,0,,,,,,,0,https://leetcode.com/problems/minimum-seconds-to-equalize-a-circular-array
2809,minimum-time-to-make-array-sum-at-most-x,Hard,Array; Dynamic Programming; Sorting,2023-07-30,train,False,0,,,,,,,0,https://leetcode.com/problems/minimum-time-to-make-array-sum-at-most-x
2810,faulty-keyboard,Easy,String; Simulation,2023-08-06,train,False,0,,,,,,,0,https://leetcode.com/problems/faulty-keyboard
2811,check-if-it-is-possible-to-split-array,Medium,Greedy; Array; Dynamic Programming,2023-08-06,train,False,0,,,,,,,0,https://leetcode.com/problems/check-if-it-is-possible-to-split-array
2812,find-the-safest-path-in-a-grid,Medium,Breadth-First Search; Union Find; Array; Binary Search; Matrix; Heap (Priority Queue),2023-08-06,train,False,0,,,,,,,0,https://leetcode.com/problems/find-the-safest-path-in-a-grid
2813,maximum-elegance-of-a-k-length-subsequence,Hard,Stack; Greedy; Array; Hash Table; Sorting; Heap (Priority Queue),2023-08-06,train,False,0,,,,,,,0,https://leetcode.com/problems/maximum-elegance-of-a-k-length-subsequence
2814,minimum-time-takes-to-reach-destination-without-drowning,Hard,Breadth-First Search; Array; Matrix,2023-08-06,train,False,0,,,,,,,0,https://leetcode.com/problems/minimum-time-takes-to-reach-destination-without-drowning
2815,max-pair-sum-in-an-array,Easy,Array; Hash Table,2023-08-13,train,False,0,,,,,,,0,https://leetcode.com/problems/max-pair-sum-in-an-array
2816,double-a-number-represented-as-a-linked-list,Medium,Stack; Linked List; Math,2023-08-13,train,False,0,,,,,,,0,https://leetcode.com/problems/double-a-number-represented-as-a-linked-list
2817,minimum-absolute-difference-between-elements-with-constraint,Medium,Array; Binary Search; Ordered Set,2023-08-13,train,False,0,,,,,,,0,https://leetcode.com/problems/minimum-absolute-difference-between-elements-with-constraint
2819,minimum-relative-loss-after-buying-chocolates,Hard,Array; Binary Search; Prefix Sum; Sorting,2023-08-13,train,False,0,,,,,,,0,https://leetcode.com/problems/minimum-relative-loss-after-buying-chocolates
2824,count-pairs-whose-sum-is-less-than-target,Easy,Array; Two Pointers; Binary Search; Sorting,2023-08-13,train,False,0,,,,,,,0,https://leetcode.com/problems/count-pairs-whose-sum-is-less-than-target
2825,make-string-a-subsequence-using-cyclic-increments,Medium,Two Pointers; String,2023-08-13,train,False,0,,,,,,,0,https://leetcode.com/problems/make-string-a-subsequence-using-cyclic-increments
2826,sorting-three-groups,Medium,Array; Binary Search; Dynamic Programming,2023-08-13,train,False,0,,,,,,,0,https://leetcode.com/problems/sorting-three-groups
2827,number-of-beautiful-integers-in-the-range,Hard,Math; Dynamic Programming,2023-08-13,train,False,0,,,,,,,0,https://leetcode.com/problems/number-of-beautiful-integers-in-the-range
2828,check-if-a-string-is-an-acronym-of-words,Easy,Array; String,2023-08-20,train,False,0,,,,,,,0,https://leetcode.com/problems/check-if-a-string-is-an-acronym-of-words
2829,determine-the-minimum-sum-of-a-k-avoiding-array,Medium,Greedy; Math,2023-08-20,train,False,0,,,,,,,0,https://leetcode.com/problems/determine-the-minimum-sum-of-a-k-avoiding-array
2830,maximize-the-profit-as-the-salesman,Medium,Array; Hash Table; Binary Search; Dynamic Programming; Sorting,2023-08-20,train,False,0,,,,,,,0,https://leetcode.com/problems/maximize-the-profit-as-the-salesman
2831,find-the-longest-equal-subarray,Medium,Array; Hash Table; Binary Search; Sliding Window,2023-08-20,train,False,0,,,,,,,0,https://leetcode.com/problems/find-the-longest-equal-subarray
2832,maximal-range-that-each-element-is-maximum-in-it,Medium,Stack; Array; Monotonic Stack,2023-08-20,train,False,0,,,,,,,0,https://leetcode.com/problems/maximal-range-that-each-element-is-maximum-in-it
2833,furthest-point-from-origin,Easy,String; Counting,2023-08-27,train,False,0,,,,,,,0,https://leetcode.com/problems/furthest-point-from-origin
2834,find-the-minimum-possible-sum-of-a-beautiful-array,Medium,Greedy; Math,2023-08-27,train,False,0,,,,,,,0,https://leetcode.com/problems/find-the-minimum-possible-sum-of-a-beautiful-array
2835,minimum-operations-to-form-subsequence-with-target-sum,Hard,Greedy; Bit Manipulation; Array,2023-08-27,train,False,0,,,,,,,0,https://leetcode.com/problems/minimum-operations-to-form-subsequence-with-target-sum
2836,maximize-value-of-function-in-a-ball-passing-game,Hard,Bit Manipulation; Array; Dynamic Programming,2023-08-27,train,False,0,,,,,,,0,https://leetcode.com/problems/maximize-value-of-function-in-a-ball-passing-game
2838,maximum-coins-heroes-can-collect,Medium,Array; Two Pointers; Binary Search; Prefix Sum; Sorting,2023-08-27,train,False,0,,,,,,,0,https://leetcode.com/problems/maximum-coins-heroes-can-collect
2839,check-if-strings-can-be-made-equal-with-operations-i,Easy,String,2023-08-27,train,False,0,,,,,,,0,https://leetcode.com/problems/check-if-strings-can-be-made-equal-with-operations-i
2840,check-if-strings-can-be-made-equal-with-operations-ii,Medium,Hash Table; String; Sorting,2023-08-27,train,False,0,,,,,,,0,https://leetcode.com/problems/check-if-strings-can-be-made-equal-with-operations-ii
2841,maximum-sum-of-almost-unique-subarray,Medium,Array; Hash Table; Sliding Window,2023-08-27,train,False,0,,,,,,,0,https://leetcode.com/problems/maximum-sum-of-almost-unique-subarray
2842,count-k-subsequences-of-a-string-with-maximum-beauty,Hard,Greedy; Hash Table; Math; String; Combinatorics,2023-08-27,train,False,0,,,,,,,0,https://leetcode.com/problems/count-k-subsequences-of-a-string-with-maximum-beauty
2843,count-symmetric-integers,Easy,Math; Enumeration,2023-09-03,train,False,0,,,,,,,0,https://leetcode.com/problems/count-symmetric-integers
2844,minimum-operations-to-make-a-special-number,Medium,Greedy; Math; String; Enumeration,2023-09-03,train,False,0,,,,,,,0,https://leetcode.com/problems/minimum-operations-to-make-a-special-number
2845,count-of-interesting-subarrays,Medium,Array; Hash Table; Prefix Sum,2023-09-03,train,False,0,,,,,,,0,https://leetcode.com/problems/count-of-interesting-subarrays
2846,minimum-edge-weight-equilibrium-queries-in-a-tree,Hard,Tree; Graph; Array; Strongly Connected Component,2023-09-03,train,False,0,,,,,,,0,https://leetcode.com/problems/minimum-edge-weight-equilibrium-queries-in-a-tree
2847,smallest-number-with-given-digit-product,Medium,Greedy; Math,2023-09-03,train,False,0,,,,,,,0,https://leetcode.com/problems/smallest-number-with-given-digit-product
2848,points-that-intersect-with-cars,Easy,Array; Hash Table; Prefix Sum,2023-09-10,train,False,0,,,,,,,0,https://leetcode.com/problems/points-that-intersect-with-cars
2849,determine-if-a-cell-is-reachable-at-a-given-time,Medium,Math,2023-09-10,train,False,0,,,,,,,0,https://leetcode.com/problems/determine-if-a-cell-is-reachable-at-a-given-time
2850,minimum-moves-to-spread-stones-over-grid,Medium,Breadth-First Search; Array; Dynamic Programming; Matrix,2023-09-10,train,False,0,,,,,,,0,https://leetcode.com/problems/minimum-moves-to-spread-stones-over-grid
2851,string-transformation,Hard,Math; String; Dynamic Programming; String Matching,2023-09-10,train,False,0,,,,,,,0,https://leetcode.com/problems/string-transformation
2852,sum-of-remoteness-of-all-cells,Medium,Depth-First Search; Breadth-First Search; Union Find; Array; Hash Table; Matrix,2023-09-10,train,False,0,,,,,,,0,https://leetcode.com/problems/sum-of-remoteness-of-all-cells
2855,minimum-right-shifts-to-sort-the-array,Easy,Array,2023-09-10,train,False,0,,,,,,,0,https://leetcode.com/problems/minimum-right-shifts-to-sort-the-array
2856,minimum-array-length-after-pair-removals,Medium,Greedy; Array; Hash Table; Two Pointers; Binary Search; Counting,2023-09-10,train,False,0,,,,,,,0,https://leetcode.com/problems/minimum-array-length-after-pair-removals
2857,count-pairs-of-points-with-distance-k,Medium,Bit Manipulation; Array; Hash Table,2023-09-10,train,False,0,,,,,,,0,https://leetcode.com/problems/count-pairs-of-points-with-distance-k
2858,minimum-edge-reversals-so-every-node-is-reachable,Hard,Depth-First Search; Breadth-First Search; Graph; Dynamic Programming,2023-09-10,train,False,0,,,,,,,0,https://leetcode.com/problems/minimum-edge-reversals-so-every-node-is-reachable
2859,sum-of-values-at-indices-with-k-set-bits,Easy,Bit Manipulation; Array,2023-09-17,train,False,0,,,,,,,0,https://leetcode.com/problems/sum-of-values-at-indices-with-k-set-bits
2860,happy-students,Medium,Array; Enumeration; Sorting,2023-09-17,train,False,0,,,,,,,0,https://leetcode.com/problems/happy-students
2861,maximum-number-of-alloys,Medium,Array; Binary Search,2023-09-17,train,False,0,,,,,,,0,https://leetcode.com/problems/maximum-number-of-alloys
2862,maximum-element-sum-of-a-complete-subset-of-indices,Hard,Array; Math; Number Theory,2023-09-17,train,False,0,,,,,,,0,https://leetcode.com/problems/maximum-element-sum-of-a-complete-subset-of-indices
2863,maximum-length-of-semi-decreasing-subarrays,Medium,Stack; Array; Sorting; Monotonic Stack,2023-09-17,train,False,0,,,,,,,0,https://leetcode.com/problems/maximum-length-of-semi-decreasing-subarrays
2864,maximum-odd-binary-number,Easy,Greedy; Math; String,2023-09-24,train,False,0,,,,,,,0,https://leetcode.com/problems/maximum-odd-binary-number
2865,beautiful-towers-i,Medium,Stack; Array; Monotonic Stack,2023-09-24,train,False,0,,,,,,,0,https://leetcode.com/problems/beautiful-towers-i
2866,beautiful-towers-ii,Medium,Stack; Array; Monotonic Stack,2023-09-24,train,False,0,,,,,,,0,https://leetcode.com/problems/beautiful-towers-ii
2867,count-valid-paths-in-a-tree,Hard,Tree; Depth-First Search; Math; Dynamic Programming; Number Theory,2023-09-24,train,False,0,,,,,,,0,https://leetcode.com/problems/count-valid-paths-in-a-tree
2868,the-wording-game,Hard,Greedy; Array; Math; Two Pointers; String; Game Theory,2023-09-24,train,False,0,,,,,,,0,https://leetcode.com/problems/the-wording-game
2869,minimum-operations-to-collect-elements,Easy,Bit Manipulation; Array; Hash Table,2023-09-24,train,False,0,,,,,,,0,https://leetcode.com/problems/minimum-operations-to-collect-elements
2870,minimum-number-of-operations-to-make-array-empty,Medium,Greedy; Array; Hash Table; Counting,2023-09-24,train,False,0,,,,,,,0,https://leetcode.com/problems/minimum-number-of-operations-to-make-array-empty
2871,split-array-into-maximum-number-of-subarrays,Medium,Greedy; Bit Manipulation; Array,2023-09-24,train,False,0,,,,,,,0,https://leetcode.com/problems/split-array-into-maximum-number-of-subarrays
2872,maximum-number-of-k-divisible-components,Hard,Tree; Depth-First Search,2023-09-24,train,False,0,,,,,,,0,https://leetcode.com/problems/maximum-number-of-k-divisible-components
2873,maximum-value-of-an-ordered-triplet-i,Easy,Array,2023-10-01,train,False,0,,,,,,,0,https://leetcode.com/problems/maximum-value-of-an-ordered-triplet-i
2874,maximum-value-of-an-ordered-triplet-ii,Medium,Array,2023-10-01,train,False,0,,,,,,,0,https://leetcode.com/problems/maximum-value-of-an-ordered-triplet-ii
2875,minimum-size-subarray-in-infinite-array,Medium,Array; Hash Table; Prefix Sum; Sliding Window,2023-10-01,train,False,0,,,,,,,0,https://leetcode.com/problems/minimum-size-subarray-in-infinite-array
2876,count-visited-nodes-in-a-directed-graph,Hard,Graph; Memoization; Dynamic Programming,2023-10-01,train,False,0,,,,,,,0,https://leetcode.com/problems/count-visited-nodes-in-a-directed-graph
2892,minimizing-array-after-replacing-pairs-with-their-product,Medium,Greedy; Array; Dynamic Programming,2023-10-01,train,False,0,,,,,,,0,https://leetcode.com/problems/minimizing-array-after-replacing-pairs-with-their-product
2894,divisible-and-non-divisible-sums-difference,Easy,Math,2023-10-08,train,False,0,,,,,,,0,https://leetcode.com/problems/divisible-and-non-divisible-sums-difference
2895,minimum-processing-time,Medium,Greedy; Array; Sorting,2023-10-08,train,False,0,,,,,,,0,https://leetcode.com/problems/minimum-processing-time
2896,apply-operations-to-make-two-strings-equal,Medium,String; Dynamic Programming,2023-10-08,train,False,0,,,,,,,0,https://leetcode.com/problems/apply-operations-to-make-two-strings-equal
2897,apply-operations-on-array-to-maximize-sum-of-squares,Hard,Greedy; Bit Manipulation; Array; Hash Table,2023-10-08,train,False,0,,,,,,,0,https://leetcode.com/problems/apply-operations-on-array-to-maximize-sum-of-squares
2898,maximum-linear-stock-score,Medium,Array; Hash Table,2023-10-08,train,False,0,,,,,,,0,https://leetcode.com/problems/maximum-linear-stock-score
2899,last-visited-integers,Easy,Array; Simulation,2023-10-08,train,False,0,,,,,,,0,https://leetcode.com/problems/last-visited-integers
2900,longest-unequal-adjacent-groups-subsequence-i,Easy,Greedy; Array; String; Dynamic Programming,2023-10-08,train,False,0,,,,,,,0,https://leetcode.com/problems/longest-unequal-adjacent-groups-subsequence-i
2901,longest-unequal-adjacent-groups-subsequence-ii,Medium,Array; String; Dynamic Programming,2023-10-08,train,False,0,,,,,,,0,https://leetcode.com/problems/longest-unequal-adjacent-groups-subsequence-ii
2902,count-of-sub-multisets-with-bounded-sum,Hard,Array; Hash Table; Dynamic Programming; Sliding Window,2023-10-08,train,False,0,,,,,,,0,https://leetcode.com/problems/count-of-sub-multisets-with-bounded-sum
2903,find-indices-with-index-and-value-difference-i,Easy,Array; Two Pointers,2023-10-15,train,False,0,,,,,,,0,https://leetcode.com/problems/find-indices-with-index-and-value-difference-i
2904,shortest-and-lexicographically-smallest-beautiful-string,Medium,String; Sliding Window,2023-10-15,train,False,0,,,,,,,0,https://leetcode.com/problems/shortest-and-lexicographically-smallest-beautiful-string
2905,find-indices-with-index-and-value-difference-ii,Medium,Array; Two Pointers,2023-10-15,train,False,0,,,,,,,0,https://leetcode.com/problems/find-indices-with-index-and-value-difference-ii
2906,construct-product-matrix,Medium,Array; Matrix; Prefix Sum,2023-10-15,train,False,0,,,,,,,0,https://leetcode.com/problems/construct-product-matrix
2907,maximum-profitable-triplets-with-increasing-prices-i,Medium,Binary Indexed Tree; Segment Tree; Array,2023-10-15,train,False,0,,,,,,,0,https://leetcode.com/problems/maximum-profitable-triplets-with-increasing-prices-i
2908,minimum-sum-of-mountain-triplets-i,Easy,Array,2023-10-22,train,False,0,,,,,,,0,https://leetcode.com/problems/minimum-sum-of-mountain-triplets-i
2909,minimum-sum-of-mountain-triplets-ii,Medium,Array,2023-10-22,train,False,0,,,,,,,0,https://leetcode.com/problems/minimum-sum-of-mountain-triplets-ii
2911,minimum-changes-to-make-k-semi-palindromes,Hard,Two Pointers; String; Dynamic Programming,2023-10-22,train,False,0,,,,,,,0,https://leetcode.com/problems/minimum-changes-to-make-k-semi-palindromes
2912,number-of-ways-to-reach-destination-in-the-grid,Hard,Math; Dynamic Programming; Combinatorics,2023-10-22,train,False,0,,,,,,,0,https://leetcode.com/problems/number-of-ways-to-reach-destination-in-the-grid
2913,subarrays-distinct-element-sum-of-squares-i,Easy,Array; Hash Table,2023-10-22,train,False,0,,,,,,,0,https://leetcode.com/problems/subarrays-distinct-element-sum-of-squares-i
2914,minimum-number-of-changes-to-make-binary-string-beautiful,Medium,String,2023-10-22,train,False,0,,,,,,,0,https://leetcode.com/problems/minimum-number-of-changes-to-make-binary-string-beautiful
2915,length-of-the-longest-subsequence-that-sums-to-target,Medium,Array; Dynamic Programming,2023-10-22,train,False,0,,,,,,,0,https://leetcode.com/problems/length-of-the-longest-subsequence-that-sums-to-target
2916,subarrays-distinct-element-sum-of-squares-ii,Hard,Binary Indexed Tree; Segment Tree; Array; Dynamic Programming,2023-10-22,train,False,0,,,,,,,0,https://leetcode.com/problems/subarrays-distinct-element-sum-of-squares-ii
2917,find-the-k-or-of-an-array,Easy,Bit Manipulation; Array,2023-10-29,train,False,0,,,,,,,0,https://leetcode.com/problems/find-the-k-or-of-an-array
2918,minimum-equal-sum-of-two-arrays-after-replacing-zeros,Medium,Greedy; Array,2023-10-29,train,False,0,,,,,,,0,https://leetcode.com/problems/minimum-equal-sum-of-two-arrays-after-replacing-zeros
2919,minimum-increment-operations-to-make-array-beautiful,Medium,Array; Dynamic Programming,2023-10-29,train,False,0,,,,,,,0,https://leetcode.com/problems/minimum-increment-operations-to-make-array-beautiful
2920,maximum-points-after-collecting-coins-from-all-nodes,Hard,Bit Manipulation; Tree; Depth-First Search; Memoization; Array; Dynamic Programming,2023-10-29,train,False,0,,,,,,,0,https://leetcode.com/problems/maximum-points-after-collecting-coins-from-all-nodes
2921,maximum-profitable-triplets-with-increasing-prices-ii,Hard,Binary Indexed Tree; Segment Tree; Array,2023-10-29,train,False,0,,,,,,,0,https://leetcode.com/problems/maximum-profitable-triplets-with-increasing-prices-ii
2923,find-champion-i,Easy,Array; Matrix,2023-11-05,train,False,0,,,,,,,0,https://leetcode.com/problems/find-champion-i
2924,find-champion-ii,Medium,Graph,2023-11-05,train,False,0,,,,,,,0,https://leetcode.com/problems/find-champion-ii
2925,maximum-score-after-applying-operations-on-a-tree,Medium,Tree; Depth-First Search; Dynamic Programming,2023-11-05,train,False,0,,,,,,,0,https://leetcode.com/problems/maximum-score-after-applying-operations-on-a-tree
2926,maximum-balanced-subsequence-sum,Hard,Binary Indexed Tree; Segment Tree; Array; Binary Search; Dynamic Programming,2023-11-05,train,False,0,,,,,,,0,https://leetcode.com/problems/maximum-balanced-subsequence-sum
2927,distribute-candies-among-children-iii,Hard,Math; Combinatorics,2023-11-05,train,False,0,,,,,,,0,https://leetcode.com/problems/distribute-candies-among-children-iii
2928,distribute-candies-among-children-i,Easy,Math; Combinatorics; Enumeration,2023-11-05,train,False,0,,,,,,,0,https://leetcode.com/problems/distribute-candies-among-children-i
2929,distribute-candies-among-children-ii,Medium,Math; Combinatorics; Enumeration,2023-11-05,train,False,0,,,,,,,0,https://leetcode.com/problems/distribute-candies-among-children-ii
2930,number-of-strings-which-can-be-rearranged-to-contain-substring,Medium,Math; Dynamic Programming; Combinatorics,2023-11-05,train,False,0,,,,,,,0,https://leetcode.com/problems/number-of-strings-which-can-be-rearranged-to-contain-substring
2931,maximum-spending-after-buying-items,Hard,Greedy; Array; Matrix; Sorting; Heap (Priority Queue),2023-11-05,train,False,0,,,,,,,0,https://leetcode.com/problems/maximum-spending-after-buying-items
2932,maximum-strong-pair-xor-i,Easy,Bit Manipulation; Trie; Array; Hash Table; Sliding Window,2023-11-12,train,False,0,,,,,,,0,https://leetcode.com/problems/maximum-strong-pair-xor-i
2933,high-access-employees,Medium,Array; Hash Table; String; Sorting,2023-11-12,train,False,0,,,,,,,0,https://leetcode.com/problems/high-access-employees
2934,minimum-operations-to-maximize-last-elements-in-arrays,Medium,Array; Enumeration,2023-11-12,train,False,0,,,,,,,0,https://leetcode.com/problems/minimum-operations-to-maximize-last-elements-in-arrays
2935,maximum-strong-pair-xor-ii,Hard,Bit Manipulation; Trie; Array; Hash Table; Sliding Window,2023-11-12,train,False,0,,,,,,,0,https://leetcode.com/problems/maximum-strong-pair-xor-ii
2937,make-three-strings-equal,Easy,String,2023-11-19,train,False,0,,,,,,,0,https://leetcode.com/problems/make-three-strings-equal
2938,separate-black-and-white-balls,Medium,Greedy; Two Pointers; String,2023-11-19,train,False,0,,,,,,,0,https://leetcode.com/problems/separate-black-and-white-balls
2939,maximum-xor-product,Medium,Greedy; Bit Manipulation; Math,2023-11-19,train,False,0,,,,,,,0,https://leetcode.com/problems/maximum-xor-product
2940,find-building-where-alice-and-bob-can-meet,Hard,Stack; Binary Indexed Tree; Segment Tree; Array; Binary Search; Monotonic Stack; Heap (Priority Queue),2023-11-19,train,False,0,,,,,,,0,https://leetcode.com/problems/find-building-where-alice-and-bob-can-meet
2941,maximum-gcd-sum-of-a-subarray,Hard,Array; Math; Binary Search; Number Theory,2023-11-19,train,False,0,,,,,,,0,https://leetcode.com/problems/maximum-gcd-sum-of-a-subarray
2942,find-words-containing-character,Easy,Array; String,2023-11-19,train,False,0,,,,,,,0,https://leetcode.com/problems/find-words-containing-character
2943,maximize-area-of-square-hole-in-grid,Medium,Array; Sorting,2023-11-19,train,False,0,,,,,,,0,https://leetcode.com/problems/maximize-area-of-square-hole-in-grid
2944,minimum-number-of-coins-for-fruits,Medium,Queue; Array; Dynamic Programming; Monotonic Queue; Heap (Priority Queue),2023-11-19,train,False,0,,,,,,,0,https://leetcode.com/problems/minimum-number-of-coins-for-fruits
2945,find-maximum-non-decreasing-array-length,Hard,Stack; Queue; Array; Binary Search; Dynamic Programming; Monotonic Queue; Monotonic Stack,2023-11-19,train,False,0,,,,,,,0,https://leetcode.com/problems/find-maximum-non-decreasing-array-length
2946,matrix-similarity-after-cyclic-shifts,Easy,Array; Math; Matrix; Simulation,2023-11-26,train,False,0,,,,,,,0,https://leetcode.com/problems/matrix-similarity-after-cyclic-shifts
2947,count-beautiful-substrings-i,Medium,Hash Table; Math; String; Enumeration; Number Theory; Prefix Sum,2023-11-26,train,False,0,,,,,,,0,https://leetcode.com/problems/count-beautiful-substrings-i
2948,make-lexicographically-smallest-array-by-swapping-elements,Medium,Union Find; Array; Sorting,2023-11-26,train,False,0,,,,,,,0,https://leetcode.com/problems/make-lexicographically-smallest-array-by-swapping-elements
2949,count-beautiful-substrings-ii,Hard,Hash Table; Math; String; Number Theory; Prefix Sum,2023-11-26,train,False,0,,,,,,,0,https://leetcode.com/problems/count-beautiful-substrings-ii
2950,number-of-divisible-substrings,Medium,Hash Table; String; Counting; Prefix Sum,2023-11-26,train,False,0,,,,,,,0,https://leetcode.com/problems/number-of-divisible-substrings
2951,find-the-peaks,Easy,Array; Enumeration,2023-12-03,train,False,0,,,,,,,0,https://leetcode.com/problems/find-the-peaks
2952,minimum-number-of-coins-to-be-added,Medium,Greedy; Array; Sorting,2023-12-03,train,False,0,,,,,,,0,https://leetcode.com/problems/minimum-number-of-coins-to-be-added
2953,count-complete-substrings,Hard,Hash Table; String; Sliding Window,2023-12-03,train,False,0,,,,,,,0,https://leetcode.com/problems/count-complete-substrings
2955,number-of-same-end-substrings,Medium,Array; Hash Table; String; Counting; Prefix Sum,2023-12-03,train,False,0,,,,,,,0,https://leetcode.com/problems/number-of-same-end-substrings
2956,find-common-elements-between-two-arrays,Easy,Array; Hash Table,2023-12-03,train,False,0,,,,,,,0,https://leetcode.com/problems/find-common-elements-between-two-arrays
2957,remove-adjacent-almost-equal-characters,Medium,Greedy; String; Dynamic Programming,2023-12-03,train,False,0,,,,,,,0,https://leetcode.com/problems/remove-adjacent-almost-equal-characters
2958,length-of-longest-subarray-with-at-most-k-frequency,Medium,Array; Hash Table; Sliding Window,2023-12-03,train,False,0,,,,,,,0,https://leetcode.com/problems/length-of-longest-subarray-with-at-most-k-frequency
2959,number-of-possible-sets-of-closing-branches,Hard,Bit Manipulation; Graph; Enumeration; Shortest Path; Heap (Priority Queue),2023-12-03,train,False,0,,,,,,,0,https://leetcode.com/problems/number-of-possible-sets-of-closing-branches
2960,count-tested-devices-after-test-operations,Easy,Array; Counting; Simulation,2023-12-10,train,False,0,,,,,,,0,https://leetcode.com/problems/count-tested-devices-after-test-operations
2962,count-subarrays-where-max-element-appears-at-least-k-times,Medium,Array; Sliding Window,2023-12-10,train,False,0,,,,,,,0,https://leetcode.com/problems/count-subarrays-where-max-element-appears-at-least-k-times
2964,number-of-divisible-triplet-sums,Medium,Array; Hash Table,2023-12-10,train,False,0,,,,,,,0,https://leetcode.com/problems/number-of-divisible-triplet-sums
2965,find-missing-and-repeated-values,Easy,Array; Hash Table; Math; Matrix,2023-12-17,train,False,0,,,,,,,0,https://leetcode.com/problems/find-missing-and-repeated-values
2966,divide-array-into-arrays-with-max-difference,Medium,Greedy; Array; Sorting,2023-12-17,train,False,0,,,,,,,0,https://leetcode.com/problems/divide-array-into-arrays-with-max-difference
2967,minimum-cost-to-make-array-equalindromic,Medium,Greedy; Array; Math; Binary Search; Sorting,2023-12-17,train,False,0,,,,,,,0,https://leetcode.com/problems/minimum-cost-to-make-array-equalindromic
2968,apply-operations-to-maximize-frequency-score,Hard,Array; Binary Search; Prefix Sum; Sorting; Sliding Window,2023-12-17,train,False,0,,,,,,,0,https://leetcode.com/problems/apply-operations-to-maximize-frequency-score
2969,minimum-number-of-coins-for-fruits-ii,Hard,Queue; Array; Dynamic Programming; Monotonic Queue; Heap (Priority Queue),2023-12-17,train,False,0,,,,,,,0,https://leetcode.com/problems/minimum-number-of-coins-for-fruits-ii
2970,count-the-number-of-incremovable-subarrays-i,Easy,Array; Two Pointers; Binary Search; Enumeration,2023-12-17,train,False,0,,,,,,,0,https://leetcode.com/problems/count-the-number-of-incremovable-subarrays-i
2971,find-polygon-with-the-largest-perimeter,Medium,Greedy; Array; Prefix Sum; Sorting,2023-12-17,train,False,0,,,,,,,0,https://leetcode.com/problems/find-polygon-with-the-largest-perimeter
2972,count-the-number-of-incremovable-subarrays-ii,Hard,Array; Two Pointers; Binary Search,2023-12-17,train,False,0,,,,,,,0,https://leetcode.com/problems/count-the-number-of-incremovable-subarrays-ii
2973,find-number-of-coins-to-place-in-tree-nodes,Hard,Tree; Depth-First Search; Dynamic Programming; Sorting; Heap (Priority Queue),2023-12-17,train,False,0,,,,,,,0,https://leetcode.com/problems/find-number-of-coins-to-place-in-tree-nodes
2974,minimum-number-game,Easy,Array; Sorting; Simulation; Heap (Priority Queue),2023-12-24,train,False,0,,,,,,,0,https://leetcode.com/problems/minimum-number-game
2975,maximum-square-area-by-removing-fences-from-a-field,Medium,Array; Hash Table; Enumeration,2023-12-24,train,False,0,,,,,,,0,https://leetcode.com/problems/maximum-square-area-by-removing-fences-from-a-field
2976,minimum-cost-to-convert-string-i,Medium,Graph; Array; String; Shortest Path,2023-12-24,train,False,0,,,,,,,0,https://leetcode.com/problems/minimum-cost-to-convert-string-i
2977,minimum-cost-to-convert-string-ii,Hard,Graph; Trie; Array; String; Dynamic Programming; Shortest Path,2023-12-24,train,False,0,,,,,,,0,https://leetcode.com/problems/minimum-cost-to-convert-string-ii
2979,most-expensive-item-that-can-not-be-bought,Medium,Math; Dynamic Programming; Number Theory,2023-12-24,train,False,0,,,,,,,0,https://leetcode.com/problems/most-expensive-item-that-can-not-be-bought
2980,check-if-bitwise-or-has-trailing-zeros,Easy,Bit Manipulation; Array,2023-12-31,train,False,0,,,,,,,0,https://leetcode.com/problems/check-if-bitwise-or-has-trailing-zeros
2981,find-longest-special-substring-that-occurs-thrice-i,Medium,Hash Table; String; Binary Search; Counting; Sliding Window,2023-12-31,train,False,0,,,,,,,0,https://leetcode.com/problems/find-longest-special-substring-that-occurs-thrice-i
2982,find-longest-special-substring-that-occurs-thrice-ii,Medium,Hash Table; String; Binary Search; Counting; Sliding Window,2023-12-31,train,False,0,,,,,,,0,https://leetcode.com/problems/find-longest-special-substring-that-occurs-thrice-ii
2983,palindrome-rearrangement-queries,Hard,Hash Table; String; Prefix Sum,2023-12-31,train,False,0,,,,,,,0,https://leetcode.com/problems/palindrome-rearrangement-queries
2992,number-of-self-divisible-permutations,Medium,Bit Manipulation; Array; Dynamic Programming; Backtracking; Bitmask,2023-12-31,train,False,0,,,,,,,0,https://leetcode.com/problems/number-of-self-divisible-permutations
2996,smallest-missing-integer-greater-than-sequential-prefix-sum,Easy,Array; Hash Table; Sorting,2023-12-31,train,False,0,,,,,,,0,https://leetcode.com/problems/smallest-missing-integer-greater-than-sequential-prefix-sum
2997,minimum-number-of-operations-to-make-array-xor-equal-to-k,Medium,Bit Manipulation; Array,2023-12-31,train,False,0,,,,,,,0,https://leetcode.com/problems/minimum-number-of-operations-to-make-array-xor-equal-to-k
2998,minimum-number-of-operations-to-make-x-and-y-equal,Medium,Breadth-First Search; Memoization; Dynamic Programming,2023-12-31,train,False,0,,,,,,,0,https://leetcode.com/problems/minimum-number-of-operations-to-make-x-and-y-equal
2999,count-the-number-of-powerful-integers,Hard,Math; String; Dynamic Programming,2023-12-31,train,False,0,,,,,,,0,https://leetcode.com/problems/count-the-number-of-powerful-integers
3000,maximum-area-of-longest-diagonal-rectangle,Easy,Array,2024-01-07,train,False,0,,,,,,,0,https://leetcode.com/problems/maximum-area-of-longest-diagonal-rectangle
3001,minimum-moves-to-capture-the-queen,Medium,Math; Enumeration,2024-01-07,train,False,0,,,,,,,0,https://leetcode.com/problems/minimum-moves-to-capture-the-queen
3002,maximum-size-of-a-set-after-removals,Medium,Greedy; Array; Hash Table,2024-01-07,train,False,0,,,,,,,0,https://leetcode.com/problems/maximum-size-of-a-set-after-removals
3003,maximize-the-number-of-partitions-after-operations,Hard,Bit Manipulation; String; Dynamic Programming; Bitmask,2024-01-07,train,False,0,,,,,,,0,https://leetcode.com/problems/maximize-the-number-of-partitions-after-operations
3004,maximum-subtree-of-the-same-color,Medium,Tree; Depth-First Search; Array; Dynamic Programming,2024-01-07,train,False,0,,,,,,,0,https://leetcode.com/problems/maximum-subtree-of-the-same-color
3005,count-elements-with-maximum-frequency,Easy,Array; Hash Table; Counting,2024-01-14,train,False,0,,,,,,,0,https://leetcode.com/problems/count-elements-with-maximum-frequency
3006,find-beautiful-indices-in-the-given-array-i,Medium,Two Pointers; String; Binary Search; String Matching; Hash Function; Rolling Hash,2024-01-14,train,False,0,,,,,,,0,https://leetcode.com/problems/find-beautiful-indices-in-the-given-array-i
3007,maximum-number-that-sum-of-the-prices-is-less-than-or-equal-to-k,Medium,Bit Manipulation; Binary Search; Dynamic Programming,2024-01-14,train,False,0,,,,,,,0,https://leetcode.com/problems/maximum-number-that-sum-of-the-prices-is-less-than-or-equal-to-k
3008,find-beautiful-indices-in-the-given-array-ii,Hard,Two Pointers; String; Binary Search; String Matching; Hash Function; Rolling Hash,2024-01-14,train,False,0,,,,,,,0,https://leetcode.com/problems/find-beautiful-indices-in-the-given-array-ii
3009,maximum-number-of-intersections-on-the-chart,Hard,Binary Indexed Tree; Geometry; Array; Math,2024-01-14,train,False,0,,,,,,,0,https://leetcode.com/problems/maximum-number-of-intersections-on-the-chart
3010,divide-an-array-into-subarrays-with-minimum-cost-i,Easy,Array; Enumeration; Sorting,2024-01-14,train,False,0,,,,,,,0,https://leetcode.com/problems/divide-an-array-into-subarrays-with-minimum-cost-i
3011,find-if-array-can-be-sorted,Medium,Bit Manipulation; Array; Sorting,2024-01-14,train,False,0,,,,,,,0,https://leetcode.com/problems/find-if-array-can-be-sorted
3012,minimize-length-of-array-using-operations,Medium,Greedy; Array; Math; Number Theory,2024-01-14,train,False,0,,,,,,,0,https://leetcode.com/problems/minimize-length-of-array-using-operations
3013,divide-an-array-into-subarrays-with-minimum-cost-ii,Hard,Array; Hash Table; Sliding Window; Heap (Priority Queue),2024-01-14,train,False,0,,,,,,,0,https://leetcode.com/problems/divide-an-array-into-subarrays-with-minimum-cost-ii
3014,minimum-number-of-pushes-to-type-word-i,Easy,Greedy; Math; String,2024-01-21,train,False,0,,,,,,,0,https://leetcode.com/problems/minimum-number-of-pushes-to-type-word-i
3015,count-the-number-of-houses-at-a-certain-distance-i,Medium,Breadth-First Search; Graph; Prefix Sum,2024-01-21,train,False,0,,,,,,,0,https://leetcode.com/problems/count-the-number-of-houses-at-a-certain-distance-i
3016,minimum-number-of-pushes-to-type-word-ii,Medium,Greedy; Hash Table; String; Counting; Sorting,2024-01-21,train,False,0,,,,,,,0,https://leetcode.com/problems/minimum-number-of-pushes-to-type-word-ii
3017,count-the-number-of-houses-at-a-certain-distance-ii,Hard,Graph; Prefix Sum,2024-01-21,train,False,0,,,,,,,0,https://leetcode.com/problems/count-the-number-of-houses-at-a-certain-distance-ii
3018,maximum-number-of-removal-queries-that-can-be-processed-i,Hard,Array; Dynamic Programming,2024-01-21,train,False,0,,,,,,,0,https://leetcode.com/problems/maximum-number-of-removal-queries-that-can-be-processed-i
3019,number-of-changing-keys,Easy,String,2024-01-28,train,False,0,,,,,,,0,https://leetcode.com/problems/number-of-changing-keys
3020,find-the-maximum-number-of-elements-in-subset,Medium,Array; Hash Table; Enumeration,2024-01-28,train,False,0,,,,,,,0,https://leetcode.com/problems/find-the-maximum-number-of-elements-in-subset
3021,alice-and-bob-playing-flower-game,Medium,Math,2024-01-28,train,False,0,,,,,,,0,https://leetcode.com/problems/alice-and-bob-playing-flower-game
3022,minimize-or-of-remaining-elements-using-operations,Hard,Greedy; Bit Manipulation; Array,2024-01-28,train,False,0,,,,,,,0,https://leetcode.com/problems/minimize-or-of-remaining-elements-using-operations
3024,type-of-triangle,Easy,Array; Math; Sorting,2024-01-28,train,False,0,,,,,,,0,https://leetcode.com/problems/type-of-triangle
3025,find-the-number-of-ways-to-place-people-i,Medium,Geometry; Array; Math; Enumeration; Sorting,2024-01-28,train,False,0,,,,,,,0,https://leetcode.com/problems/find-the-number-of-ways-to-place-people-i
3026,maximum-good-subarray-sum,Medium,Array; Hash Table; Prefix Sum,2024-01-28,train,False,0,,,,,,,0,https://leetcode.com/problems/maximum-good-subarray-sum
3027,find-the-number-of-ways-to-place-people-ii,Hard,Geometry; Array; Math; Enumeration; Sorting,2024-01-28,train,False,0,,,,,,,0,https://leetcode.com/problems/find-the-number-of-ways-to-place-people-ii
3028,ant-on-the-boundary,Easy,Array; Prefix Sum; Simulation,2024-02-04,train,False,0,,,,,,,0,https://leetcode.com/problems/ant-on-the-boundary
3029,minimum-time-to-revert-word-to-initial-state-i,Medium,String; String Matching; Hash Function; Rolling Hash,2024-02-04,train,False,0,,,,,,,0,https://leetcode.com/problems/minimum-time-to-revert-word-to-initial-state-i
3030,find-the-grid-of-region-average,Medium,Array; Matrix,2024-02-04,train,False,0,,,,,,,0,https://leetcode.com/problems/find-the-grid-of-region-average
3031,minimum-time-to-revert-word-to-initial-state-ii,Hard,String; String Matching; Hash Function; Rolling Hash,2024-02-04,train,False,0,,,,,,,0,https://leetcode.com/problems/minimum-time-to-revert-word-to-initial-state-ii
3032,count-numbers-with-unique-digits-ii,Easy,Hash Table; Math; Dynamic Programming,2024-02-04,train,False,0,,,,,,,0,https://leetcode.com/problems/count-numbers-with-unique-digits-ii
3033,modify-the-matrix,Easy,Array; Matrix,2024-02-11,train,False,0,,,,,,,0,https://leetcode.com/problems/modify-the-matrix
3034,number-of-subarrays-that-match-a-pattern-i,Medium,Array; String Matching; Hash Function; Rolling Hash,2024-02-11,train,False,0,,,,,,,0,https://leetcode.com/problems/number-of-subarrays-that-match-a-pattern-i
3035,maximum-palindromes-after-operations,Medium,Greedy; Array; Hash Table; String; Counting; Sorting,2024-02-11,train,False,0,,,,,,,0,https://leetcode.com/problems/maximum-palindromes-after-operations
3036,number-of-subarrays-that-match-a-pattern-ii,Hard,Array; String Matching; Hash Function; Rolling Hash,2024-02-11,train,False,0,,,,,,,0,https://leetcode.com/problems/number-of-subarrays-that-match-a-pattern-ii
3038,maximum-number-of-operations-with-the-same-score-i,Easy,Array; Simulation,2024-02-11,train,False,0,,,,,,,0,https://leetcode.com/problems/maximum-number-of-operations-with-the-same-score-i
3039,apply-operations-to-make-string-empty,Medium,Array; Hash Table; Counting; Sorting,2024-02-11,train,False,0,,,,,,,0,https://leetcode.com/problems/apply-operations-to-make-string-empty
3040,maximum-number-of-operations-with-the-same-score-ii,Medium,Memoization; Array; Dynamic Programming,2024-02-11,train,False,0,,,,,,,0,https://leetcode.com/problems/maximum-number-of-operations-with-the-same-score-ii
3041,maximize-consecutive-elements-in-an-array-after-modification,Hard,Array; Dynamic Programming; Sorting,2024-02-11,train,False,0,,,,,,,0,https://leetcode.com/problems/maximize-consecutive-elements-in-an-array-after-modification
3042,count-prefix-and-suffix-pairs-i,Easy,Trie; Array; String; String Matching; Hash Function; Rolling Hash,2024-02-18,train,False,0,,,,,,,0,https://leetcode.com/problems/count-prefix-and-suffix-pairs-i
3043,find-the-length-of-the-longest-common-prefix,Medium,Trie; Array; Hash Table; String,2024-02-18,train,False,0,,,,,,,0,https://leetcode.com/problems/find-the-length-of-the-longest-common-prefix
3044,most-frequent-prime,Medium,Array; Hash Table; Math; Counting; Enumeration; Matrix; Number Theory,2024-02-18,train,False,0,,,,,,,0,https://leetcode.com/problems/most-frequent-prime
3045,count-prefix-and-suffix-pairs-ii,Hard,Trie; Array; String; String Matching; Hash Function; Rolling Hash,2024-02-18,train,False,0,,,,,,,0,https://leetcode.com/problems/count-prefix-and-suffix-pairs-ii
3046,split-the-array,Easy,Array; Hash Table; Counting,2024-02-25,train,False,0,,,,,,,0,https://leetcode.com/problems/split-the-array
3047,find-the-largest-area-of-square-inside-two-rectangles,Medium,Geometry; Array; Math,2024-02-25,train,False,0,,,,,,,0,https://leetcode.com/problems/find-the-largest-area-of-square-inside-two-rectangles
3048,earliest-second-to-mark-indices-i,Medium,Array; Binary Search,2024-02-25,train,False,0,,,,,,,0,https://leetcode.com/problems/earliest-second-to-mark-indices-i
3062,winner-of-the-linked-list-game,Easy,Linked List,2024-02-25,train,False,0,,,,,,,0,https://leetcode.com/problems/winner-of-the-linked-list-game
3063,linked-list-frequency,Easy,Hash Table; Linked List; Counting,2024-02-25,train,False,0,,,,,,,0,https://leetcode.com/problems/linked-list-frequency
3065,minimum-operations-to-exceed-threshold-value-i,Easy,Array,2024-02-25,train,False,0,,,,,,,0,https://leetcode.com/problems/minimum-operations-to-exceed-threshold-value-i
3066,minimum-operations-to-exceed-threshold-value-ii,Medium,Array; Simulation; Heap (Priority Queue),2024-02-25,train,False,0,,,,,,,0,https://leetcode.com/problems/minimum-operations-to-exceed-threshold-value-ii
3067,count-pairs-of-connectable-servers-in-a-weighted-tree-network,Medium,Tree; Depth-First Search; Array,2024-02-25,train,False,0,,,,,,,0,https://leetcode.com/problems/count-pairs-of-connectable-servers-in-a-weighted-tree-network
3068,find-the-maximum-sum-of-node-values,Hard,Greedy; Bit Manipulation; Tree; Array; Dynamic Programming; Sorting,2024-02-25,train,False,0,,,,,,,0,https://leetcode.com/problems/find-the-maximum-sum-of-node-values
3069,distribute-elements-into-two-arrays-i,Easy,Array; Simulation,2024-03-03,train,False,0,,,,,,,0,https://leetcode.com/problems/distribute-elements-into-two-arrays-i
3070,count-submatrices-with-top-left-element-and-sum-less-than-k,Medium,Array; Matrix; Prefix Sum,2024-03-03,train,False,0,,,,,,,0,https://leetcode.com/problems/count-submatrices-with-top-left-element-and-sum-less-than-k
3071,minimum-operations-to-write-the-letter-y-on-a-grid,Medium,Array; Hash Table; Counting; Matrix,2024-03-03,train,False,0,,,,,,,0,https://leetcode.com/problems/minimum-operations-to-write-the-letter-y-on-a-grid
3072,distribute-elements-into-two-arrays-ii,Hard,Binary Indexed Tree; Segment Tree; Array; Simulation,2024-03-03,train,False,0,,,,,,,0,https://leetcode.com/problems/distribute-elements-into-two-arrays-ii
3073,maximum-increasing-triplet-value,Medium,Array; Ordered Set,2024-03-03,train,False,0,,,,,,,0,https://leetcode.com/problems/maximum-increasing-triplet-value
3074,apple-redistribution-into-boxes,Easy,Greedy; Array; Sorting,2024-03-10,train,False,0,,,,,,,0,https://leetcode.com/problems/apple-redistribution-into-boxes
3075,maximize-happiness-of-selected-children,Medium,Greedy; Array; Sorting,2024-03-10,train,False,0,,,,,,,0,https://leetcode.com/problems/maximize-happiness-of-selected-children
3076,shortest-uncommon-substring-in-an-array,Medium,Trie; Array; Hash Table; String,2024-03-10,train,False,0,,,,,,,0,https://leetcode.com/problems/shortest-uncommon-substring-in-an-array
3077,maximum-strength-of-k-disjoint-subarrays,Hard,Array; Dynamic Programming; Prefix Sum,2024-03-10,train,False,0,,,,,,,0,https://leetcode.com/problems/maximum-strength-of-k-disjoint-subarrays
3078,match-alphanumerical-pattern-in-matrix-i,Medium,Array; Hash Table; String; Matrix,2024-03-10,train,False,0,,,,,,,0,https://leetcode.com/problems/match-alphanumerical-pattern-in-matrix-i
3079,find-the-sum-of-encrypted-integers,Easy,Array; Math,2024-03-10,train,False,0,,,,,,,0,https://leetcode.com/problems/find-the-sum-of-encrypted-integers
3080,mark-elements-on-array-by-performing-queries,Medium,Array; Hash Table; Sorting; Simulation; Heap (Priority Queue),2024-03-10,train,False,0,,,,,,,0,https://leetcode.com/problems/mark-elements-on-array-by-performing-queries
3081,replace-question-marks-in-string-to-minimize-its-value,Medium,Greedy; Hash Table; String; Counting; Sorting; Heap (Priority Queue),2024-03-10,train,False,0,,,,,,,0,https://leetcode.com/problems/replace-question-marks-in-string-to-minimize-its-value
3082,find-the-sum-of-the-power-of-all-subsequences,Hard,Array; Dynamic Programming,2024-03-10,train,False,0,,,,,,,0,https://leetcode.com/problems/find-the-sum-of-the-power-of-all-subsequences
3083,existence-of-a-substring-in-a-string-and-its-reverse,Easy,Hash Table; String,2024-03-17,train,False,0,,,,,,,0,https://leetcode.com/problems/existence-of-a-substring-in-a-string-and-its-reverse
3084,count-substrings-starting-and-ending-with-given-character,Medium,Math; String; Counting,2024-03-17,train,False,0,,,,,,,0,https://leetcode.com/problems/count-substrings-starting-and-ending-with-given-character
3085,minimum-deletions-to-make-string-k-special,Medium,Greedy; Hash Table; String; Counting; Sorting,2024-03-17,train,False,0,,,,,,,0,https://leetcode.com/problems/minimum-deletions-to-make-string-k-special
3086,minimum-moves-to-pick-k-ones,Hard,Greedy; Array; Prefix Sum; Sliding Window,2024-03-17,train,False,0,,,,,,,0,https://leetcode.com/problems/minimum-moves-to-pick-k-ones
3088,make-string-anti-palindrome,Hard,Greedy; String; Counting Sort; Sorting,2024-03-17,train,False,0,,,,,,,0,https://leetcode.com/problems/make-string-anti-palindrome
3090,maximum-length-substring-with-two-occurrences,Easy,Hash Table; String; Sliding Window,2024-03-24,train,False,0,,,,,,,0,https://leetcode.com/problems/maximum-length-substring-with-two-occurrences
3091,apply-operations-to-make-sum-of-array-greater-than-or-equal-to-k,Medium,Greedy; Math; Enumeration,2024-03-24,train,False,0,,,,,,,0,https://leetcode.com/problems/apply-operations-to-make-sum-of-array-greater-than-or-equal-to-k
3092,most-frequent-ids,Medium,Array; Hash Table; Ordered Set; Heap (Priority Queue),2024-03-24,train,False,0,,,,,,,0,https://leetcode.com/problems/most-frequent-ids
3093,longest-common-suffix-queries,Hard,Trie; Array; String,2024-03-24,train,False,0,,,,,,,0,https://leetcode.com/problems/longest-common-suffix-queries
3095,shortest-subarray-with-or-at-least-k-i,Easy,Bit Manipulation; Array; Sliding Window,2024-03-24,train,False,0,,,,,,,0,https://leetcode.com/problems/shortest-subarray-with-or-at-least-k-i
3096,minimum-levels-to-gain-more-points,Medium,Array; Prefix Sum,2024-03-24,train,False,0,,,,,,,0,https://leetcode.com/problems/minimum-levels-to-gain-more-points
3097,shortest-subarray-with-or-at-least-k-ii,Medium,Bit Manipulation; Array; Sliding Window,2024-03-24,train,False,0,,,,,,,0,https://leetcode.com/problems/shortest-subarray-with-or-at-least-k-ii
3098,find-the-sum-of-subsequence-powers,Hard,Array; Dynamic Programming; Sorting,2024-03-24,train,False,0,,,,,,,0,https://leetcode.com/problems/find-the-sum-of-subsequence-powers
3099,harshad-number,Easy,Math,2024-03-31,train,False,0,,,,,,,0,https://leetcode.com/problems/harshad-number
3100,water-bottles-ii,Medium,Math; Simulation,2024-03-31,train,False,0,,,,,,,0,https://leetcode.com/problems/water-bottles-ii
3101,count-alternating-subarrays,Medium,Array; Math,2024-03-31,train,False,0,,,,,,,0,https://leetcode.com/problems/count-alternating-subarrays
3102,minimize-manhattan-distances,Hard,Geometry; Array; Math; Ordered Set; Sorting,2024-03-31,train,False,0,,,,,,,0,https://leetcode.com/problems/minimize-manhattan-distances
3104,find-longest-self-contained-substring,Hard,Hash Table; String; Binary Search; Prefix Sum,2024-03-31,train,False,0,,,,,,,0,https://leetcode.com/problems/find-longest-self-contained-substring
3105,longest-strictly-increasing-or-strictly-decreasing-subarray,Easy,Array,2024-04-07,train,False,0,,,,,,,0,https://leetcode.com/problems/longest-strictly-increasing-or-strictly-decreasing-subarray
3106,lexicographically-smallest-string-after-operations-with-constraint,Medium,Greedy; String,2024-04-07,train,False,0,,,,,,,0,https://leetcode.com/problems/lexicographically-smallest-string-after-operations-with-constraint
3107,minimum-operations-to-make-median-of-array-equal-to-k,Medium,Greedy; Array; Sorting,2024-04-07,train,False,0,,,,,,,0,https://leetcode.com/problems/minimum-operations-to-make-median-of-array-equal-to-k
3108,minimum-cost-walk-in-weighted-graph,Hard,Bit Manipulation; Union Find; Graph; Array,2024-04-07,train,False,0,,,,,,,0,https://leetcode.com/problems/minimum-cost-walk-in-weighted-graph
3109,find-the-index-of-permutation,Medium,Binary Indexed Tree; Segment Tree; Array; Binary Search; Divide and Conquer; Ordered Set; Merge Sort,2024-04-07,train,False,0,,,,,,,0,https://leetcode.com/problems/find-the-index-of-permutation
3110,score-of-a-string,Easy,String,2024-04-07,train,False,0,,,,,,,0,https://leetcode.com/problems/score-of-a-string
3111,minimum-rectangles-to-cover-points,Medium,Greedy; Array; Sorting,2024-04-07,train,False,0,,,,,,,0,https://leetcode.com/problems/minimum-rectangles-to-cover-points
3112,minimum-time-to-visit-disappearing-nodes,Medium,Graph; Array; Shortest Path; Heap (Priority Queue),2024-04-07,train,False,0,,,,,,,0,https://leetcode.com/problems/minimum-time-to-visit-disappearing-nodes
3113,find-the-number-of-subarrays-where-boundary-elements-are-maximum,Hard,Stack; Array; Binary Search; Monotonic Stack,2024-04-07,train,False,0,,,,,,,0,https://leetcode.com/problems/find-the-number-of-subarrays-where-boundary-elements-are-maximum
3114,latest-time-you-can-obtain-after-replacing-characters,Easy,String; Enumeration,2024-04-14,train,False,0,,,,,,,0,https://leetcode.com/problems/latest-time-you-can-obtain-after-replacing-characters
3115,maximum-prime-difference,Medium,Array; Math; Number Theory,2024-04-14,train,False,0,,,,,,,0,https://leetcode.com/problems/maximum-prime-difference
3116,kth-smallest-amount-with-single-denomination-combination,Hard,Bit Manipulation; Array; Math; Binary Search; Combinatorics; Number Theory,2024-04-14,train,False,0,,,,,,,0,https://leetcode.com/problems/kth-smallest-amount-with-single-denomination-combination
3117,minimum-sum-of-values-by-dividing-array,Hard,Bit Manipulation; Segment Tree; Queue; Array; Binary Search; Dynamic Programming,2024-04-14,train,False,0,,,,,,,0,https://leetcode.com/problems/minimum-sum-of-values-by-dividing-array
3119,maximum-number-of-potholes-that-can-be-fixed,Medium,Greedy; String; Sorting,2024-04-14,train,False,0,,,,,,,0,https://leetcode.com/problems/maximum-number-of-potholes-that-can-be-fixed
3120,count-the-number-of-special-characters-i,Easy,Hash Table; String,2024-04-21,train,False,0,,,,,,,0,https://leetcode.com/problems/count-the-number-of-special-characters-i
3121,count-the-number-of-special-characters-ii,Medium,Hash Table; String,2024-04-21,train,False,0,,,,,,,0,https://leetcode.com/problems/count-the-number-of-special-characters-ii
3122,minimum-number-of-operations-to-satisfy-conditions,Medium,Array; Dynamic Programming; Matrix,2024-04-21,train,False,0,,,,,,,0,https://leetcode.com/problems/minimum-number-of-operations-to-satisfy-conditions
3123,find-edges-in-shortest-paths,Hard,Depth-First Search; Breadth-First Search; Graph; Shortest Path; Heap (Priority Queue),2024-04-21,train,False,0,,,,,,,0,https://leetcode.com/problems/find-edges-in-shortest-paths
3125,maximum-number-that-makes-result-of-bitwise-and-zero,Medium,Greedy; String; Sorting,2024-04-21,train,False,0,,,,,,,0,https://leetcode.com/problems/maximum-number-that-makes-result-of-bitwise-and-zero
3127,make-a-square-with-the-same-color,Easy,Array; Enumeration; Matrix,2024-04-21,train,False,0,,,,,,,0,https://leetcode.com/problems/make-a-square-with-the-same-color
3128,right-triangles,Medium,Array; Hash Table; Math; Combinatorics; Counting,2024-04-21,train,False,0,,,,,,,0,https://leetcode.com/problems/right-triangles
3129,find-all-possible-stable-binary-arrays-i,Medium,Dynamic Programming; Prefix Sum,2024-04-21,train,False,0,,,,,,,0,https://leetcode.com/problems/find-all-possible-stable-binary-arrays-i
3130,find-all-possible-stable-binary-arrays-ii,Hard,Dynamic Programming; Prefix Sum,2024-04-21,train,False,0,,,,,,,0,https://leetcode.com/problems/find-all-possible-stable-binary-arrays-ii
3131,find-the-integer-added-to-array-i,Easy,Array,2024-04-28,train,False,0,,,,,,,0,https://leetcode.com/problems/find-the-integer-added-to-array-i
3132,find-the-integer-added-to-array-ii,Medium,Array; Two Pointers; Enumeration; Sorting,2024-04-28,train,False,0,,,,,,,0,https://leetcode.com/problems/find-the-integer-added-to-array-ii
3133,minimum-array-end,Medium,Bit Manipulation,2024-04-28,train,False,0,,,,,,,0,https://leetcode.com/problems/minimum-array-end
3134,find-the-median-of-the-uniqueness-array,Hard,Array; Hash Table; Binary Search; Sliding Window,2024-04-28,train,False,0,,,,,,,0,https://leetcode.com/problems/find-the-median-of-the-uniqueness-array
3135,equalize-strings-by-adding-or-removing-characters-at-ends,Medium,String; Binary Search; Dynamic Programming; Sliding Window; Hash Function,2024-04-28,train,False,0,,,,,,,0,https://leetcode.com/problems/equalize-strings-by-adding-or-removing-characters-at-ends
3136,valid-word,Easy,String,2024-05-05,train,False,0,,,,,,,0,https://leetcode.com/problems/valid-word
3137,minimum-number-of-operations-to-make-word-k-periodic,Medium,Hash Table; String; Counting,2024-05-05,train,False,0,,,,,,,0,https://leetcode.com/problems/minimum-number-of-operations-to-make-word-k-periodic
3138,minimum-length-of-anagram-concatenation,Medium,Hash Table; String; Counting,2024-05-05,train,False,0,,,,,,,0,https://leetcode.com/problems/minimum-length-of-anagram-concatenation
3139,minimum-cost-to-equalize-array,Hard,Greedy; Array; Enumeration,2024-05-05,train,False,0,,,,,,,0,https://leetcode.com/problems/minimum-cost-to-equalize-array
3141,maximum-hamming-distances,Hard,Bit Manipulation; Breadth-First Search; Array,2024-05-05,train,False,0,,,,,,,0,https://leetcode.com/problems/maximum-hamming-distances
3142,check-if-grid-satisfies-conditions,Easy,Array; Matrix,2024-05-05,train,False,0,,,,,,,0,https://leetcode.com/problems/check-if-grid-satisfies-conditions
3143,maximum-points-inside-the-square,Medium,Array; Hash Table; String; Binary Search; Sorting,2024-05-05,train,False,0,,,,,,,0,https://leetcode.com/problems/maximum-points-inside-the-square
3144,minimum-substring-partition-of-equal-character-frequency,Medium,Hash Table; String; Dynamic Programming; Counting,2024-05-05,train,False,0,,,,,,,0,https://leetcode.com/problems/minimum-substring-partition-of-equal-character-frequency
3146,permutation-difference-between-two-strings,Easy,Hash Table; String,2024-05-12,train,False,0,,,,,,,0,https://leetcode.com/problems/permutation-difference-between-two-strings
3147,taking-maximum-energy-from-the-mystic-dungeon,Medium,Array; Prefix Sum,2024-05-12,train,False,0,,,,,,,0,https://leetcode.com/problems/taking-maximum-energy-from-the-mystic-dungeon
3148,maximum-difference-score-in-a-grid,Medium,Array; Dynamic Programming; Matrix,2024-05-12,train,False,0,,,,,,,0,https://leetcode.com/problems/maximum-difference-score-in-a-grid
3149,find-the-minimum-cost-array-permutation,Hard,Bit Manipulation; Array; Dynamic Programming; Bitmask,2024-05-12,train,False,0,,,,,,,0,https://leetcode.com/problems/find-the-minimum-cost-array-permutation
3151,special-array-i,Easy,Array,2024-05-19,train,False,0,,,,,,,0,https://leetcode.com/problems/special-array-i
3152,special-array-ii,Medium,Array; Binary Search; Prefix Sum,2024-05-19,train,False,0,,,,,,,0,https://leetcode.com/problems/special-array-ii
3153,sum-of-digit-differences-of-all-pairs,Medium,Array; Hash Table; Math; Counting,2024-05-19,train,False,0,,,,,,,0,https://leetcode.com/problems/sum-of-digit-differences-of-all-pairs
3154,find-number-of-ways-to-reach-the-k-th-stair,Hard,Bit Manipulation; Memoization; Math; Dynamic Programming; Combinatorics,2024-05-19,train,False,0,,,,,,,0,https://leetcode.com/problems/find-number-of-ways-to-reach-the-k-th-stair
3155,maximum-number-of-upgradable-servers,Medium,Array; Math; Binary Search,2024-05-19,train,False,0,,,,,,,0,https://leetcode.com/problems/maximum-number-of-upgradable-servers
3157,find-the-level-of-tree-with-minimum-sum,Medium,Tree; Depth-First Search; Breadth-First Search; Binary Tree,2024-05-19,train,False,0,,,,,,,0,https://leetcode.com/problems/find-the-level-of-tree-with-minimum-sum
3158,find-the-xor-of-numbers-which-appear-twice,Easy,Bit Manipulation; Array; Hash Table,2024-05-19,train,False,0,,,,,,,0,https://leetcode.com/problems/find-the-xor-of-numbers-which-appear-twice
3159,find-occurrences-of-an-element-in-an-array,Medium,Array; Hash Table,2024-05-19,train,False,0,,,,,,,0,https://leetcode.com/problems/find-occurrences-of-an-element-in-an-array
3160,find-the-number-of-distinct-colors-among-the-balls,Medium,Array; Hash Table; Simulation,2024-05-19,train,False,0,,,,,,,0,https://leetcode.com/problems/find-the-number-of-distinct-colors-among-the-balls
3161,block-placement-queries,Hard,Binary Indexed Tree; Segment Tree; Array; Binary Search,2024-05-19,train,False,0,,,,,,,0,https://leetcode.com/problems/block-placement-queries
3162,find-the-number-of-good-pairs-i,Easy,Array; Hash Table,2024-05-26,train,False,0,,,,,,,0,https://leetcode.com/problems/find-the-number-of-good-pairs-i
3163,string-compression-iii,Medium,String,2024-05-26,train,False,0,,,,,,,0,https://leetcode.com/problems/string-compression-iii
3164,find-the-number-of-good-pairs-ii,Medium,Array; Hash Table,2024-05-26,train,False,0,,,,,,,0,https://leetcode.com/problems/find-the-number-of-good-pairs-ii
3165,maximum-sum-of-subsequence-with-non-adjacent-elements,Hard,Segment Tree; Array; Divide and Conquer; Dynamic Programming,2024-05-26,train,False,0,,,,,,,0,https://leetcode.com/problems/maximum-sum-of-subsequence-with-non-adjacent-elements
3167,better-compression-of-string,Medium,Hash Table; String; Counting; Sorting,2024-05-26,train,False,0,,,,,,,0,https://leetcode.com/problems/better-compression-of-string
3168,minimum-number-of-chairs-in-a-waiting-room,Easy,String; Simulation,2024-06-02,train,False,0,,,,,,,0,https://leetcode.com/problems/minimum-number-of-chairs-in-a-waiting-room
3169,count-days-without-meetings,Medium,Array; Sorting,2024-06-02,train,False,0,,,,,,,0,https://leetcode.com/problems/count-days-without-meetings
3170,lexicographically-minimum-string-after-removing-stars,Medium,Stack; Greedy; Hash Table; String; Heap (Priority Queue),2024-06-02,train,False,0,,,,,,,0,https://leetcode.com/problems/lexicographically-minimum-string-after-removing-stars
3171,find-subarray-with-bitwise-or-closest-to-k,Hard,Bit Manipulation; Segment Tree; Array; Binary Search,2024-06-02,train,False,0,,,,,,,0,https://leetcode.com/problems/find-subarray-with-bitwise-or-closest-to-k
3173,bitwise-or-of-adjacent-elements,Easy,Bit Manipulation; Array,2024-06-02,train,False,0,,,,,,,0,https://leetcode.com/problems/bitwise-or-of-adjacent-elements
3174,clear-digits,Easy,Stack; String; Simulation,2024-06-02,train,False,0,,,,,,,0,https://leetcode.com/problems/clear-digits
3175,find-the-first-player-to-win-k-games-in-a-row,Medium,Array; Simulation,2024-06-02,train,False,0,,,,,,,0,https://leetcode.com/problems/find-the-first-player-to-win-k-games-in-a-row
3176,find-the-maximum-length-of-a-good-subsequence-i,Medium,Array; Hash Table; Dynamic Programming,2024-06-02,train,False,0,,,,,,,0,https://leetcode.com/problems/find-the-maximum-length-of-a-good-subsequence-i
3177,find-the-maximum-length-of-a-good-subsequence-ii,Hard,Array; Hash Table; Dynamic Programming,2024-06-02,train,False,0,,,,,,,0,https://leetcode.com/problems/find-the-maximum-length-of-a-good-subsequence-ii
3178,find-the-child-who-has-the-ball-after-k-seconds,Easy,Math; Simulation,2024-06-09,train,False,0,,,,,,,0,https://leetcode.com/problems/find-the-child-who-has-the-ball-after-k-seconds
3179,find-the-n-th-value-after-k-seconds,Medium,Array; Math; Combinatorics; Prefix Sum; Simulation,2024-06-09,train,False,0,,,,,,,0,https://leetcode.com/problems/find-the-n-th-value-after-k-seconds
3180,maximum-total-reward-using-operations-i,Medium,Array; Dynamic Programming,2024-06-09,train,False,0,,,,,,,0,https://leetcode.com/problems/maximum-total-reward-using-operations-i
3181,maximum-total-reward-using-operations-ii,Hard,Bit Manipulation; Array; Dynamic Programming,2024-06-09,train,False,0,,,,,,,0,https://leetcode.com/problems/maximum-total-reward-using-operations-ii
3183,the-number-of-ways-to-make-the-sum,Medium,Array; Dynamic Programming,2024-06-09,train,False,0,,,,,,,0,https://leetcode.com/problems/the-number-of-ways-to-make-the-sum
3184,count-pairs-that-form-a-complete-day-i,Easy,Array; Hash Table; Counting,2024-06-16,train,False,0,,,,,,,0,https://leetcode.com/problems/count-pairs-that-form-a-complete-day-i
3185,count-pairs-that-form-a-complete-day-ii,Medium,Array; Hash Table; Counting,2024-06-16,train,False,0,,,,,,,0,https://leetcode.com/problems/count-pairs-that-form-a-complete-day-ii
3186,maximum-total-damage-with-spell-casting,Medium,Array; Hash Table; Two Pointers; Binary Search; Dynamic Programming; Counting; Sorting,2024-06-16,train,False,0,,,,,,,0,https://leetcode.com/problems/maximum-total-damage-with-spell-casting
3187,peaks-in-array,Hard,Binary Indexed Tree; Segment Tree; Array,2024-06-16,train,False,0,,,,,,,0,https://leetcode.com/problems/peaks-in-array
3189,minimum-moves-to-get-a-peaceful-board,Medium,Greedy; Array; Counting Sort; Sorting,2024-06-16,train,False,0,,,,,,,0,https://leetcode.com/problems/minimum-moves-to-get-a-peaceful-board
3190,find-minimum-operations-to-make-all-elements-divisible-by-three,Easy,Array; Math,2024-06-16,train,False,0,,,,,,,0,https://leetcode.com/problems/find-minimum-operations-to-make-all-elements-divisible-by-three
3191,minimum-operations-to-make-binary-array-elements-equal-to-one-i,Medium,Bit Manipulation; Queue; Array; Prefix Sum; Sliding Window,2024-06-16,train,False,0,,,,,,,0,https://leetcode.com/problems/minimum-operations-to-make-binary-array-elements-equal-to-one-i
3192,minimum-operations-to-make-binary-array-elements-equal-to-one-ii,Medium,Greedy; Array; Dynamic Programming,2024-06-16,train,False,0,,,,,,,0,https://leetcode.com/problems/minimum-operations-to-make-binary-array-elements-equal-to-one-ii
3193,count-the-number-of-inversions,Hard,Array; Dynamic Programming,2024-06-16,train,False,0,,,,,,,0,https://leetcode.com/problems/count-the-number-of-inversions
3194,minimum-average-of-smallest-and-largest-elements,Easy,Array; Two Pointers; Sorting,2024-06-23,train,False,0,,,,,,,0,https://leetcode.com/problems/minimum-average-of-smallest-and-largest-elements
3195,find-the-minimum-area-to-cover-all-ones-i,Medium,Array; Matrix,2024-06-23,train,False,0,,,,,,,0,https://leetcode.com/problems/find-the-minimum-area-to-cover-all-ones-i
3196,maximize-total-cost-of-alternating-subarrays,Medium,Array; Dynamic Programming,2024-06-23,train,False,0,,,,,,,0,https://leetcode.com/problems/maximize-total-cost-of-alternating-subarrays
3197,find-the-minimum-area-to-cover-all-ones-ii,Hard,Array; Enumeration; Matrix,2024-06-23,train,False,0,,,,,,,0,https://leetcode.com/problems/find-the-minimum-area-to-cover-all-ones-ii
3199,count-triplets-with-even-xor-set-bits-i,Easy,Bit Manipulation; Array,2024-06-23,train,False,0,,,,,,,0,https://leetcode.com/problems/count-triplets-with-even-xor-set-bits-i
3200,maximum-height-of-a-triangle,Easy,Array; Enumeration,2024-06-30,train,False,0,,,,,,,0,https://leetcode.com/problems/maximum-height-of-a-triangle
3201,find-the-maximum-length-of-valid-subsequence-i,Medium,Array; Dynamic Programming,2024-06-30,train,False,0,,,,,,,0,https://leetcode.com/problems/find-the-maximum-length-of-valid-subsequence-i
3202,find-the-maximum-length-of-valid-subsequence-ii,Medium,Array; Dynamic Programming,2024-06-30,train,False,0,,,,,,,0,https://leetcode.com/problems/find-the-maximum-length-of-valid-subsequence-ii
3203,find-minimum-diameter-after-merging-two-trees,Hard,Tree; Depth-First Search; Breadth-First Search; Graph,2024-06-30,train,False,0,,,,,,,0,https://leetcode.com/problems/find-minimum-diameter-after-merging-two-trees
3205,maximum-array-hopping-score-i,Medium,Stack; Greedy; Array; Dynamic Programming; Monotonic Stack,2024-06-30,train,False,0,,,,,,,0,https://leetcode.com/problems/maximum-array-hopping-score-i
3206,alternating-groups-i,Easy,Array; Sliding Window,2024-06-30,train,False,0,,,,,,,0,https://leetcode.com/problems/alternating-groups-i
3207,maximum-points-after-enemy-battles,Medium,Greedy; Array,2024-06-30,train,False,0,,,,,,,0,https://leetcode.com/problems/maximum-points-after-enemy-battles
3208,alternating-groups-ii,Medium,Array; Sliding Window,2024-06-30,train,False,0,,,,,,,0,https://leetcode.com/problems/alternating-groups-ii
3209,number-of-subarrays-with-and-value-of-k,Hard,Bit Manipulation; Segment Tree; Array; Binary Search,2024-06-30,train,False,0,,,,,,,0,https://leetcode.com/problems/number-of-subarrays-with-and-value-of-k
3210,find-the-encrypted-string,Easy,String,2024-07-07,train,False,0,,,,,,,0,https://leetcode.com/problems/find-the-encrypted-string
3211,generate-binary-strings-without-adjacent-zeros,Medium,Bit Manipulation; String; Backtracking,2024-07-07,train,False,0,,,,,,,0,https://leetcode.com/problems/generate-binary-strings-without-adjacent-zeros
3212,count-submatrices-with-equal-frequency-of-x-and-y,Medium,Array; Matrix; Prefix Sum,2024-07-07,train,False,0,,,,,,,0,https://leetcode.com/problems/count-submatrices-with-equal-frequency-of-x-and-y
3213,construct-string-with-minimum-cost,Hard,Array; String; Dynamic Programming; Suffix Array,2024-07-07,train,False,0,,,,,,,0,https://leetcode.com/problems/construct-string-with-minimum-cost
3215,count-triplets-with-even-xor-set-bits-ii,Medium,Bit Manipulation; Array,2024-07-07,train,False,0,,,,,,,0,https://leetcode.com/problems/count-triplets-with-even-xor-set-bits-ii
3216,lexicographically-smallest-string-after-a-swap,Easy,Greedy; String,2024-07-14,train,False,0,,,,,,,0,https://leetcode.com/problems/lexicographically-smallest-string-after-a-swap
3217,delete-nodes-from-linked-list-present-in-array,Medium,Array; Hash Table; Linked List,2024-07-14,train,False,0,,,,,,,0,https://leetcode.com/problems/delete-nodes-from-linked-list-present-in-array
3218,minimum-cost-for-cutting-cake-i,Medium,Greedy; Array; Dynamic Programming; Sorting,2024-07-14,train,False,0,,,,,,,0,https://leetcode.com/problems/minimum-cost-for-cutting-cake-i
3219,minimum-cost-for-cutting-cake-ii,Hard,Greedy; Array; Sorting,2024-07-14,train,False,0,,,,,,,0,https://leetcode.com/problems/minimum-cost-for-cutting-cake-ii
3221,maximum-array-hopping-score-ii,Medium,Stack; Greedy; Array; Monotonic Stack,2024-07-14,train,False,0,,,,,,,0,https://leetcode.com/problems/maximum-array-hopping-score-ii
3222,find-the-winning-player-in-coin-game,Easy,Math; Game Theory; Simulation,2024-07-14,train,False,0,,,,,,,0,https://leetcode.com/problems/find-the-winning-player-in-coin-game
3223,minimum-length-of-string-after-operations,Medium,Hash Table; String; Counting,2024-07-14,train,False,0,,,,,,,0,https://leetcode.com/problems/minimum-length-of-string-after-operations
3224,minimum-array-changes-to-make-differences-equal,Medium,Array; Hash Table; Prefix Sum,2024-07-14,train,False,0,,,,,,,0,https://leetcode.com/problems/minimum-array-changes-to-make-differences-equal
3225,maximum-score-from-grid-operations,Hard,Array; Dynamic Programming; Matrix; Prefix Sum,2024-07-14,train,False,0,,,,,,,0,https://leetcode.com/problems/maximum-score-from-grid-operations
3226,number-of-bit-changes-to-make-two-integers-equal,Easy,Bit Manipulation,2024-07-21,train,False,0,,,,,,,0,https://leetcode.com/problems/number-of-bit-changes-to-make-two-integers-equal
3227,vowels-game-in-a-string,Medium,Brainteaser; Math; String; Game Theory,2024-07-21,train,False,0,,,,,,,0,https://leetcode.com/problems/vowels-game-in-a-string
3228,maximum-number-of-operations-to-move-ones-to-the-end,Medium,Greedy; String; Counting,2024-07-21,train,False,0,,,,,,,0,https://leetcode.com/problems/maximum-number-of-operations-to-move-ones-to-the-end
3229,minimum-operations-to-make-array-equal-to-target,Hard,Stack; Greedy; Array; Dynamic Programming; Monotonic Stack,2024-07-21,train,False,0,,,,,,,0,https://leetcode.com/problems/minimum-operations-to-make-array-equal-to-target
3231,minimum-number-of-increasing-subsequence-to-be-removed,Hard,Array; Binary Search,2024-07-21,train,False,0,,,,,,,0,https://leetcode.com/problems/minimum-number-of-increasing-subsequence-to-be-removed
3232,find-if-digit-game-can-be-won,Easy,Array; Math,2024-07-28,train,False,0,,,,,,,0,https://leetcode.com/problems/find-if-digit-game-can-be-won
3233,find-the-count-of-numbers-which-are-not-special,Medium,Array; Math; Number Theory,2024-07-28,train,False,0,,,,,,,0,https://leetcode.com/problems/find-the-count-of-numbers-which-are-not-special
3234,count-the-number-of-substrings-with-dominant-ones,Medium,String; Enumeration; Sliding Window,2024-07-28,train,False,0,,,,,,,0,https://leetcode.com/problems/count-the-number-of-substrings-with-dominant-ones
3235,check-if-the-rectangle-corner-is-reachable,Hard,Depth-First Search; Breadth-First Search; Union Find; Geometry; Array; Math,2024-07-28,train,False,0,,,,,,,0,https://leetcode.com/problems/check-if-the-rectangle-corner-is-reachable
3237,alt-and-tab-simulation,Medium,Array; Hash Table; Simulation,2024-07-28,train,False,0,,,,,,,0,https://leetcode.com/problems/alt-and-tab-simulation
3238,find-the-number-of-winning-players,Easy,Array; Hash Table; Counting,2024-07-28,train,False,0,,,,,,,0,https://leetcode.com/problems/find-the-number-of-winning-players
3239,minimum-number-of-flips-to-make-binary-grid-palindromic-i,Medium,Array; Two Pointers; Matrix,2024-07-28,train,False,0,,,,,,,0,https://leetcode.com/problems/minimum-number-of-flips-to-make-binary-grid-palindromic-i
3240,minimum-number-of-flips-to-make-binary-grid-palindromic-ii,Medium,Array; Two Pointers; Matrix,2024-07-28,train,False,0,,,,,,,0,https://leetcode.com/problems/minimum-number-of-flips-to-make-binary-grid-palindromic-ii
3241,time-taken-to-mark-all-nodes,Hard,Tree; Depth-First Search; Graph; Dynamic Programming,2024-07-28,train,False,0,,,,,,,0,https://leetcode.com/problems/time-taken-to-mark-all-nodes
3243,shortest-distance-after-road-addition-queries-i,Medium,Breadth-First Search; Graph; Array,2024-08-04,test,False,0,,,,,,,0,https://leetcode.com/problems/shortest-distance-after-road-addition-queries-i
3244,shortest-distance-after-road-addition-queries-ii,Hard,Greedy; Graph; Array; Ordered Set,2024-08-04,test,False,0,,,,,,,0,https://leetcode.com/problems/shortest-distance-after-road-addition-queries-ii
3247,number-of-subsequences-with-odd-sum,Medium,Array; Math; Dynamic Programming; Combinatorics,2024-08-04,test,False,0,,,,,,,0,https://leetcode.com/problems/number-of-subsequences-with-odd-sum
3248,snake-in-matrix,Easy,Array; String; Simulation,2024-08-11,test,False,0,,,,,,,0,https://leetcode.com/problems/snake-in-matrix
3249,count-the-number-of-good-nodes,Medium,Tree; Depth-First Search,2024-08-11,test,False,0,,,,,,,0,https://leetcode.com/problems/count-the-number-of-good-nodes
3250,find-the-count-of-monotonic-pairs-i,Hard,Array; Math; Dynamic Programming; Combinatorics; Prefix Sum,2024-08-11,test,False,0,,,,,,,0,https://leetcode.com/problems/find-the-count-of-monotonic-pairs-i
3251,find-the-count-of-monotonic-pairs-ii,Hard,Array; Math; Dynamic Programming; Combinatorics; Prefix Sum,2024-08-11,test,False,0,,,,,,,0,https://leetcode.com/problems/find-the-count-of-monotonic-pairs-ii
3253,construct-string-with-minimum-cost-easy,Medium,,2024-08-11,test,False,0,,,,,,,0,https://leetcode.com/problems/construct-string-with-minimum-cost-easy
3254,find-the-power-of-k-size-subarrays-i,Medium,Array; Sliding Window,2024-08-11,test,False,0,,,,,,,0,https://leetcode.com/problems/find-the-power-of-k-size-subarrays-i
3255,find-the-power-of-k-size-subarrays-ii,Medium,Array; Sliding Window,2024-08-11,test,False,0,,,,,,,0,https://leetcode.com/problems/find-the-power-of-k-size-subarrays-ii
3256,maximum-value-sum-by-placing-three-rooks-i,Hard,Array; Dynamic Programming; Enumeration; Matrix,2024-08-11,test,False,0,,,,,,,0,https://leetcode.com/problems/maximum-value-sum-by-placing-three-rooks-i
3257,maximum-value-sum-by-placing-three-rooks-ii,Hard,Array; Dynamic Programming; Enumeration; Matrix,2024-08-11,test,False,0,,,,,,,0,https://leetcode.com/problems/maximum-value-sum-by-placing-three-rooks-ii
3258,count-substrings-that-satisfy-k-constraint-i,Easy,String; Sliding Window,2024-08-18,test,False,0,,,,,,,0,https://leetcode.com/problems/count-substrings-that-satisfy-k-constraint-i
3259,maximum-energy-boost-from-two-drinks,Medium,Array; Dynamic Programming,2024-08-18,test,False,0,,,,,,,0,https://leetcode.com/problems/maximum-energy-boost-from-two-drinks
3260,find-the-largest-palindrome-divisible-by-k,Hard,Greedy; Math; String; Dynamic Programming; Number Theory,2024-08-18,test,False,0,,,,,,,0,https://leetcode.com/problems/find-the-largest-palindrome-divisible-by-k
3261,count-substrings-that-satisfy-k-constraint-ii,Hard,Array; String; Binary Search; Prefix Sum; Sliding Window,2024-08-18,test,False,0,,,,,,,0,https://leetcode.com/problems/count-substrings-that-satisfy-k-constraint-ii
3264,final-array-state-after-k-multiplication-operations-i,Easy,Array; Math; Simulation; Heap (Priority Queue),2024-08-25,test,False,0,,,,,,,0,https://leetcode.com/problems/final-array-state-after-k-multiplication-operations-i
3265,count-almost-equal-pairs-i,Medium,Array; Hash Table; Counting; Enumeration; Sorting,2024-08-25,test,False,0,,,,,,,0,https://leetcode.com/problems/count-almost-equal-pairs-i
3266,final-array-state-after-k-multiplication-operations-ii,Hard,Array; Simulation; Heap (Priority Queue),2024-08-25,test,False,0,,,,,,,0,https://leetcode.com/problems/final-array-state-after-k-multiplication-operations-ii
3267,count-almost-equal-pairs-ii,Hard,Array; Hash Table; Counting; Enumeration; Sorting,2024-08-25,test,False,0,,,,,,,0,https://leetcode.com/problems/count-almost-equal-pairs-ii
3269,constructing-two-increasing-arrays,Hard,Array; Dynamic Programming,2024-08-25,test,False,0,,,,,,,0,https://leetcode.com/problems/constructing-two-increasing-arrays
3270,find-the-key-of-the-numbers,Easy,Math,2024-08-25,test,False,0,,,,,,,0,https://leetcode.com/problems/find-the-key-of-the-numbers
3271,hash-divided-string,Medium,String; Simulation,2024-08-25,test,False,0,,,,,,,0,https://leetcode.com/problems/hash-divided-string
3272,find-the-count-of-good-integers,Hard,Hash Table; Math; Combinatorics; Enumeration,2024-08-25,test,False,0,,,,,,,0,https://leetcode.com/problems/find-the-count-of-good-integers
3273,minimum-amount-of-damage-dealt-to-bob,Hard,Greedy; Array; Sorting,2024-08-25,test,False,0,,,,,,,0,https://leetcode.com/problems/minimum-amount-of-damage-dealt-to-bob
3274,check-if-two-chessboard-squares-have-the-same-color,Easy,Math; String,2024-09-01,test,False,0,,,,,,,0,https://leetcode.com/problems/check-if-two-chessboard-squares-have-the-same-color
3275,k-th-nearest-obstacle-queries,Medium,Array; Heap (Priority Queue),2024-09-01,test,False,0,,,,,,,0,https://leetcode.com/problems/k-th-nearest-obstacle-queries
3276,select-cells-in-grid-with-maximum-score,Hard,Bit Manipulation; Array; Dynamic Programming; Bitmask; Matrix,2024-09-01,test,False,0,,,,,,,0,https://leetcode.com/problems/select-cells-in-grid-with-maximum-score
3277,maximum-xor-score-subarray-queries,Hard,Array; Dynamic Programming,2024-09-01,test,False,0,,,,,,,0,https://leetcode.com/problems/maximum-xor-score-subarray-queries
3279,maximum-total-area-occupied-by-pistons,Hard,Array; Hash Table; String; Counting; Prefix Sum; Simulation,2024-09-01,test,False,0,,,,,,,0,https://leetcode.com/problems/maximum-total-area-occupied-by-pistons
3280,convert-date-to-binary,Easy,Math; String,2024-09-08,test,False,0,,,,,,,0,https://leetcode.com/problems/convert-date-to-binary
3281,maximize-score-of-numbers-in-ranges,Medium,Greedy; Array; Binary Search; Sorting,2024-09-08,test,False,0,,,,,,,0,https://leetcode.com/problems/maximize-score-of-numbers-in-ranges
3282,reach-end-of-array-with-max-score,Medium,Greedy; Array,2024-09-08,test,False,0,,,,,,,0,https://leetcode.com/problems/reach-end-of-array-with-max-score
3283,maximum-number-of-moves-to-kill-all-pawns,Hard,Bit Manipulation; Breadth-First Search; Array; Math; Bitmask; Game Theory,2024-09-08,test,False,0,,,,,,,0,https://leetcode.com/problems/maximum-number-of-moves-to-kill-all-pawns
3284,sum-of-consecutive-subarrays,Medium,Array; Two Pointers; Dynamic Programming,2024-09-08,test,False,0,,,,,,,0,https://leetcode.com/problems/sum-of-consecutive-subarrays
3285,find-indices-of-stable-mountains,Easy,Array,2024-09-08,test,False,0,,,,,,,0,https://leetcode.com/problems/find-indices-of-stable-mountains
3286,find-a-safe-walk-through-a-grid,Medium,Breadth-First Search; Graph; Array; Matrix; Shortest Path; Heap (Priority Queue),2024-09-08,test,False,0,,,,,,,0,https://leetcode.com/problems/find-a-safe-walk-through-a-grid
3287,find-the-maximum-sequence-value-of-array,Hard,Bit Manipulation; Array; Dynamic Programming,2024-09-08,test,False,0,,,,,,,0,https://leetcode.com/problems/find-the-maximum-sequence-value-of-array
3288,length-of-the-longest-increasing-path,Hard,Array; Binary Search; Sorting,2024-09-08,test,False,0,,,,,,,0,https://leetcode.com/problems/length-of-the-longest-increasing-path
3289,the-two-sneaky-numbers-of-digitville,Easy,Array; Hash Table; Math,2024-09-15,test,False,0,,,,,,,0,https://leetcode.com/problems/the-two-sneaky-numbers-of-digitville
3290,maximum-multiplication-score,Medium,Array; Dynamic Programming,2024-09-15,test,False,0,,,,,,,0,https://leetcode.com/problems/maximum-multiplication-score
3291,minimum-number-of-valid-strings-to-form-target-i,Medium,Trie; Segment Tree; Array; String; Binary Search; Dynamic Programming; String Matching; Hash Function; Rolling Hash,2024-09-15,test,False,0,,,,,,,0,https://leetcode.com/problems/minimum-number-of-valid-strings-to-form-target-i
3292,minimum-number-of-valid-strings-to-form-target-ii,Hard,Segment Tree; Array; String; Binary Search; Dynamic Programming; String Matching; Hash Function; Rolling Hash,2024-09-15,test,False,0,,,,,,,0,https://leetcode.com/problems/minimum-number-of-valid-strings-to-form-target-ii
3295,report-spam-message,Medium,Array; Hash Table; String,2024-09-22,test,False,0,,,,,,,0,https://leetcode.com/problems/report-spam-message
3296,minimum-number-of-seconds-to-make-mountain-height-zero,Medium,Greedy; Array; Math; Binary Search; Heap (Priority Queue),2024-09-22,test,False,0,,,,,,,0,https://leetcode.com/problems/minimum-number-of-seconds-to-make-mountain-height-zero
3297,count-substrings-that-can-be-rearranged-to-contain-a-string-i,Medium,Hash Table; String; Sliding Window,2024-09-22,test,False,0,,,,,,,0,https://leetcode.com/problems/count-substrings-that-can-be-rearranged-to-contain-a-string-i
3298,count-substrings-that-can-be-rearranged-to-contain-a-string-ii,Hard,Hash Table; String; Sliding Window,2024-09-22,test,False,0,,,,,,,0,https://leetcode.com/problems/count-substrings-that-can-be-rearranged-to-contain-a-string-ii
3299,sum-of-consecutive-subsequences,Hard,Array; Hash Table; Dynamic Programming,2024-09-22,test,False,0,,,,,,,0,https://leetcode.com/problems/sum-of-consecutive-subsequences
3300,minimum-element-after-replacement-with-digit-sum,Easy,Array; Math,2024-09-22,test,False,0,,,,,,,0,https://leetcode.com/problems/minimum-element-after-replacement-with-digit-sum
3301,maximize-the-total-height-of-unique-towers,Medium,Greedy; Array; Sorting,2024-09-22,test,False,0,,,,,,,0,https://leetcode.com/problems/maximize-the-total-height-of-unique-towers
3302,find-the-lexicographically-smallest-valid-sequence,Medium,Greedy; Two Pointers; String; Dynamic Programming,2024-09-22,test,False,0,,,,,,,0,https://leetcode.com/problems/find-the-lexicographically-smallest-valid-sequence
3303,find-the-occurrence-of-first-almost-equal-substring,Hard,String; String Matching,2024-09-22,test,False,0,,,,,,,0,https://leetcode.com/problems/find-the-occurrence-of-first-almost-equal-substring
3304,find-the-k-th-character-in-string-game-i,Easy,Bit Manipulation; Recursion; Math; Simulation,2024-09-29,test,False,0,,,,,,,0,https://leetcode.com/problems/find-the-k-th-character-in-string-game-i
3305,count-of-substrings-containing-every-vowel-and-k-consonants-i,Medium,Hash Table; String; Sliding Window,2024-09-29,test,False,0,,,,,,,0,https://leetcode.com/problems/count-of-substrings-containing-every-vowel-and-k-consonants-i
3306,count-of-substrings-containing-every-vowel-and-k-consonants-ii,Medium,Hash Table; String; Sliding Window,2024-09-29,test,False,0,,,,,,,0,https://leetcode.com/problems/count-of-substrings-containing-every-vowel-and-k-consonants-ii
3307,find-the-k-th-character-in-string-game-ii,Hard,Bit Manipulation; Recursion; Math,2024-09-29,test,False,0,,,,,,,0,https://leetcode.com/problems/find-the-k-th-character-in-string-game-ii
3309,maximum-possible-number-by-binary-concatenation,Medium,Bit Manipulation; Array; Enumeration,2024-10-06,test,False,0,,,,,,,0,https://leetcode.com/problems/maximum-possible-number-by-binary-concatenation
3310,remove-methods-from-project,Medium,Depth-First Search; Breadth-First Search; Graph,2024-10-06,test,False,0,,,,,,,0,https://leetcode.com/problems/remove-methods-from-project
3311,construct-2d-grid-matching-graph-layout,Hard,Graph; Array; Hash Table; Matrix,2024-10-06,test,False,0,,,,,,,0,https://leetcode.com/problems/construct-2d-grid-matching-graph-layout
3312,sorted-gcd-pair-queries,Hard,Array; Hash Table; Math; Binary Search; Combinatorics; Counting; Number Theory; Prefix Sum,2024-10-06,test,False,0,,,,,,,0,https://leetcode.com/problems/sorted-gcd-pair-queries
3313,find-the-last-marked-nodes-in-tree,Hard,Tree; Depth-First Search,2024-10-06,test,False,0,,,,,,,0,https://leetcode.com/problems/find-the-last-marked-nodes-in-tree
3314,construct-the-minimum-bitwise-array-i,Easy,Bit Manipulation; Array,2024-10-06,test,False,0,,,,,,,0,https://leetcode.com/problems/construct-the-minimum-bitwise-array-i
3315,construct-the-minimum-bitwise-array-ii,Medium,Bit Manipulation; Array,2024-10-06,test,False,0,,,,,,,0,https://leetcode.com/problems/construct-the-minimum-bitwise-array-ii
3316,find-maximum-removals-from-source-string,Medium,Array; Hash Table; Two Pointers; String; Dynamic Programming,2024-10-06,test,False,0,,,,,,,0,https://leetcode.com/problems/find-maximum-removals-from-source-string
3317,find-the-number-of-possible-ways-for-an-event,Hard,Math; Dynamic Programming; Combinatorics,2024-10-06,test,False,0,,,,,,,0,https://leetcode.com/problems/find-the-number-of-possible-ways-for-an-event
3318,find-x-sum-of-all-k-long-subarrays-i,Easy,Array; Hash Table; Sliding Window; Heap (Priority Queue),2024-10-06,test,False,0,,,,,,,0,https://leetcode.com/problems/find-x-sum-of-all-k-long-subarrays-i
3319,k-th-largest-perfect-subtree-size-in-binary-tree,Medium,Tree; Depth-First Search; Binary Tree; Sorting,2024-10-13,test,False,0,,,,,,,0,https://leetcode.com/problems/k-th-largest-perfect-subtree-size-in-binary-tree
3320,count-the-number-of-winning-sequences,Hard,String; Dynamic Programming,2024-10-13,test,False,0,,,,,,,0,https://leetcode.com/problems/count-the-number-of-winning-sequences
3321,find-x-sum-of-all-k-long-subarrays-ii,Hard,Array; Hash Table; Sliding Window; Heap (Priority Queue),2024-10-13,test,False,0,,,,,,,0,https://leetcode.com/problems/find-x-sum-of-all-k-long-subarrays-ii
3323,minimize-connected-groups-by-inserting-interval,Medium,Array; Binary Search; Sorting; Sliding Window,2024-10-13,test,False,0,,,,,,,0,https://leetcode.com/problems/minimize-connected-groups-by-inserting-interval
3324,find-the-sequence-of-strings-appeared-on-the-screen,Medium,String; Simulation,2024-10-20,test,False,0,,,,,,,0,https://leetcode.com/problems/find-the-sequence-of-strings-appeared-on-the-screen
3325,count-substrings-with-k-frequency-characters-i,Medium,Hash Table; String; Sliding Window,2024-10-20,test,False,0,,,,,,,0,https://leetcode.com/problems/count-substrings-with-k-frequency-characters-i
3326,minimum-division-operations-to-make-array-non-decreasing,Medium,Greedy; Array; Math; Number Theory,2024-10-20,test,False,0,,,,,,,0,https://leetcode.com/problems/minimum-division-operations-to-make-array-non-decreasing
3327,check-if-dfs-strings-are-palindromes,Hard,Tree; Depth-First Search; Array; Hash Table; String; Hash Function,2024-10-20,test,False,0,,,,,,,0,https://leetcode.com/problems/check-if-dfs-strings-are-palindromes
3329,count-substrings-with-k-frequency-characters-ii,Hard,Hash Table; String; Sliding Window,2024-10-20,test,False,0,,,,,,,0,https://leetcode.com/problems/count-substrings-with-k-frequency-characters-ii
3330,find-the-original-typed-string-i,Easy,String,2024-10-20,test,False,0,,,,,,,0,https://leetcode.com/problems/find-the-original-typed-string-i
3331,find-subtree-sizes-after-changes,Medium,Tree; Depth-First Search; Array; Hash Table; String,2024-10-20,test,False,0,,,,,,,0,https://leetcode.com/problems/find-subtree-sizes-after-changes
3332,maximum-points-tourist-can-earn,Medium,Array; Dynamic Programming; Matrix,2024-10-20,test,False,0,,,,,,,0,https://leetcode.com/problems/maximum-points-tourist-can-earn
3333,find-the-original-typed-string-ii,Hard,String; Dynamic Programming; Prefix Sum,2024-10-20,test,False,0,,,,,,,0,https://leetcode.com/problems/find-the-original-typed-string-ii
3334,find-the-maximum-factor-score-of-array,Medium,Array; Math; Number Theory,2024-10-27,test,False,0,,,,,,,0,https://leetcode.com/problems/find-the-maximum-factor-score-of-array
3335,total-characters-in-string-after-transformations-i,Medium,Hash Table; Math; String; Dynamic Programming; Counting,2024-10-27,test,False,0,,,,,,,0,https://leetcode.com/problems/total-characters-in-string-after-transformations-i
3336,find-the-number-of-subsequences-with-equal-gcd,Hard,Array; Math; Dynamic Programming; Number Theory,2024-10-27,test,False,0,,,,,,,0,https://leetcode.com/problems/find-the-number-of-subsequences-with-equal-gcd
3337,total-characters-in-string-after-transformations-ii,Hard,Hash Table; Math; String; Dynamic Programming; Counting,2024-10-27,test,False,0,,,,,,,0,https://leetcode.com/problems/total-characters-in-string-after-transformations-ii
3339,find-the-number-of-k-even-arrays,Medium,Dynamic Programming,2024-10-27,test,False,0,,,,,,,0,https://leetcode.com/problems/find-the-number-of-k-even-arrays
3340,check-balanced-string,Easy,String,2024-11-03,test,False,0,,,,,,,0,https://leetcode.com/problems/check-balanced-string
3341,find-minimum-time-to-reach-last-room-i,Medium,Graph; Array; Matrix; Shortest Path; Heap (Priority Queue),2024-11-03,test,False,0,,,,,,,0,https://leetcode.com/problems/find-minimum-time-to-reach-last-room-i
3342,find-minimum-time-to-reach-last-room-ii,Medium,Graph; Array; Matrix; Shortest Path; Heap (Priority Queue),2024-11-03,test,False,0,,,,,,,0,https://leetcode.com/problems/find-minimum-time-to-reach-last-room-ii
3343,count-number-of-balanced-permutations,Hard,Math; String; Dynamic Programming; Combinatorics,2024-11-03,test,False,0,,,,,,,0,https://leetcode.com/problems/count-number-of-balanced-permutations
3344,maximum-sized-array,Medium,Bit Manipulation; Binary Search,2024-11-03,test,False,0,,,,,,,0,https://leetcode.com/problems/maximum-sized-array
3345,smallest-divisible-digit-product-i,Easy,Math; Enumeration,2024-11-03,test,False,0,,,,,,,0,https://leetcode.com/problems/smallest-divisible-digit-product-i
3346,maximum-frequency-of-an-element-after-performing-operations-i,Medium,Array; Binary Search; Prefix Sum; Sorting; Sliding Window,2024-11-03,test,False,0,,,,,,,0,https://leetcode.com/problems/maximum-frequency-of-an-element-after-performing-operations-i
3347,maximum-frequency-of-an-element-after-performing-operations-ii,Hard,Array; Binary Search; Prefix Sum; Sorting; Sliding Window,2024-11-03,test,False,0,,,,,,,0,https://leetcode.com/problems/maximum-frequency-of-an-element-after-performing-operations-ii
3348,smallest-divisible-digit-product-ii,Hard,Greedy; Math; String; Backtracking; Number Theory,2024-11-03,test,False,0,,,,,,,0,https://leetcode.com/problems/smallest-divisible-digit-product-ii
3349,adjacent-increasing-subarrays-detection-i,Easy,Array,2024-11-10,test,False,0,,,,,,,0,https://leetcode.com/problems/adjacent-increasing-subarrays-detection-i
3350,adjacent-increasing-subarrays-detection-ii,Medium,Array; Binary Search,2024-11-10,test,False,0,,,,,,,0,https://leetcode.com/problems/adjacent-increasing-subarrays-detection-ii
3351,sum-of-good-subsequences,Hard,Array; Hash Table; Dynamic Programming,2024-11-10,test,False,0,,,,,,,0,https://leetcode.com/problems/sum-of-good-subsequences
3352,count-k-reducible-numbers-less-than-n,Hard,Math; String; Dynamic Programming; Combinatorics,2024-11-10,test,False,0,,,,,,,0,https://leetcode.com/problems/count-k-reducible-numbers-less-than-n
3353,minimum-total-operations,Easy,Array,2024-11-10,test,False,0,,,,,,,0,https://leetcode.com/problems/minimum-total-operations
3354,make-array-elements-equal-to-zero,Easy,Array; Prefix Sum; Simulation,2024-11-17,test,False,0,,,,,,,0,https://leetcode.com/problems/make-array-elements-equal-to-zero
3355,zero-array-transformation-i,Medium,Array; Prefix Sum,2024-11-17,test,False,0,,,,,,,0,https://leetcode.com/problems/zero-array-transformation-i
3356,zero-array-transformation-ii,Medium,Array; Binary Search; Prefix Sum,2024-11-17,test,False,0,,,,,,,0,https://leetcode.com/problems/zero-array-transformation-ii
3359,find-sorted-submatrices-with-maximum-element-at-most-k,Hard,Stack; Array; Matrix; Monotonic Stack,2024-11-17,test,False,0,,,,,,,0,https://leetcode.com/problems/find-sorted-submatrices-with-maximum-element-at-most-k
3360,stone-removal-game,Easy,Math; Simulation,2024-11-17,test,False,0,,,,,,,0,https://leetcode.com/problems/stone-removal-game
3361,shift-distance-between-two-strings,Medium,Array; String; Prefix Sum,2024-11-17,test,False,0,,,,,,,0,https://leetcode.com/problems/shift-distance-between-two-strings
3362,zero-array-transformation-iii,Medium,Greedy; Array; Prefix Sum; Sorting; Heap (Priority Queue),2024-11-17,test,False,0,,,,,,,0,https://leetcode.com/problems/zero-array-transformation-iii
3363,find-the-maximum-number-of-fruits-collected,Hard,Array; Dynamic Programming; Matrix,2024-11-17,test,False,0,,,,,,,0,https://leetcode.com/problems/find-the-maximum-number-of-fruits-collected
3364,minimum-positive-sum-subarray,Easy,Array; Prefix Sum; Sliding Window,2024-11-24,test,False,0,,,,,,,0,https://leetcode.com/problems/minimum-positive-sum-subarray
3365,rearrange-k-substrings-to-form-target-string,Medium,Hash Table; String; Sorting,2024-11-24,test,False,0,,,,,,,0,https://leetcode.com/problems/rearrange-k-substrings-to-form-target-string
3366,minimum-array-sum,Medium,Array; Dynamic Programming,2024-11-24,test,False,0,,,,,,,0,https://leetcode.com/problems/minimum-array-sum
3367,maximize-sum-of-weights-after-edge-removals,Hard,Tree; Depth-First Search; Dynamic Programming,2024-11-24,test,False,0,,,,,,,0,https://leetcode.com/problems/maximize-sum-of-weights-after-edge-removals
3370,smallest-number-with-all-set-bits,Easy,Bit Manipulation; Math,2024-12-01,test,False,0,,,,,,,0,https://leetcode.com/problems/smallest-number-with-all-set-bits
3371,identify-the-largest-outlier-in-an-array,Medium,Array; Hash Table; Counting; Enumeration,2024-12-01,test,False,0,,,,,,,0,https://leetcode.com/problems/identify-the-largest-outlier-in-an-array
3372,maximize-the-number-of-target-nodes-after-connecting-trees-i,Medium,Tree; Depth-First Search; Breadth-First Search,2024-12-01,test,False,0,,,,,,,0,https://leetcode.com/problems/maximize-the-number-of-target-nodes-after-connecting-trees-i
3373,maximize-the-number-of-target-nodes-after-connecting-trees-ii,Hard,Tree; Depth-First Search; Breadth-First Search,2024-12-01,test,False,0,,,,,,,0,https://leetcode.com/problems/maximize-the-number-of-target-nodes-after-connecting-trees-ii
3375,minimum-operations-to-make-array-values-equal-to-k,Easy,Array; Hash Table,2024-12-01,test,False,0,,,,,,,0,https://leetcode.com/problems/minimum-operations-to-make-array-values-equal-to-k
3376,minimum-time-to-break-locks-i,Medium,Bit Manipulation; Depth-First Search; Array; Dynamic Programming; Backtracking; Bitmask,2024-12-01,test,False,0,,,,,,,0,https://leetcode.com/problems/minimum-time-to-break-locks-i
3377,digit-operations-to-make-two-integers-equal,Medium,Graph; Math; Number Theory; Shortest Path; Heap (Priority Queue),2024-12-01,test,False,0,,,,,,,0,https://leetcode.com/problems/digit-operations-to-make-two-integers-equal
3378,count-connected-components-in-lcm-graph,Hard,Union Find; Array; Hash Table; Math; Number Theory,2024-12-01,test,False,0,,,,,,,0,https://leetcode.com/problems/count-connected-components-in-lcm-graph
3379,transformed-array,Easy,Array; Simulation,2024-12-08,test,False,0,,,,,,,0,https://leetcode.com/problems/transformed-array
3380,maximum-area-rectangle-with-point-constraints-i,Medium,Binary Indexed Tree; Segment Tree; Geometry; Array; Math; Enumeration; Sorting,2024-12-08,test,False,0,,,,,,,0,https://leetcode.com/problems/maximum-area-rectangle-with-point-constraints-i
3381,maximum-subarray-sum-with-length-divisible-by-k,Medium,Array; Hash Table; Prefix Sum,2024-12-08,test,False,0,,,,,,,0,https://leetcode.com/problems/maximum-subarray-sum-with-length-divisible-by-k
3382,maximum-area-rectangle-with-point-constraints-ii,Hard,Binary Indexed Tree; Segment Tree; Geometry; Array; Math; Sorting,2024-12-08,test,False,0,,,,,,,0,https://leetcode.com/problems/maximum-area-rectangle-with-point-constraints-ii
3383,minimum-runes-to-add-to-cast-spell,Hard,Depth-First Search; Breadth-First Search; Union Find; Graph; Topological Sort; Array,2024-12-08,test,False,0,,,,,,,0,https://leetcode.com/problems/minimum-runes-to-add-to-cast-spell
3386,button-with-longest-push-time,Easy,Array,2024-12-15,test,False,0,,,,,,,0,https://leetcode.com/problems/button-with-longest-push-time
3387,maximize-amount-after-two-days-of-conversions,Medium,Depth-First Search; Breadth-First Search; Graph; Array; String,2024-12-15,test,False,0,,,,,,,0,https://leetcode.com/problems/maximize-amount-after-two-days-of-conversions
3388,count-beautiful-splits-in-an-array,Medium,Array; Dynamic Programming,2024-12-15,test,False,0,,,,,,,0,https://leetcode.com/problems/count-beautiful-splits-in-an-array
3389,minimum-operations-to-make-character-frequencies-equal,Hard,Hash Table; String; Dynamic Programming; Counting; Enumeration,2024-12-15,test,False,0,,,,,,,0,https://leetcode.com/problems/minimum-operations-to-make-character-frequencies-equal
3392,count-subarrays-of-length-three-with-a-condition,Easy,Array,2024-12-15,test,False,0,,,,,,,0,https://leetcode.com/problems/count-subarrays-of-length-three-with-a-condition
3393,count-paths-with-the-given-xor-value,Medium,Bit Manipulation; Array; Dynamic Programming; Matrix,2024-12-15,test,False,0,,,,,,,0,https://leetcode.com/problems/count-paths-with-the-given-xor-value
3394,check-if-grid-can-be-cut-into-sections,Medium,Array; Sorting,2024-12-15,test,False,0,,,,,,,0,https://leetcode.com/problems/check-if-grid-can-be-cut-into-sections
3395,subsequences-with-a-unique-middle-mode-i,Hard,Array; Hash Table; Math; Combinatorics,2024-12-15,test,False,0,,,,,,,0,https://leetcode.com/problems/subsequences-with-a-unique-middle-mode-i
3396,minimum-number-of-operations-to-make-elements-in-array-distinct,Easy,Array; Hash Table,2024-12-22,test,False,0,,,,,,,0,https://leetcode.com/problems/minimum-number-of-operations-to-make-elements-in-array-distinct
3397,maximum-number-of-distinct-elements-after-operations,Medium,Greedy; Array; Sorting,2024-12-22,test,False,0,,,,,,,0,https://leetcode.com/problems/maximum-number-of-distinct-elements-after-operations
3398,smallest-substring-with-identical-characters-i,Hard,Array; Binary Search; Enumeration,2024-12-22,test,False,0,,,,,,,0,https://leetcode.com/problems/smallest-substring-with-identical-characters-i
3399,smallest-substring-with-identical-characters-ii,Hard,String; Binary Search,2024-12-22,test,False,0,,,,,,,0,https://leetcode.com/problems/smallest-substring-with-identical-characters-ii
3400,maximum-number-of-matching-indices-after-right-shifts,Medium,Array; Two Pointers; Simulation,2024-12-22,test,False,0,,,,,,,0,https://leetcode.com/problems/maximum-number-of-matching-indices-after-right-shifts
3402,minimum-operations-to-make-columns-strictly-increasing,Easy,Greedy; Array; Matrix,2024-12-29,test,False,0,,,,,,,0,https://leetcode.com/problems/minimum-operations-to-make-columns-strictly-increasing
3403,find-the-lexicographically-largest-string-from-the-box-i,Medium,Two Pointers; String; Enumeration,2024-12-29,test,False,0,,,,,,,0,https://leetcode.com/problems/find-the-lexicographically-largest-string-from-the-box-i
3404,count-special-subsequences,Medium,Array; Hash Table; Math; Enumeration,2024-12-29,test,False,0,,,,,,,0,https://leetcode.com/problems/count-special-subsequences
3405,count-the-number-of-arrays-with-k-matching-adjacent-elements,Hard,Math; Combinatorics,2024-12-29,test,False,0,,,,,,,0,https://leetcode.com/problems/count-the-number-of-arrays-with-k-matching-adjacent-elements
3406,find-the-lexicographically-largest-string-from-the-box-ii,Hard,Two Pointers; String,2024-12-29,test,False,0,,,,,,,0,https://leetcode.com/problems/find-the-lexicographically-largest-string-from-the-box-ii
3407,substring-matching-pattern,Easy,String; String Matching,2024-12-29,test,False,0,,,,,,,0,https://leetcode.com/problems/substring-matching-pattern
3409,longest-subsequence-with-decreasing-adjacent-difference,Medium,Array; Dynamic Programming,2024-12-29,test,False,0,,,,,,,0,https://leetcode.com/problems/longest-subsequence-with-decreasing-adjacent-difference
3410,maximize-subarray-sum-after-removing-all-occurrences-of-one-element,Hard,Segment Tree; Array; Dynamic Programming,2024-12-29,test,False,0,,,,,,,0,https://leetcode.com/problems/maximize-subarray-sum-after-removing-all-occurrences-of-one-element
3411,maximum-subarray-with-equal-products,Easy,Array; Math; Enumeration; Number Theory; Sliding Window,2025-01-05,test,False,0,,,,,,,0,https://leetcode.com/problems/maximum-subarray-with-equal-products
3412,find-mirror-score-of-a-string,Medium,Stack; Hash Table; String; Simulation,2025-01-05,test,False,0,,,,,,,0,https://leetcode.com/problems/find-mirror-score-of-a-string
3413,maximum-coins-from-k-consecutive-bags,Medium,Greedy; Array; Binary Search; Prefix Sum; Sorting; Sliding Window,2025-01-05,test,False,0,,,,,,,0,https://leetcode.com/problems/maximum-coins-from-k-consecutive-bags
3416,subsequences-with-a-unique-middle-mode-ii,Hard,Array; Hash Table; Math; Combinatorics,2025-01-05,test,False,0,,,,,,,0,https://leetcode.com/problems/subsequences-with-a-unique-middle-mode-ii
3417,zigzag-grid-traversal-with-skip,Easy,Array; Matrix; Simulation,2025-01-12,test,False,0,,,,,,,0,https://leetcode.com/problems/zigzag-grid-traversal-with-skip
3418,maximum-amount-of-money-robot-can-earn,Medium,Array; Dynamic Programming; Matrix,2025-01-12,test,False,0,,,,,,,0,https://leetcode.com/problems/maximum-amount-of-money-robot-can-earn
3419,minimize-the-maximum-edge-weight-of-graph,Medium,Depth-First Search; Breadth-First Search; Graph; Binary Search; Shortest Path,2025-01-12,test,False,0,,,,,,,0,https://leetcode.com/problems/minimize-the-maximum-edge-weight-of-graph
3420,count-non-decreasing-subarrays-after-k-operations,Hard,Stack; Segment Tree; Queue; Array; Sliding Window; Monotonic Queue; Monotonic Stack,2025-01-12,test,False,0,,,,,,,0,https://leetcode.com/problems/count-non-decreasing-subarrays-after-k-operations
3422,minimum-operations-to-make-subarray-elements-equal,Medium,Array; Hash Table; Math; Sliding Window; Heap (Priority Queue),2025-01-12,test,False,0,,,,,,,0,https://leetcode.com/problems/minimum-operations-to-make-subarray-elements-equal
3423,maximum-difference-between-adjacent-elements-in-a-circular-array,Easy,Array,2025-01-12,test,False,0,,,,,,,0,https://leetcode.com/problems/maximum-difference-between-adjacent-elements-in-a-circular-array
3424,minimum-cost-to-make-arrays-identical,Medium,Greedy; Array; Sorting,2025-01-12,test,False,0,,,,,,,0,https://leetcode.com/problems/minimum-cost-to-make-arrays-identical
3425,longest-special-path,Hard,Tree; Depth-First Search; Array; Hash Table; Prefix Sum,2025-01-12,test,False,0,,,,,,,0,https://leetcode.com/problems/longest-special-path
3426,manhattan-distances-of-all-arrangements-of-pieces,Hard,Math; Combinatorics,2025-01-12,test,False,0,,,,,,,0,https://leetcode.com/problems/manhattan-distances-of-all-arrangements-of-pieces
3427,sum-of-variable-length-subarrays,Easy,Array; Prefix Sum,2025-01-19,test,False,0,,,,,,,0,https://leetcode.com/problems/sum-of-variable-length-subarrays
3428,maximum-and-minimum-sums-of-at-most-size-k-subsequences,Medium,Array; Math; Dynamic Programming; Combinatorics; Sorting,2025-01-19,test,False,0,,,,,,,0,https://leetcode.com/problems/maximum-and-minimum-sums-of-at-most-size-k-subsequences
3429,paint-house-iv,Medium,Array; Dynamic Programming,2025-01-19,test,False,0,,,,,,,0,https://leetcode.com/problems/paint-house-iv
3431,minimum-unlocked-indices-to-sort-nums,Medium,Array; Hash Table,2025-01-19,test,False,0,,,,,,,0,https://leetcode.com/problems/minimum-unlocked-indices-to-sort-nums
3432,count-partitions-with-even-sum-difference,Easy,Array; Math; Prefix Sum,2025-01-26,test,False,0,,,,,,,0,https://leetcode.com/problems/count-partitions-with-even-sum-difference
3433,count-mentions-per-user,Medium,Array; Math; Sorting; Simulation,2025-01-26,test,False,0,,,,,,,0,https://leetcode.com/problems/count-mentions-per-user
3434,maximum-frequency-after-subarray-operation,Medium,Greedy; Array; Hash Table; Dynamic Programming; Enumeration; Prefix Sum,2025-01-26,test,False,0,,,,,,,0,https://leetcode.com/problems/maximum-frequency-after-subarray-operation
3435,frequencies-of-shortest-supersequences,Hard,Bit Manipulation; Graph; Topological Sort; Array; String; Enumeration,2025-01-26,test,False,0,,,,,,,0,https://leetcode.com/problems/frequencies-of-shortest-supersequences
3437,permutations-iii,Medium,Array; Backtracking,2025-01-26,test,False,0,,,,,,,0,https://leetcode.com/problems/permutations-iii
3438,find-valid-pair-of-adjacent-digits-in-string,Easy,Hash Table; String; Counting,2025-01-26,test,False,0,,,,,,,0,https://leetcode.com/problems/find-valid-pair-of-adjacent-digits-in-string
3439,reschedule-meetings-for-maximum-free-time-i,Medium,Greedy; Array; Sliding Window,2025-01-26,test,False,0,,,,,,,0,https://leetcode.com/problems/reschedule-meetings-for-maximum-free-time-i
3440,reschedule-meetings-for-maximum-free-time-ii,Medium,Greedy; Array; Enumeration,2025-01-26,test,False,0,,,,,,,0,https://leetcode.com/problems/reschedule-meetings-for-maximum-free-time-ii
3441,minimum-cost-good-caption,Hard,String; Dynamic Programming,2025-01-26,test,False,0,,,,,,,0,https://leetcode.com/problems/minimum-cost-good-caption
3442,maximum-difference-between-even-and-odd-frequency-i,Easy,Hash Table; String; Counting,2025-02-02,test,False,0,,,,,,,0,https://leetcode.com/problems/maximum-difference-between-even-and-odd-frequency-i
3443,maximum-manhattan-distance-after-k-changes,Medium,Hash Table; Math; String; Counting,2025-02-02,test,False,0,,,,,,,0,https://leetcode.com/problems/maximum-manhattan-distance-after-k-changes
3444,minimum-increments-for-target-multiples-in-an-array,Hard,Bit Manipulation; Array; Math; Dynamic Programming; Bitmask; Number Theory,2025-02-02,test,False,0,,,,,,,0,https://leetcode.com/problems/minimum-increments-for-target-multiples-in-an-array
3445,maximum-difference-between-even-and-odd-frequency-ii,Hard,String; Enumeration; Prefix Sum; Sliding Window,2025-02-02,test,False,0,,,,,,,0,https://leetcode.com/problems/maximum-difference-between-even-and-odd-frequency-ii
3446,sort-matrix-by-diagonals,Medium,Array; Matrix; Sorting,2025-02-09,test,False,0,,,,,,,0,https://leetcode.com/problems/sort-matrix-by-diagonals
3447,assign-elements-to-groups-with-constraints,Medium,Array; Hash Table,2025-02-09,test,False,0,,,,,,,0,https://leetcode.com/problems/assign-elements-to-groups-with-constraints
3448,count-substrings-divisible-by-last-digit,Hard,String; Dynamic Programming,2025-02-09,test,False,0,,,,,,,0,https://leetcode.com/problems/count-substrings-divisible-by-last-digit
3449,maximize-the-minimum-game-score,Hard,Greedy; Array; Binary Search,2025-02-09,test,False,0,,,,,,,0,https://leetcode.com/problems/maximize-the-minimum-game-score
3450,maximum-students-on-a-single-bench,Easy,Array; Hash Table,2025-02-09,test,False,0,,,,,,,0,https://leetcode.com/problems/maximum-students-on-a-single-bench
3452,sum-of-good-numbers,Easy,Array,2025-02-09,test,False,0,,,,,,,0,https://leetcode.com/problems/sum-of-good-numbers
3453,separate-squares-i,Medium,Array; Binary Search,2025-02-09,test,False,0,,,,,,,0,https://leetcode.com/problems/separate-squares-i
3454,separate-squares-ii,Hard,Segment Tree; Array; Binary Search; Line Sweep,2025-02-09,test,False,0,,,,,,,0,https://leetcode.com/problems/separate-squares-ii
3455,shortest-matching-substring,Hard,Two Pointers; String; Binary Search; String Matching,2025-02-09,test,False,0,,,,,,,0,https://leetcode.com/problems/shortest-matching-substring
3456,find-special-substring-of-length-k,Easy,String,2025-02-16,test,False,0,,,,,,,0,https://leetcode.com/problems/find-special-substring-of-length-k
3457,eat-pizzas,Medium,Greedy; Array; Sorting,2025-02-16,test,False,0,,,,,,,0,https://leetcode.com/problems/eat-pizzas
3458,select-k-disjoint-special-substrings,Medium,Greedy; Hash Table; String; Dynamic Programming; Sorting,2025-02-16,test,False,0,,,,,,,0,https://leetcode.com/problems/select-k-disjoint-special-substrings
3459,length-of-longest-v-shaped-diagonal-segment,Hard,Memoization; Array; Dynamic Programming; Matrix,2025-02-16,test,False,0,,,,,,,0,https://leetcode.com/problems/length-of-longest-v-shaped-diagonal-segment
3460,longest-common-prefix-after-at-most-one-removal,Medium,Two Pointers; String,2025-02-16,test,False,0,,,,,,,0,https://leetcode.com/problems/longest-common-prefix-after-at-most-one-removal
3461,check-if-digits-are-equal-in-string-after-operations-i,Easy,Math; String; Combinatorics; Number Theory; Simulation,2025-02-23,test,False,0,,,,,,,0,https://leetcode.com/problems/check-if-digits-are-equal-in-string-after-operations-i
3462,maximum-sum-with-at-most-k-elements,Medium,Greedy; Array; Matrix; Sorting; Heap (Priority Queue),2025-02-23,test,False,0,,,,,,,0,https://leetcode.com/problems/maximum-sum-with-at-most-k-elements
3463,check-if-digits-are-equal-in-string-after-operations-ii,Hard,Math; String; Combinatorics; Number Theory,2025-02-23,test,False,0,,,,,,,0,https://leetcode.com/problems/check-if-digits-are-equal-in-string-after-operations-ii
3464,maximize-the-distance-between-points-on-a-square,Hard,Greedy; Array; Binary Search,2025-02-23,test,False,0,,,,,,,0,https://leetcode.com/problems/maximize-the-distance-between-points-on-a-square
3466,maximum-coin-collection,Medium,Array; Dynamic Programming,2025-02-23,test,False,0,,,,,,,0,https://leetcode.com/problems/maximum-coin-collection
3467,transform-array-by-parity,Easy,Array; Counting; Sorting,2025-02-23,test,False,0,,,,,,,0,https://leetcode.com/problems/transform-array-by-parity
3468,find-the-number-of-copy-arrays,Medium,Array; Math,2025-02-23,test,False,0,,,,,,,0,https://leetcode.com/problems/find-the-number-of-copy-arrays
3469,find-minimum-cost-to-remove-array-elements,Medium,,2025-02-23,test,False,0,,,,,,,0,https://leetcode.com/problems/find-minimum-cost-to-remove-array-elements
3470,permutations-iv,Hard,Array; Math; Combinatorics; Enumeration,2025-02-23,test,False,0,,,,,,,0,https://leetcode.com/problems/permutations-iv
3471,find-the-largest-almost-missing-integer,Easy,Array; Hash Table,2025-03-02,test,False,0,,,,,,,0,https://leetcode.com/problems/find-the-largest-almost-missing-integer
3472,longest-palindromic-subsequence-after-at-most-k-operations,Medium,String; Dynamic Programming,2025-03-02,test,False,0,,,,,,,0,https://leetcode.com/problems/longest-palindromic-subsequence-after-at-most-k-operations
3473,sum-of-k-subarrays-with-length-at-least-m,Medium,Array; Dynamic Programming; Prefix Sum,2025-03-02,test,False,0,,,,,,,0,https://leetcode.com/problems/sum-of-k-subarrays-with-length-at-least-m
3474,lexicographically-smallest-generated-string,Hard,Greedy; String; String Matching,2025-03-02,test,False,0,,,,,,,0,https://leetcode.com/problems/lexicographically-smallest-generated-string
3476,maximize-profit-from-task-assignment,Medium,Greedy; Array; Sorting; Heap (Priority Queue),2025-03-02,test,False,0,,,,,,,0,https://leetcode.com/problems/maximize-profit-from-task-assignment
3477,fruits-into-baskets-ii,Easy,Segment Tree; Array; Binary Search; Simulation,2025-03-09,test,False,0,,,,,,,0,https://leetcode.com/problems/fruits-into-baskets-ii
3478,choose-k-elements-with-maximum-sum,Medium,Array; Sorting; Heap (Priority Queue),2025-03-09,test,False,0,,,,,,,0,https://leetcode.com/problems/choose-k-elements-with-maximum-sum
3479,fruits-into-baskets-iii,Medium,Segment Tree; Array; Binary Search; Ordered Set,2025-03-09,test,False,0,,,,,,,0,https://leetcode.com/problems/fruits-into-baskets-iii
3480,maximize-subarrays-after-removing-one-conflicting-pair,Hard,Segment Tree; Array; Enumeration; Prefix Sum,2025-03-09,test,False,0,,,,,,,0,https://leetcode.com/problems/maximize-subarrays-after-removing-one-conflicting-pair
3481,apply-substitutions,Medium,Depth-First Search; Breadth-First Search; Graph; Topological Sort; Array; Hash Table; String,2025-03-09,test,False,0,,,,,,,0,https://leetcode.com/problems/apply-substitutions
3483,unique-3-digit-even-numbers,Easy,Recursion; Array; Hash Table; Enumeration,2025-03-09,test,False,0,,,,,,,0,https://leetcode.com/problems/unique-3-digit-even-numbers
3485,longest-common-prefix-of-k-strings-after-removal,Hard,Trie; Array; String,2025-03-09,test,False,0,,,,,,,0,https://leetcode.com/problems/longest-common-prefix-of-k-strings-after-removal
3486,longest-special-path-ii,Hard,Tree; Depth-First Search; Array; Hash Table; Prefix Sum,2025-03-09,test,False,0,,,,,,,0,https://leetcode.com/problems/longest-special-path-ii
3487,maximum-unique-subarray-sum-after-deletion,Easy,Greedy; Array; Hash Table,2025-03-16,test,False,0,,,,,,,0,https://leetcode.com/problems/maximum-unique-subarray-sum-after-deletion
3488,closest-equal-element-queries,Medium,Array; Hash Table; Binary Search,2025-03-16,test,False,0,,,,,,,0,https://leetcode.com/problems/closest-equal-element-queries
3489,zero-array-transformation-iv,Medium,Array; Dynamic Programming,2025-03-16,test,False,0,,,,,,,0,https://leetcode.com/problems/zero-array-transformation-iv
3490,count-beautiful-numbers,Hard,Dynamic Programming,2025-03-16,test,False,0,,,,,,,0,https://leetcode.com/problems/count-beautiful-numbers
3491,phone-number-prefix,Easy,Trie; Array; String; Sorting,2025-03-16,test,False,0,,,,,,,0,https://leetcode.com/problems/phone-number-prefix
3492,maximum-containers-on-a-ship,Easy,Math,2025-03-23,test,False,0,,,,,,,0,https://leetcode.com/problems/maximum-containers-on-a-ship
3493,properties-graph,Medium,Depth-First Search; Breadth-First Search; Union Find; Graph; Array; Hash Table,2025-03-23,test,False,0,,,,,,,0,https://leetcode.com/problems/properties-graph
3494,find-the-minimum-amount-of-time-to-brew-potions,Medium,Array; Prefix Sum; Simulation,2025-03-23,test,False,0,,,,,,,0,https://leetcode.com/problems/find-the-minimum-amount-of-time-to-brew-potions
3495,minimum-operations-to-make-array-elements-zero,Hard,Bit Manipulation; Array; Math,2025-03-23,test,False,0,,,,,,,0,https://leetcode.com/problems/minimum-operations-to-make-array-elements-zero
3496,maximize-score-after-pair-deletions,Medium,,2025-03-23,test,False,0,,,,,,,0,https://leetcode.com/problems/maximize-score-after-pair-deletions
3498,reverse-degree-of-a-string,Easy,,2025-03-23,test,False,0,,,,,,,0,https://leetcode.com/problems/reverse-degree-of-a-string
3499,maximize-active-section-with-trade-i,Medium,,2025-03-23,test,False,0,,,,,,,0,https://leetcode.com/problems/maximize-active-section-with-trade-i
3500,minimum-cost-to-divide-array-into-subarrays,Hard,,2025-03-23,test,False,0,,,,,,,0,https://leetcode.com/problems/minimum-cost-to-divide-array-into-subarrays
3501,maximize-active-section-with-trade-ii,Hard,,2025-03-23,test,False,0,,,,,,,0,https://leetcode.com/problems/maximize-active-section-with-trade-ii
3502,minimum-cost-to-reach-every-position,Easy,,2025-03-30,test,False,0,,,,,,,0,https://leetcode.com/problems/minimum-cost-to-reach-every-position
3503,longest-palindrome-after-substring-concatenation-i,Medium,,2025-03-30,test,False,0,,,,,,,0,https://leetcode.com/problems/longest-palindrome-after-substring-concatenation-i
3504,longest-palindrome-after-substring-concatenation-ii,Hard,,2025-03-30,test,False,0,,,,,,,0,https://leetcode.com/problems/longest-palindrome-after-substring-concatenation-ii
3505,minimum-operations-to-make-elements-within-k-subarrays-equal,Hard,,2025-03-30,test,False,0,,,,,,,0,https://leetcode.com/problems/minimum-operations-to-make-elements-within-k-subarrays-equal
